language,domain,record_id,text,target_subtask,structure,source_count,vas,opinions,categories
eng,laptop,laptop_quad_dev_34,pros : lightweight and looks nice .,2,"[None, 'pros']",2,"[[6.88, 6.88], [7.0, 7.0]]",['pros'],"['LAPTOP#GENERAL', 'LAPTOP#PORTABILITY']"
eng,laptop,laptop_quad_test_75,"what they lack in size , they make up for in raw speed , durability , and energy efficiency .",2,"[None, None]",2,"[[5.9, 6.3], [6.8, 6.7]]",['NULL'],"['LAPTOP#DESIGN_FEATURES', 'LAPTOP#OPERATION_PERFORMANCE']"
eng,laptop,laptop_quad_test_313,i am in love with how light and speedy it is .,2,"[None, 'love']",2,"[[6.88, 6.75], [7.0, 6.75]]",['love'],"['LAPTOP#DESIGN_FEATURES', 'LAPTOP#OPERATION_PERFORMANCE']"
eng,laptop,laptop_quad_test_596,good performance for the price and my intention as the support for my family was to have everyone on these with a spare to deal with ones that break down .,2,"[None, 'good']",2,"[[6.88, 6.88], [7.0, 7.0]]",['good'],"['LAPTOP#OPERATION_PERFORMANCE', 'LAPTOP#PRICE']"
eng,laptop,laptop_quad_test_598,the reason why i ' m giving this laptop a two star is because overall i think the quality of it is good especially for the price .,2,"['laptop', 'good']",2,"[[6.5, 6.62], [6.62, 6.75]]",['good'],"['LAPTOP#PRICE', 'LAPTOP#QUALITY']"
eng,laptop,laptop_quad_test_728,i love this chromebook .,2,"['chromebook', 'love']",3,"[[6.83, 6.83], [7.0, 7.0], [7.17, 7.17]]",['love'],['LAPTOP#GENERAL']
eng,laptop,laptop_quad_test_779,"great computer , especially for the price .",2,"['computer', 'great']",2,"[[7.33, 7.0], [7.33, 7.17]]",['great'],"['LAPTOP#GENERAL', 'LAPTOP#PRICE']"
eng,laptop,laptop_quad_test_812,"it ' s a clean , mean , lean , machine .",2,"['machine', 'clean']",2,"[[6.67, 6.67], [7.17, 7.17]]",['clean'],['LAPTOP#DESIGN_FEATURES']
eng,laptop,laptop_quad_train_101,it appears the adapter may still be good as there are a few sparks when plugging into power but the charging light on the laptop does not come on and the battery is not charging .,2,"['charging light', None]",2,"[[4.67, 4.33], [4.83, 5.17]]",['NULL'],"['HARDWARE#OPERATION_PERFORMANCE', 'HARDWARE#QUALITY']"
eng,laptop,laptop_quad_train_232,this laptop is the best for the price in my opinion .,2,"['laptop', 'best']",2,"[[7.25, 7.38], [7.38, 7.5]]",['best'],"['LAPTOP#GENERAL', 'LAPTOP#PRICE']"
eng,laptop,laptop_quad_train_363,"this is completely different , feels solid , looks great , operates like a great samsung chromebook should , and for $ 169 , you just can ' t go wrong .",2,"['samsung chromebook', 'great']",2,"[[7.5, 7.25], [7.5, 7.5]]",['great'],"['LAPTOP#DESIGN_FEATURES', 'LAPTOP#GENERAL']"
eng,laptop,laptop_quad_train_458,great little computer .,2,"['computer', 'great']",2,"[[7.25, 7.25], [7.38, 7.5]]",['great'],['LAPTOP#GENERAL']
eng,laptop,laptop_quad_train_563,great product and price,2,"['product', 'great']",2,"[[7.0, 7.0], [7.17, 7.17]]",['great'],"['LAPTOP#GENERAL', 'LAPTOP#PRICE']"
eng,laptop,laptop_quad_train_572,love love love this laptop !,2,"['laptop', 'love']",2,"[[7.5, 7.83], [7.67, 8.0]]",['love'],['LAPTOP#GENERAL']
eng,laptop,laptop_quad_train_629,purchased as a mothers day gift but i ' ve come to respect the quality and performance of lenovo .,2,"['lenovo', 'respect']",2,"[[7.67, 7.83], [7.83, 8.0]]",['respect'],"['LAPTOP#OPERATION_PERFORMANCE', 'LAPTOP#QUALITY']"
eng,laptop,laptop_quad_train_1127,great deal on a great computer !,2,"['computer', None]",2,"[[7.33, 7.33], [7.67, 7.83]]",['NULL'],['LAPTOP#GENERAL']
eng,laptop,laptop_quad_train_1132,but the mac looked and worked great .,2,"['mac', 'great']",2,"[[7.5, 7.67], [7.67, 7.83]]",['great'],"['LAPTOP#DESIGN_FEATURES', 'LAPTOP#OPERATION_PERFORMANCE']"
eng,laptop,laptop_quad_train_1187,i love this computer .,2,"['computer', 'love']",2,"[[6.75, 6.38], [6.88, 6.5]]",['love'],['LAPTOP#GENERAL']
eng,laptop,laptop_quad_train_1436,"i ' m still using chrome for almost all native google apps , however , since chrome tabs / apps simply work better / faster / easier than their android counterparts .",2,"['chrome tabs / apps', 'better']",2,"[[7.67, 7.83], [7.67, 8.0]]",['better'],"['SOFTWARE#OPERATION_PERFORMANCE', 'SOFTWARE#USABILITY']"
eng,laptop,laptop_quad_train_1470,"i also decided that despite the advantages of the asus , i can not live with the sharp edges and middling volume .",2,"['asus', None]",2,"[[4.5, 4.88], [4.75, 4.88]]",['NULL'],"['LAPTOP#DESIGN_FEATURES', 'LAPTOP#GENERAL']"
eng,laptop,laptop_quad_train_1519,"the bluetooth on it drops connections on a regular basis and the wifi is slow , slow , slow to connect on a regular basis .",2,"['wifi', 'slow']",2,"[[3.17, 6.83], [3.33, 6.67]]",['slow'],['PORTS#OPERATION_PERFORMANCE']
eng,laptop,laptop_quad_train_1661,"after 3 weeks using this flip , i am quite happy with its performance , design .",2,"['flip', 'quite happy']",2,"[[6.83, 7.17], [7.0, 7.17]]",['quite happy'],"['LAPTOP#DESIGN_FEATURES', 'LAPTOP#OPERATION_PERFORMANCE']"
eng,laptop,laptop_quad_train_1798,"this computer is fast , as the specs would have you believe , but i ' ve only had it about a week , and it has already crashed so bad once that i had to do a factory reset on it ( though , to be fair , the computer made the reboot super easy , so that was nice ) .",2,"['computer', 'super easy']",2,"[[6.0, 6.0], [6.33, 6.33]]",['super easy'],"['LAPTOP#DESIGN_FEATURES', 'LAPTOP#OPERATION_PERFORMANCE']"
eng,laptop,laptop_quad_train_1967,this computer functions very well as a gaming laptop for the price .,2,"['computer', 'very well']",2,"[[7.0, 6.88], [7.12, 7.0]]",['very well'],"['LAPTOP#OPERATION_PERFORMANCE', 'LAPTOP#PRICE']"
eng,laptop,laptop_quad_train_1967,this computer functions very well as a gaming laptop for the price .,2,"['gaming laptop', 'very well']",2,"[[7.12, 7.12], [7.25, 7.25]]",['very well'],"['LAPTOP#OPERATION_PERFORMANCE', 'LAPTOP#PRICE']"
eng,laptop,laptop_quad_train_2072,"pros : streamlined and simple ; easy to use overall ; easy to find / delete pics & files ; good price ; looks nice from the outside , with the lid down ; good 14 ` ` screen size that ' s surprisingly hard to find",2,"[None, None]",2,"[[5.5, 5.5], [5.75, 5.5]]",['NULL'],"['DISPLAY#GENERAL', 'LAPTOP#USABILITY']"
eng,laptop,laptop_quad_train_2497,"despite the minor case marks , i can heartily recommend this chromebook based on features , design , and operation .",2,"['chromebook', 'recommend']",2,"[[7.75, 7.88], [7.88, 8.0]]",['recommend'],"['LAPTOP#DESIGN_FEATURES', 'LAPTOP#OPERATION_PERFORMANCE']"
eng,laptop,laptop_quad_train_2573,"i love , love , love this computer .",2,"['computer', 'love']",2,"[[7.33, 7.5], [7.5, 7.67]]",['love'],['LAPTOP#GENERAL']
eng,laptop,laptop_quad_train_2624,"i have a lot of asus products and am happy with their service and quality of product , and this is no exception .",2,"['asus products', 'happy']",2,"[[7.12, 7.25], [7.25, 7.38]]",['happy'],['LAPTOP#QUALITY']
eng,laptop,laptop_quad_train_2658,"a fantastic product , with an aluminum frame , touchscreen , and high definition ; high resolution screen ; you can ' t beat this .",2,"['touchscreen', None]",2,"[[6.38, 6.62], [6.5, 6.62]]",['NULL'],"['DISPLAY#GENERAL', 'LAPTOP#GENERAL']"
eng,laptop,laptop_quad_train_2781,"love how fast it is , love that it can do everything i ' ve asked it to do so far in the two weeks i ' ve owned it , and i love how compact and easy it is to carry around .",2,"[None, 'love']",2,"[[7.5, 7.5], [7.75, 7.5]]",['love'],['LAPTOP#OPERATION_PERFORMANCE']
eng,laptop,laptop_quad_dev_9,the keyboard is stiff and unresponsive to my typing at times .,1,['keyboard'],2,"[[3.83, 6.33], [3.83, 6.5]]","['stiff', 'unresponsive']",['KEYBOARD#QUALITY']
eng,laptop,laptop_quad_dev_23,external speakers were decent sounding until right one gave away and now is heavily distorted at even mid vol .,1,['external speakers'],2,"[[5.33, 5.17], [6.67, 6.5]]","['NULL', 'decent']",['MULTIMEDIA_DEVICES#GENERAL']
eng,laptop,laptop_quad_dev_25,keyboard is decent with good travel .,1,['keyboard'],2,"[[6.38, 6.38], [6.5, 6.38]]","['decent', 'good']",['KEYBOARD#PORTABILITY']
eng,laptop,laptop_quad_dev_34,pros : lightweight and looks nice .,1,[None],4,"[[6.88, 6.88], [6.88, 7.0], [7.0, 7.0], [7.12, 7.12]]","['lightweight', 'nice', 'pros']","['LAPTOP#GENERAL', 'LAPTOP#PORTABILITY']"
eng,laptop,laptop_quad_dev_36,"i am so disgusted and disheartened by my dealings with asus support , it ' s hard to believe .",1,['asus support'],2,"[[2.12, 7.62], [2.25, 7.5]]","['disheartened', 'so disgusted']",['SUPPORT#QUALITY']
eng,laptop,laptop_quad_dev_61,"- the battery life is excellent ( i get 6 - 8 hours of normal university student usage out of it ) and even when i ' m using it , it charges as fast as my phone .",1,['battery life'],2,"[[7.33, 7.5], [7.83, 7.83]]","['excellent', 'fast']",['BATTERY#OPERATION_PERFORMANCE']
eng,laptop,laptop_quad_dev_69,"a great chromebook at a very reasonable price , includes the google play store .",1,['chromebook'],2,"[[7.0, 7.25], [7.38, 7.5]]","['great', 'very reasonable']","['LAPTOP#GENERAL', 'LAPTOP#PRICE']"
eng,laptop,laptop_quad_dev_71,"this is a functional laptop , perfect for work and casual internet browsing .",1,['laptop'],2,"[[7.33, 7.33], [8.0, 7.83]]","['functional', 'perfect']",['LAPTOP#OPERATION_PERFORMANCE']
eng,laptop,laptop_quad_dev_79,the chromebook was packaged well and we saw no defects ( ours was used ) .,1,['chromebook'],2,"[[6.5, 6.5], [7.25, 7.12]]","['no defects', 'well']",['SHIPPING#QUALITY']
eng,laptop,laptop_quad_dev_81,"the battery life is incredible and literally lasts all day , not to mention it charges to 100 % in about an hour and a half .",1,['battery life'],2,"[[6.5, 6.5], [7.75, 7.75]]","['NULL', 'incredible']","['BATTERY#OPERATION_PERFORMANCE', 'POWER_SUPPLY#OPERATION_PERFORMANCE']"
eng,laptop,laptop_quad_dev_86,excellent laptop good speed on uploads and download .,1,['laptop'],2,"[[6.83, 7.0], [8.17, 8.33]]","['excellent', 'good']","['LAPTOP#GENERAL', 'LAPTOP#OPERATION_PERFORMANCE']"
eng,laptop,laptop_quad_dev_90,light thin best price power laptop,1,['laptop'],3,"[[6.38, 6.12], [6.5, 6.25], [6.88, 6.38]]","['best', 'light', 'thin']","['LAPTOP#DESIGN_FEATURES', 'LAPTOP#PRICE']"
eng,laptop,laptop_quad_dev_93,"overall , this was a good buy and i still love my purchase nonetheless .",1,[None],2,"[[7.17, 6.83], [7.33, 7.33]]","['good', 'still love']",['LAPTOP#GENERAL']
eng,laptop,laptop_quad_dev_96,i have always loved loved the kindles .,1,['kindles'],2,"[[7.38, 7.25], [8.12, 8.0]]","['NULL', 'always loved']",['LAPTOP#GENERAL']
eng,laptop,laptop_quad_dev_97,my only complaint is that the mouse keypad is a little big .,1,['mouse keypad'],2,"[[3.75, 6.0], [3.88, 6.0]]","['a little big', 'complaint']",['MOUSE#DESIGN_FEATURES']
eng,laptop,laptop_quad_dev_105,"it has a full size keyboard , a number pad , a camera , and great big screen !",1,['screen'],2,"[[8.17, 8.0], [8.17, 8.17]]","['big', 'great']",['DISPLAY#DESIGN_FEATURES']
eng,laptop,laptop_quad_dev_113,"so android is fun for tablet features , but its like embedding an android inside , without letting android apps out to utilize the full abilities of the chromium system .",1,['android'],2,"[[5.33, 5.17], [6.83, 6.83]]","['NULL', 'fun']",['OS#GENERAL']
eng,laptop,laptop_quad_dev_117,which is really sad because in the time i could actually use the chromebook i absolutely loved it .,1,['chromebook'],2,"[[4.0, 6.5], [7.12, 7.0]]","['absolutely loved', 'really sad']",['LAPTOP#GENERAL']
eng,laptop,laptop_quad_dev_120,another expensive & poorly executed samsung product .,1,['samsung product'],2,"[[1.88, 8.12], [2.12, 7.88]]","['expensive', 'poorly']","['LAPTOP#OPERATION_PERFORMANCE', 'LAPTOP#PRICE']"
eng,laptop,laptop_quad_dev_124,"for home users , these cheap machines fit many use cases from casual browsing and two - screening , to watching videos and calling family .",1,['machines'],2,"[[5.75, 5.25], [6.5, 5.5]]","['NULL', 'cheap']","['LAPTOP#OPERATION_PERFORMANCE', 'LAPTOP#PRICE']"
eng,laptop,laptop_quad_dev_126,"the processor on this chromebook is one of the best you can get on a chromebook at this price ( i did plenty of research ) , but you start to notice a lag when you have more than 3 browsers open at once .",1,['processor'],2,"[[5.5, 4.5], [8.0, 7.67]]","['NULL', 'best']","['CPU#OPERATION_PERFORMANCE', 'CPU#PRICE']"
eng,laptop,laptop_quad_dev_129,i was pleasantly surprised at how good it is .,1,[None],2,"[[7.67, 7.67], [7.67, 7.83]]","['good', 'pleasantly']",['LAPTOP#GENERAL']
eng,laptop,laptop_quad_dev_131,i was extremely hesitant to buy a used macbook pro ( it ' s still a lot of money ) but so far am surprisingly pleased with it .,1,['macbook pro'],2,"[[6.0, 5.83], [7.33, 7.5]]","['extremely hesitant', 'surprisingly pleased']",['LAPTOP#GENERAL']
eng,laptop,laptop_quad_dev_145,"neat and sleek build , great display and very nice os",1,['build'],2,"[[7.0, 7.17], [7.17, 7.33]]","['neat', 'sleek']",['LAPTOP#DESIGN_FEATURES']
eng,laptop,laptop_quad_dev_156,it arrived on time and in excellent condition and my hubby has been happily using it now for several weeks with no problems .,1,[None],2,"[[7.88, 7.88], [8.12, 8.0]]","['excellent', 'happily']","['LAPTOP#GENERAL', 'SHIPPING#GENERAL']"
eng,laptop,laptop_quad_dev_195,i feel like i bought a decent machine but it ' s unable to handle the ram workload .,1,['machine'],2,"[[4.0, 6.25], [6.25, 6.12]]","['NULL', 'decent']","['LAPTOP#GENERAL', 'LAPTOP#OPERATION_PERFORMANCE']"
eng,laptop,laptop_quad_dev_209,"i went through two of them , both came with sharp edges that made them dangerous and uncomfortable to use .",1,[None],2,"[[2.5, 7.17], [2.67, 7.0]]","['dangerous', 'uncomfortable']",['LAPTOP#DESIGN_FEATURES']
eng,laptop,laptop_quad_dev_212,"first , the factory default driver configuration of this thing is unstable , which makes installing a correct configuration more difficult .",1,['factory default driver'],2,"[[2.75, 7.5], [2.88, 5.75]]","['more difficult', 'unstable']",['SOFTWARE#OPERATION_PERFORMANCE']
eng,laptop,laptop_quad_dev_217,"monitor screen is ok , sometimes the contrast is poor but looks better in games .",1,['contrast'],2,"[[3.62, 4.62], [6.0, 6.0]]","['better', 'poor']",['DISPLAY#OPERATION_PERFORMANCE']
eng,laptop,laptop_quad_dev_232,"battery charger is super tiny and lightweight , which is an additional advantage vs the 1 lb brick that you have to lug around with the ux501vw .",1,['battery charger'],2,"[[6.5, 6.5], [6.62, 6.62]]","['lightweight', 'super tiny']",['POWER_SUPPLY#DESIGN_FEATURES']
eng,laptop,laptop_quad_dev_233,"i just opened it earlier today and my initial impressions is that it is very attractive and very sturdy feeling and i love the screen which non reflective , it ' s very nice not looking into a reflective glossy screen for a change .",1,[None],2,"[[6.83, 7.17], [7.0, 7.17]]","['very attractive', 'very sturdy']",['LAPTOP#GENERAL']
eng,laptop,laptop_quad_dev_239,"it ' s light weight , sleek , the screen resolution is great and it runs very well for everyday use .",1,[None],3,"[[6.83, 7.0], [7.17, 7.33], [7.5, 7.5]]","['light', 'sleek', 'very well']","['LAPTOP#DESIGN_FEATURES', 'LAPTOP#OPERATION_PERFORMANCE']"
eng,laptop,laptop_quad_dev_243,this has been a very light convenient laptop for me .,1,['laptop'],2,"[[7.0, 7.12], [7.62, 7.75]]","['convenient', 'very light']","['LAPTOP#DESIGN_FEATURES', 'LAPTOP#USABILITY']"
eng,laptop,laptop_quad_dev_245,"this little vivo had the speed / storage that we need , the materials feel substantial instead of cheap .",1,['materials'],2,"[[6.88, 6.88], [6.88, 7.0]]","['instead of cheap', 'substantial']",['LAPTOP#QUALITY']
eng,laptop,laptop_quad_dev_248,love the form factor and the light weight as i often use my laptop while laying down .,1,['my laptop'],2,"[[7.33, 7.5], [7.33, 7.67]]","['light', 'love']",['LAPTOP#DESIGN_FEATURES']
eng,laptop,laptop_quad_dev_258,"( good ) as for the laptop ( when it worked , and i mean for the whole 30 minutes ) it was extremely fast .",1,['laptop'],2,"[[6.83, 7.0], [7.83, 7.67]]","['extremely fast', 'good']","['LAPTOP#GENERAL', 'LAPTOP#OPERATION_PERFORMANCE']"
eng,laptop,laptop_quad_dev_271,- sleek and nice texture on lid,1,['lid'],2,"[[7.0, 7.25], [7.38, 7.5]]","['nice', 'sleek']",['LAPTOP#DESIGN_FEATURES']
eng,laptop,laptop_quad_dev_281,a big part of this device is its gorgeous aesthetic .,1,['device'],2,"[[7.83, 8.0], [8.0, 8.17]]","['aesthetic', 'gorgeous']",['LAPTOP#DESIGN_FEATURES']
eng,laptop,laptop_quad_dev_282,this is a great device and the $ 450 asking price seems fair .,1,['device'],2,"[[6.5, 6.5], [7.33, 7.17]]","['fair', 'great']","['LAPTOP#GENERAL', 'LAPTOP#PRICE']"
eng,laptop,laptop_quad_dev_284,i ' m usually peaked with ram ( ~ 95 % ) which is good because it ' s better used than not used .,1,['ram'],2,"[[6.75, 7.25], [7.0, 7.5]]","['better', 'good']",['MEMORY#OPERATION_PERFORMANCE']
eng,laptop,laptop_quad_dev_285,but it is a bit big and heavy .,1,[None],2,"[[4.0, 5.25], [4.12, 5.25]]","['a bit big', 'heavy']",['LAPTOP#DESIGN_FEATURES']
eng,laptop,laptop_quad_dev_299,"setup was fast and easy , but then again i ' ve been a gmail / gcal / gdocs purist for a while now .",1,['setup'],2,"[[7.38, 7.5], [7.5, 7.75]]","['easy', 'fast']",['LAPTOP#USABILITY']
eng,laptop,laptop_quad_dev_313,"the speakers are super clear and get loud enough , but obviously lack bass .",1,['speakers'],3,"[[6.5, 6.38], [7.5, 7.5], [7.5, 7.62]]","['NULL', 'loud', 'super clear']",['MULTIMEDIA_DEVICES#OPERATION_PERFORMANCE']
eng,laptop,laptop_quad_dev_317,overall i like its slim design and feather light - weight alone with well equipped spec that can meet my daily work environment .,1,['design'],3,"[[6.88, 6.88], [7.0, 7.0], [7.12, 7.25]]","['light - weight', 'like', 'slim']",['LAPTOP#DESIGN_FEATURES']
eng,laptop,laptop_quad_dev_318,"i ' m four months into owning this lean , mean , little machine .",1,['machine'],2,"[[7.5, 7.83], [7.67, 8.0]]","['lean', 'mean']",['LAPTOP#DESIGN_FEATURES']
eng,laptop,laptop_quad_dev_322,it works perfectly and feels very tight but it is something i noticed .,1,[None],2,"[[7.0, 7.0], [7.83, 8.0]]","['perfectly', 'very tight']",['LAPTOP#OPERATION_PERFORMANCE']
eng,laptop,laptop_quad_test_7,hopefully in 10 years they ' ll have this figured out and it won ' t suck so badly .,1,[None],2,"[[2.0, 6.12], [2.33, 6.0]]","['so badly', 'suck']",['LAPTOP#GENERAL']
eng,laptop,laptop_quad_test_11,"it is glitchy , and barely usable .",1,[None],2,"[[2.88, 6.38], [3.12, 6.12]]","['barely usable', 'glitchy']",['HARDWARE#OPERATION_PERFORMANCE']
eng,laptop,laptop_quad_test_47,crazy keypad : this issue is even worse .,1,['keypad'],2,"[[2.5, 7.4], [2.7, 7.2]]","['crazy', 'even worse']",['KEYBOARD#GENERAL']
eng,laptop,laptop_quad_test_51,"i like the speed , the processor the hybrid storage units ( 128ssd and 1tera ) , but the web cam sucks , really poor resolution and the keyboard doesn ' t have the numerical part and the caps lock or num lock don ' t have any light or guide to help you .",1,['web cam'],2,"[[2.75, 7.75], [3.0, 8.0]]","['really poor', 'sucks']",['HARDWARE#OPERATION_PERFORMANCE']
eng,laptop,laptop_quad_test_59,"it ' s still a mainly functional computer , but using it is just not the greatest .",1,['computer'],2,"[[4.0, 5.17], [6.5, 6.0]]","['just not the greatest', 'mainly functional']",['LAPTOP#GENERAL']
eng,laptop,laptop_quad_test_75,"what they lack in size , they make up for in raw speed , durability , and energy efficiency .",1,[None],2,"[[5.9, 6.3], [6.8, 6.7]]",['NULL'],"['LAPTOP#DESIGN_FEATURES', 'LAPTOP#OPERATION_PERFORMANCE']"
eng,laptop,laptop_quad_test_76,+ decent quantity of available ports,1,['ports'],2,"[[6.75, 7.0], [6.88, 7.12]]","['available', 'decent']",['PORTS#QUALITY']
eng,laptop,laptop_quad_test_89,"it ' s not fancy , but it ' s good value and fast and trouble - free .",1,[None],4,"[[4.83, 5.5], [6.33, 6.33], [6.83, 6.83]]","['fast', 'good', 'not fancy', 'trouble - free']","['LAPTOP#DESIGN_FEATURES', 'LAPTOP#OPERATION_PERFORMANCE']"
eng,laptop,laptop_quad_test_99,"screen is decent , not great , it is matte finished .",1,['screen'],2,"[[5.25, 6.12], [6.25, 6.38]]","['decent', 'not great']",['DISPLAY#DESIGN_FEATURES']
eng,laptop,laptop_quad_test_101,it ' s a lot of good for a comparatively cheap price .,1,[None],2,"[[6.62, 6.62], [6.62, 6.75]]","['a lot of good', 'comparatively cheap']",['LAPTOP#PRICE']
eng,laptop,laptop_quad_test_103,this thing boots up super quick and it sleek and beautiful .,1,[None],2,"[[7.67, 7.83], [7.83, 8.17]]","['beautiful', 'sleek']",['LAPTOP#DESIGN_FEATURES']
eng,laptop,laptop_quad_test_105,"i would highly recommend this to anyone , but especially to someone wanting something that is affordable , easy to use and just a bit more than a tablet .",1,[None],2,"[[7.17, 7.5], [7.33, 7.67]]","['affordable', 'easy']","['LAPTOP#PRICE', 'LAPTOP#USABILITY']"
eng,laptop,laptop_quad_test_122,great price for a good book used for college students who carry all day,1,['book'],2,"[[7.38, 7.25], [7.62, 7.62]]","['good', 'great']","['LAPTOP#GENERAL', 'LAPTOP#PRICE']"
eng,laptop,laptop_quad_test_131,"however , still 5 stars as you get what you pay for : a cheap , decently rugged , light weight notebook to kick around and tinker with .",1,['notebook'],3,"[[6.12, 6.5], [6.62, 6.75], [6.62, 6.88]]","['cheap', 'decently', 'light']","['LAPTOP#DESIGN_FEATURES', 'LAPTOP#PRICE']"
eng,laptop,laptop_quad_test_146,"the display is crisp and bright , setup literally takes under a minute , its fast , cheap , charges fast , lasts forever .",1,['setup'],2,"[[7.5, 7.5], [7.67, 7.67]]","['cheap', 'fast']",['OS#OPERATION_PERFORMANCE']
eng,laptop,laptop_quad_test_149,"it is taking me a while to get used to the small , tight keyboard .",1,['keyboard'],2,"[[5.83, 6.33], [6.0, 6.83]]","['small', 'tight']",['KEYBOARD#DESIGN_FEATURES']
eng,laptop,laptop_quad_test_157,excellent laptop at a reasonable price .,1,['laptop'],2,"[[7.83, 8.17], [8.0, 8.33]]","['excellent', 'reasonable']","['LAPTOP#GENERAL', 'LAPTOP#PRICE']"
eng,laptop,laptop_quad_test_164,"it is fast enough for what we do , and it has all the features we needed for less .",1,[None],2,"[[5.5, 5.25], [6.88, 6.62]]","['NULL', 'fast']","['LAPTOP#GENERAL', 'LAPTOP#OPERATION_PERFORMANCE']"
eng,laptop,laptop_quad_test_169,"great performance , quiet and cool processor .",1,['processor'],3,"[[7.33, 7.67], [7.5, 7.67]]","['cool', 'great', 'quiet']","['CPU#GENERAL', 'LAPTOP#OPERATION_PERFORMANCE']"
eng,laptop,laptop_quad_test_174,laptop booted right up and the set up waa super easy .,1,['laptop'],2,"[[6.83, 6.5], [7.67, 7.5]]","['NULL', 'super easy']","['LAPTOP#OPERATION_PERFORMANCE', 'LAPTOP#USABILITY']"
eng,laptop,laptop_quad_test_176,"it ' s a very good lappy and i ' m happy with it , because it can still get all i need to do , done .",1,['lappy'],2,"[[6.83, 7.0], [7.0, 7.33]]","['happy', 'very good']",['LAPTOP#GENERAL']
eng,laptop,laptop_quad_test_177,"nice and thin , light , surprised it has a dvd player in it .",1,[None],4,"[[7.17, 7.33], [7.5, 7.33], [7.5, 7.5]]","['light', 'nice', 'surprised', 'thin']","['LAPTOP#DESIGN_FEATURES', 'LAPTOP#GENERAL']"
eng,laptop,laptop_quad_test_198,i love how sleek and thin it is .,1,[None],3,"[[6.62, 6.62], [6.75, 6.75], [7.25, 7.25]]","['love', 'sleek', 'thin']",['LAPTOP#DESIGN_FEATURES']
eng,laptop,laptop_quad_test_215,"great computer , setup was fast and easy .",1,['setup'],2,"[[7.25, 7.25], [7.38, 7.5]]","['easy', 'fast']",['LAPTOP#USABILITY']
eng,laptop,laptop_quad_test_224,"it was fine for a solid two days , from there on it has been nonstop , reset to factory settings .",1,[None],3,"[[5.0, 5.0], [7.0, 6.5], [7.0, 7.0]]","['NULL', 'fine', 'solid']",['LAPTOP#OPERATION_PERFORMANCE']
eng,laptop,laptop_quad_test_232,"gorgeous screen , small profile , lightweight , built in stylus , i could go on and on about how awesome this thing was .",1,['profile'],2,"[[6.83, 7.0], [7.0, 7.0]]","['lightweight', 'small']",['LAPTOP#DESIGN_FEATURES']
eng,laptop,laptop_quad_test_253,"it has a nice , oversize trackpad that - like pretty much all chromebooks - is responsive and a pleasure to use .",1,['trackpad'],4,"[[6.5, 6.5], [6.67, 6.67], [7.0, 7.33], [7.67, 7.5]]","['nice', 'oversize', 'pleasure', 'responsive']","['KEYBOARD#DESIGN_FEATURES', 'KEYBOARD#OPERATION_PERFORMANCE']"
eng,laptop,laptop_quad_test_255,"this unit not only has a nice aluminum shell ( which is very attractive ) , but it also has a decent keyboard , with much better tactile properties than any chromebooks i ' ve looked at in the past .",1,['aluminum shell'],2,"[[6.62, 6.5], [7.12, 7.0]]","['nice', 'very attractive']",['LAPTOP#DESIGN_FEATURES']
eng,laptop,laptop_quad_test_255,"this unit not only has a nice aluminum shell ( which is very attractive ) , but it also has a decent keyboard , with much better tactile properties than any chromebooks i ' ve looked at in the past .",1,['keyboard'],2,"[[6.75, 6.62], [6.75, 6.75]]","['decent', 'much better']",['LAPTOP#DESIGN_FEATURES']
eng,laptop,laptop_quad_test_268,"this is a solid , well - balanced design .",1,['design'],2,"[[7.62, 7.38], [7.88, 7.38]]","['solid', 'well - balanced']",['LAPTOP#DESIGN_FEATURES']
eng,laptop,laptop_quad_test_291,very sharp screen and good viewing angles .,1,['screen'],2,"[[6.88, 6.88], [7.38, 7.5]]","['good', 'very sharp']",['DISPLAY#GENERAL']
eng,laptop,laptop_quad_test_297,this thing is fast and efficient .,1,[None],2,"[[7.33, 7.67], [7.5, 7.83]]","['efficient', 'fast']",['LAPTOP#OPERATION_PERFORMANCE']
eng,laptop,laptop_quad_test_309,"- laptop is sleek and dare i say , sexy",1,['laptop'],2,"[[7.25, 7.5], [7.5, 7.5]]","['sexy', 'sleek']",['LAPTOP#DESIGN_FEATURES']
eng,laptop,laptop_quad_test_313,i am in love with how light and speedy it is .,1,[None],4,"[[6.75, 6.75], [6.88, 6.75], [6.88, 6.88], [7.0, 6.75]]","['light', 'love', 'speedy']","['LAPTOP#DESIGN_FEATURES', 'LAPTOP#OPERATION_PERFORMANCE']"
eng,laptop,laptop_quad_test_321,"it is thinner , and lighter .",1,[None],2,"[[7.25, 7.25], [7.38, 7.5]]","['lighter', 'thinner']",['LAPTOP#DESIGN_FEATURES']
eng,laptop,laptop_quad_test_351,"it arrived in great condition , and it ' s been working perfectly for me since i got it .",1,[None],2,"[[7.33, 7.67], [7.5, 7.83]]","['great', 'perfectly']",['LAPTOP#OPERATION_PERFORMANCE']
eng,laptop,laptop_quad_test_358,- speakers are a little tinny ( though the volume is awesome ) and it ' s not possible to customize the equalizer on the chrome os right now : (,1,['speakers'],2,"[[4.5, 6.0], [8.0, 7.5]]","['a little tinny', 'awesome']","['MULTIMEDIA_DEVICES#DESIGN_FEATURES', 'MULTIMEDIA_DEVICES#QUALITY']"
eng,laptop,laptop_quad_test_364,"the touchscreen looks good and is responsive , and the keyboard is nice .",1,['touchscreen'],2,"[[6.83, 7.17], [7.67, 8.0]]","['good', 'responsive']","['DISPLAY#GENERAL', 'DISPLAY#OPERATION_PERFORMANCE']"
eng,laptop,laptop_quad_test_371,one plus i ' m particularly happy about : a quiet fan - less device that doesn ' t heat up too much !,1,['fan - less device'],2,"[[6.88, 6.5], [7.0, 6.62]]","['particularly happy', 'quiet']",['FANS_COOLING#QUALITY']
eng,laptop,laptop_quad_test_379,"but currently i am happy with it , the battery is ok , and its very aesthetically pleasing .",1,[None],3,"[[6.12, 6.0], [6.75, 6.62], [7.0, 6.88]]","['happy', 'pleasing', 'very aesthetically']","['LAPTOP#DESIGN_FEATURES', 'LAPTOP#GENERAL']"
eng,laptop,laptop_quad_test_397,my daughter loves it and it will be a great tool to help her through nursing school .,1,[None],2,"[[7.67, 7.83], [7.83, 8.0]]","['great', 'loves']",['LAPTOP#GENERAL']
eng,laptop,laptop_quad_test_406,"bright enough for all uses , and 1080p is perfect - images are sharp .",1,['1080p'],2,"[[7.17, 7.17], [7.5, 7.33]]","['bright', 'perfect']",['DISPLAY#QUALITY']
eng,laptop,laptop_quad_test_428,"the laptop was great , lightweight , booted fast , simple to use .",1,['laptop'],4,"[[6.67, 6.83], [7.17, 7.17], [7.17, 7.33], [7.5, 7.67]]","['fast', 'great', 'lightweight', 'simple']","['LAPTOP#DESIGN_FEATURES', 'LAPTOP#GENERAL', 'LAPTOP#OPERATION_PERFORMANCE', 'LAPTOP#USABILITY']"
eng,laptop,laptop_quad_test_431,things were fine until the unit stopped charging .,1,[None],2,"[[5.0, 5.0], [7.0, 7.0]]","['NULL', 'fine']","['LAPTOP#OPERATION_PERFORMANCE', 'POWER_SUPPLY#OPERATION_PERFORMANCE']"
eng,laptop,laptop_quad_test_435,"it is a beautiful , well built laptop .",1,['laptop'],2,"[[7.0, 7.25], [7.38, 7.5]]","['beautiful', 'well']",['LAPTOP#DESIGN_FEATURES']
eng,laptop,laptop_quad_test_436,that ' s nutty for an expensive premium product .,1,['product'],2,"[[2.38, 7.38], [3.38, 6.5]]","['expensive', 'nutty']","['LAPTOP#OPERATION_PERFORMANCE', 'LAPTOP#PRICE']"
eng,laptop,laptop_quad_test_438,i seriously love the product but i may have to return it .,1,['product'],2,"[[4.33, 5.67], [8.17, 8.17]]","['NULL', 'love']",['LAPTOP#GENERAL']
eng,laptop,laptop_quad_test_447,"product is sturdy , lightweight , fast , and the battery runtime was as advertised !",1,['product'],3,"[[7.25, 7.5], [7.5, 7.5]]","['fast', 'lightweight', 'sturdy']","['LAPTOP#DESIGN_FEATURES', 'LAPTOP#OPERATION_PERFORMANCE']"
eng,laptop,laptop_quad_test_459,"a great chromebook , but stopped charging in 3 months .",1,['chromebook'],2,"[[5.0, 4.5], [7.25, 7.25]]","['NULL', 'great']","['LAPTOP#GENERAL', 'LAPTOP#OPERATION_PERFORMANCE']"
eng,laptop,laptop_quad_test_461,"chromebooks are cool , but they dont last at all .",1,['chromebooks'],2,"[[4.17, 4.83], [6.67, 6.5]]","['NULL', 'cool']","['LAPTOP#DESIGN_FEATURES', 'LAPTOP#OPERATION_PERFORMANCE']"
eng,laptop,laptop_quad_test_462,hey this machine is extremely useable and functionable .,1,['machine'],2,"[[7.33, 7.5], [7.5, 7.83]]","['extremely useable', 'functionable']","['LAPTOP#OPERATION_PERFORMANCE', 'LAPTOP#USABILITY']"
eng,laptop,laptop_quad_test_483,the top metal monitor casing seems to be soft and bendable .,1,['top metal monitor casing'],2,"[[4.5, 4.5], [4.88, 5.38]]","['bendable', 'soft']",['HARDWARE#DESIGN_FEATURES']
eng,laptop,laptop_quad_test_488,i find the chromium os to be very limiting and would not recommend it over a cheap windows pc .,1,['windows pc'],2,"[[3.5, 5.5], [4.0, 5.5]]","['cheap', 'not recommend']",['LAPTOP#PRICE']
eng,laptop,laptop_quad_test_491,1 - faulty trackpad resulting in jerky erratic cursor movement relative to the smooth movement of your finger .,1,['trackpad'],3,"[[3.0, 6.88], [3.12, 6.75], [3.25, 6.5]]","['erratic', 'faulty', 'jerky']",['KEYBOARD#OPERATION_PERFORMANCE']
eng,laptop,laptop_quad_test_493,"however , if you want a really speedy chromebook , it ' s great .",1,['chromebook'],2,"[[7.0, 7.0], [7.5, 7.33]]","['great', 'really speedy']",['LAPTOP#OPERATION_PERFORMANCE']
eng,laptop,laptop_quad_test_507,the sound is really terrible and tinny .,1,['sound'],2,"[[2.62, 6.0], [2.62, 7.5]]","['really terrible', 'tinny']",['MULTIMEDIA_DEVICES#OPERATION_PERFORMANCE']
eng,laptop,laptop_quad_test_510,i ' ve always liked msi for their performance and fairly decent price .,1,['msi'],2,"[[6.33, 6.5], [6.83, 6.83]]","['always liked', 'fairly decent']","['LAPTOP#OPERATION_PERFORMANCE', 'LAPTOP#PRICE']"
eng,laptop,laptop_quad_test_533,"now i feel bad buying this for my child , as this laptop seem to have a solid rating elsewhere .",1,['laptop'],2,"[[3.62, 6.12], [5.88, 5.88]]","['bad', 'solid']",['LAPTOP#GENERAL']
eng,laptop,laptop_quad_test_540,"it does have a nice screen that is very bright , decent viewing angle and ok for contrast .",1,['screen'],4,"[[5.67, 5.5], [6.67, 6.33], [7.5, 7.33], [7.5, 7.5]]","['decent', 'nice', 'ok', 'very bright']",['DISPLAY#GENERAL']
eng,laptop,laptop_quad_test_541,the keyboard is very nice and very responsive .,1,['keyboard'],2,"[[7.33, 7.17], [7.33, 7.33]]","['very nice', 'very responsive']",['KEYBOARD#OPERATION_PERFORMANCE']
eng,laptop,laptop_quad_test_547,"used as bought , it is an ok laptop , but not great ( probably a 3 star value ) .",1,['laptop'],2,"[[5.33, 5.5], [5.83, 5.5]]","['not great', 'ok']",['LAPTOP#GENERAL']
eng,laptop,laptop_quad_test_552,"i paid $ 500 for a 15 ` ` notebook with 8gb ram , latest i5 - 8250u cpu with reasonable weight and its quite extendable , i am happy for this deal .",1,[None],2,"[[7.33, 7.67], [7.5, 7.83]]","['happy', 'quite extendable']",['LAPTOP#DESIGN_FEATURES']
eng,laptop,laptop_quad_test_555,very nice looking laptop for the money .,1,['laptop'],2,"[[5.25, 5.0], [7.25, 7.5]]","['NULL', 'very nice looking']","['LAPTOP#DESIGN_FEATURES', 'LAPTOP#PRICE']"
eng,laptop,laptop_quad_test_562,very good laptop if you want something lightweight for everyday browsing .,1,['laptop'],2,"[[7.38, 7.5], [7.5, 7.62]]","['lightweight', 'very good']",['LAPTOP#DESIGN_FEATURES']
eng,laptop,laptop_quad_test_571,cheaply made plastic but performance is well worth the trade for a $ 500 laptop .,1,[None],3,"[[4.88, 6.12], [6.5, 6.38], [6.88, 7.0]]","['cheaply made', 'well', 'worth']","['LAPTOP#OPERATION_PERFORMANCE', 'LAPTOP#QUALITY']"
eng,laptop,laptop_quad_test_574,"i do like the screen on this , images are clean and crisp , enjoying the 4 gigs of ram which allow me to have a few more tab open .",1,['screen'],3,"[[6.67, 6.67], [7.0, 7.17], [7.17, 7.33]]","['clean', 'crisp', 'like']",['DISPLAY#GENERAL']
eng,laptop,laptop_quad_test_579,i want to love this laptop because it is so lightweight and sleek .,1,['laptop'],3,"[[5.88, 6.0], [6.62, 6.75], [6.62, 6.88]]","['love', 'sleek', 'so lightweight']",['LAPTOP#DESIGN_FEATURES']
eng,laptop,laptop_quad_test_585,they keyboard felt responsive and was a good size .,1,['keyboard'],2,"[[7.25, 7.5], [7.75, 8.0]]","['good', 'responsive']","['KEYBOARD#DESIGN_FEATURES', 'KEYBOARD#OPERATION_PERFORMANCE']"
eng,laptop,laptop_quad_test_593,"my acer aspire e 15 worked great for a day , and then shut off by itself .",1,['acer aspire'],2,"[[4.0, 5.33], [6.5, 6.33]]","['NULL', 'great']",['LAPTOP#GENERAL']
eng,laptop,laptop_quad_test_596,good performance for the price and my intention as the support for my family was to have everyone on these with a spare to deal with ones that break down .,1,[None],2,"[[6.88, 6.88], [7.0, 7.0]]",['good'],"['LAPTOP#OPERATION_PERFORMANCE', 'LAPTOP#PRICE']"
eng,laptop,laptop_quad_test_598,the reason why i ' m giving this laptop a two star is because overall i think the quality of it is good especially for the price .,1,['laptop'],2,"[[6.5, 6.62], [6.62, 6.75]]",['good'],"['LAPTOP#PRICE', 'LAPTOP#QUALITY']"
eng,laptop,laptop_quad_test_607,"also , i hate the keyboard - it feels really cheap .",1,['keyboard'],2,"[[3.25, 6.75], [3.5, 6.75]]","['hate', 'really cheap']",['KEYBOARD#GENERAL']
eng,laptop,laptop_quad_test_608,overall the laptop is cheap and flimsy .,1,['laptop'],2,"[[5.67, 6.33], [5.83, 6.5]]","['cheap', 'flimsy']","['LAPTOP#PRICE', 'LAPTOP#QUALITY']"
eng,laptop,laptop_quad_test_620,"the computer itself is actually quite fast with the ssd and processor , so my experience there so far has been good .",1,['computer'],2,"[[7.33, 7.5], [7.83, 8.0]]","['actually quite fast', 'good']","['LAPTOP#GENERAL', 'LAPTOP#OPERATION_PERFORMANCE']"
eng,laptop,laptop_quad_test_647,"it just crashed , dead .",1,[None],2,"[[3.0, 7.5], [3.17, 7.17]]","['dead', 'just crashed']",['LAPTOP#OPERATION_PERFORMANCE']
eng,laptop,laptop_quad_test_654,everything else is very good and i am satisfied,1,[None],2,"[[6.75, 7.0], [7.38, 7.5]]","['satisfied', 'very good']",['LAPTOP#GENERAL']
eng,laptop,laptop_quad_test_662,"poor touch pad , it get stuck .",1,['touch pad'],2,"[[3.67, 7.0], [3.83, 6.67]]","['poor', 'stuck']",['HARDWARE#GENERAL']
eng,laptop,laptop_quad_test_664,"- user interfaces that are tight , responsive",1,['user interfaces'],2,"[[6.17, 6.0], [6.83, 6.67]]","['responsive', 'tight']",['OS#OPERATION_PERFORMANCE']
eng,laptop,laptop_quad_test_665,"all and all , it ' s a light weight , but very robust development stack , that also has the added convenience of cloud9 ' s collaboration features wherein multiple developers can be writing code in even the same file simultaneously .",1,[None],2,"[[7.75, 8.25], [8.0, 8.25]]","['light', 'very robust']","['OS#DESIGN_FEATURES', 'OS#OPERATION_PERFORMANCE']"
eng,laptop,laptop_quad_test_669,it ' s really seamless and smooth to move back and forth and makes experimenting with different linux configs and environments effortless .,1,['linux configs'],3,"[[7.67, 7.5], [7.83, 7.67]]","['effortless', 'really seamless', 'smooth']",['OS#OPERATION_PERFORMANCE']
eng,laptop,laptop_quad_test_669,it ' s really seamless and smooth to move back and forth and makes experimenting with different linux configs and environments effortless .,1,['environments'],3,"[[7.67, 7.5], [7.83, 7.67]]","['effortless', 'really seamless', 'smooth']",['OS#OPERATION_PERFORMANCE']
eng,laptop,laptop_quad_test_670,"you won ' t be disappointed with this great little machine how ever you end up using it , and that versatility is what really makes this machine such a fun and valuable computer .",1,['machine'],2,"[[7.0, 7.33], [7.17, 7.5]]","[""' t be disappointed"", 'great']",['LAPTOP#GENERAL']
eng,laptop,laptop_quad_test_670,"you won ' t be disappointed with this great little machine how ever you end up using it , and that versatility is what really makes this machine such a fun and valuable computer .",1,[None],2,"[[7.33, 7.83], [7.67, 8.0]]","['fun', 'valuable']",['LAPTOP#GENERAL']
eng,laptop,laptop_quad_test_670,"you won ' t be disappointed with this great little machine how ever you end up using it , and that versatility is what really makes this machine such a fun and valuable computer .",1,['computer'],2,"[[7.5, 7.83], [7.67, 8.0]]","['fun', 'valuable']",['LAPTOP#GENERAL']
eng,laptop,laptop_quad_test_671,"for ~ $ 15 you can get a nice , fitted anti - glare screen protector that reduces the fingerprint / glare problems and gives you some piece of mind about protecting that gorgeous screen .",1,['screen protector'],2,"[[6.83, 7.0], [7.0, 7.0]]","['fitted', 'nice']",['DISPLAY#OPERATION_PERFORMANCE']
eng,laptop,laptop_quad_test_674,"for instance , the android youtube app doesn ' t work well at all because it ' s very inconvenient to get videos into full - screen mode .",1,['android youtube app'],2,"[[3.25, 6.25], [3.5, 6.0]]","[""' t work well"", 'very inconvenient']",['SOFTWARE#OPERATION_PERFORMANCE']
eng,laptop,laptop_quad_test_676,so i ' m very happy and relieved to see it working excellently on the c302 .,1,['c302'],2,"[[7.5, 7.5], [8.0, 7.67]]","['NULL', 'excellently']",['LAPTOP#OPERATION_PERFORMANCE']
eng,laptop,laptop_quad_test_680,it ' s a nice smooth surface so no tension when gliding across it .,1,['surface'],2,"[[7.38, 7.62], [7.5, 7.75]]","['nice', 'smooth']",['LAPTOP#DESIGN_FEATURES']
eng,laptop,laptop_quad_test_687,- the screen has great contrast and is glossy and sharp,1,['screen'],3,"[[7.33, 7.67], [7.5, 7.67], [7.5, 7.83]]","['glossy', 'great', 'sharp']",['DISPLAY#OPERATION_PERFORMANCE']
eng,laptop,laptop_quad_test_696,"- nice , bright screen ( touchscreen , too ! )",1,['screen'],2,"[[7.17, 7.33], [7.33, 7.67]]","['bright', 'nice']",['DISPLAY#DESIGN_FEATURES']
eng,laptop,laptop_quad_test_696,"- nice , bright screen ( touchscreen , too ! )",1,['touchscreen'],2,"[[7.17, 7.5], [7.67, 7.67]]","['bright', 'nice']",['DISPLAY#DESIGN_FEATURES']
eng,laptop,laptop_quad_test_698,this is a very cleverly designed and fast machine .,1,['machine'],2,"[[7.67, 7.83], [7.83, 8.0]]","['fast', 'very cleverly']","['LAPTOP#DESIGN_FEATURES', 'LAPTOP#OPERATION_PERFORMANCE']"
eng,laptop,laptop_quad_test_705,"overall , i am extremely impressed with this chromebook and would highly recommend this to others .",1,['chromebook'],2,"[[7.67, 7.83], [7.83, 8.17]]","['extremely impressed', 'highly recommend']",['LAPTOP#GENERAL']
eng,laptop,laptop_quad_test_709,"i found the display to be very vibrant , with excellent pixel density .",1,['display'],2,"[[7.67, 7.67], [7.83, 7.83]]","['excellent', 'very vibrant']",['DISPLAY#DESIGN_FEATURES']
eng,laptop,laptop_quad_test_716,"the sound is rich and plenty loud enough , but it won ' t replace your music system .",1,['sound'],2,"[[7.17, 7.33], [7.5, 7.5]]","['loud', 'rich']",['MULTIMEDIA_DEVICES#OPERATION_PERFORMANCE']
eng,laptop,laptop_quad_test_719,the speaker sound is ok but not great .,1,['speaker sound'],2,"[[4.62, 5.38], [5.75, 5.62]]","['not great', 'ok']",['MULTIMEDIA_DEVICES#GENERAL']
eng,laptop,laptop_quad_test_720,i really do love this chromebook because it provides a large amount of utility and is perfect for a university setting and environment .,1,['chromebook'],2,"[[7.83, 7.83], [8.33, 8.33]]","['love', 'perfect']",['LAPTOP#GENERAL']
eng,laptop,laptop_quad_test_723,the device is so sturdy and clean looking it is a pleasure to hold in my hands .,1,['device'],3,"[[7.33, 7.33], [7.33, 7.5], [7.83, 7.67]]","['clean', 'pleasure', 'so sturdy']",['LAPTOP#DESIGN_FEATURES']
eng,laptop,laptop_quad_test_724,the touchscreen is very responsive and works great in tablet mode .,1,['touchscreen'],2,"[[7.83, 8.0], [8.17, 8.33]]","['great', 'very responsive']",['DISPLAY#OPERATION_PERFORMANCE']
eng,laptop,laptop_quad_test_728,i love this chromebook .,1,['chromebook'],3,"[[6.83, 6.83], [7.0, 7.0], [7.17, 7.17]]",['love'],['LAPTOP#GENERAL']
eng,laptop,laptop_quad_test_735,"the keyboard is often - praised , but i don ' t find it particularly spectacular .",1,['keyboard'],2,"[[4.33, 5.67], [6.67, 6.33]]","[""' t find it particularly spectacular"", 'praised']",['KEYBOARD#GENERAL']
eng,laptop,laptop_quad_test_736,"it is very light , and it seems surprisingly sturdy .",1,[None],2,"[[7.5, 7.83], [7.5, 8.0]]","['surprisingly sturdy', 'very light']",['LAPTOP#DESIGN_FEATURES']
eng,laptop,laptop_quad_test_739,the screen is clear and bright and the system doesn ' t lag unless i have a large number of tabs open .,1,['screen'],2,"[[6.33, 6.0], [6.33, 6.17]]","['bright', 'clear']",['DISPLAY#DESIGN_FEATURES']
eng,laptop,laptop_quad_test_741,battery last incredibly long .,1,['battery'],2,"[[7.62, 7.62], [7.75, 7.75]]","['incredibly', 'incredibly long']",['BATTERY#OPERATION_PERFORMANCE']
eng,laptop,laptop_quad_test_748,i plugged in regular headphones and it was horribly low - very unenjoyable to listen to music this way .,1,['headphones'],3,"[[3.17, 6.67], [3.33, 6.67], [3.83, 6.17]]","['horribly', 'low', 'very unenjoyable']",['MULTIMEDIA_DEVICES#OPERATION_PERFORMANCE']
eng,laptop,laptop_quad_test_751,perfect size to use in bed and nice and bright .,1,['size'],3,"[[7.0, 7.17], [7.17, 7.33], [7.33, 7.67]]","['bright', 'nice', 'perfect']",['LAPTOP#DESIGN_FEATURES']
eng,laptop,laptop_quad_test_753,it ' s super thin and super light .,1,[None],2,"[[7.5, 7.62], [7.62, 7.75]]","['super light', 'super thin']",['LAPTOP#DESIGN_FEATURES']
eng,laptop,laptop_quad_test_755,it is very light in weight but feels quite durable and strong .,1,[None],3,"[[7.0, 7.17], [7.5, 7.5], [7.67, 7.67]]","['quite durable', 'strong', 'very light']","['LAPTOP#DESIGN_FEATURES', 'LAPTOP#OPERATION_PERFORMANCE']"
eng,laptop,laptop_quad_test_756,the picture quality is very good and the book itself is responsive and fast .,1,['book'],2,"[[6.75, 6.88], [6.88, 6.88]]","['fast', 'responsive']",['LAPTOP#OPERATION_PERFORMANCE']
eng,laptop,laptop_quad_test_761,it ' s very light and sitting on the couch typing this is comfortable .,1,[None],2,"[[7.25, 7.25], [7.38, 7.38]]","['comfortable', 'very light']","['LAPTOP#DESIGN_FEATURES', 'LAPTOP#USABILITY']"
eng,laptop,laptop_quad_test_768,"the asus chromebook flip 302ca is smooth , fast and incredibly well engineered and built .",1,['asus chromebook flip 302ca'],4,"[[7.5, 7.5], [7.75, 7.75], [8.0, 8.25]]","['fast', 'incredibly', 'smooth', 'well']","['LAPTOP#DESIGN_FEATURES', 'LAPTOP#OPERATION_PERFORMANCE']"
eng,laptop,laptop_quad_test_779,"great computer , especially for the price .",1,['computer'],2,"[[7.33, 7.0], [7.33, 7.17]]",['great'],"['LAPTOP#GENERAL', 'LAPTOP#PRICE']"
eng,laptop,laptop_quad_test_783,"i really love the laptop , it is exactly what i wanted and expected in the price range and i ' m super happy with it !",1,['laptop'],2,"[[6.62, 6.62], [6.88, 6.75]]","['really love', 'super happy']","['LAPTOP#GENERAL', 'LAPTOP#PRICE']"
eng,laptop,laptop_quad_test_785,the wifi connectivity is strong and consistent in my experience .,1,['wifi connectivity'],2,"[[7.5, 7.5], [7.5, 7.62]]","['consistent', 'strong']",['PORTS#OPERATION_PERFORMANCE']
eng,laptop,laptop_quad_test_786,the only thing i didn ' t like is the screen isn ' t bright enough and the speakers aren ' t louder .,1,['screen'],2,"[[3.5, 6.25], [3.62, 6.0]]","[""' t bright"", ""' t like""]",['DISPLAY#OPERATION_PERFORMANCE']
eng,laptop,laptop_quad_test_790,it ' s a bit pricey for a chromebook but worth it right now .,1,[None],2,"[[3.83, 5.33], [6.67, 6.33]]","['a bit pricey', 'worth']","['LAPTOP#GENERAL', 'LAPTOP#PRICE']"
eng,laptop,laptop_quad_test_793,"this is a small , well built product ideal for general usage .",1,['product'],3,"[[6.38, 6.25], [6.75, 6.62], [6.88, 6.88]]","['ideal', 'small', 'well built']",['LAPTOP#DESIGN_FEATURES']
eng,laptop,laptop_quad_test_797,"speaker ' s are ok but not amazing , i do like that they are mounted on the sides so they work well in laptop or tablet mode equally well .",1,['speaker'],2,"[[6.25, 6.5], [6.75, 6.75]]","['NULL', 'well']",['MULTIMEDIA_DEVICES#OPERATION_PERFORMANCE']
eng,laptop,laptop_quad_test_812,"it ' s a clean , mean , lean , machine .",1,['machine'],3,"[[6.33, 6.33], [6.67, 6.67], [7.17, 7.17]]","['clean', 'mean']",['LAPTOP#DESIGN_FEATURES']
eng,laptop,laptop_quad_train_5,"first one that they shipped was obviously defective , super slow and speakers were garbled .",1,[None],2,"[[2.75, 4.62], [2.75, 4.75]]","['obviously defective', 'super slow']",['SHIPPING#GENERAL']
eng,laptop,laptop_quad_train_11,now i ' m really bummed that i have a very nice looking chromebook with a beautiful screen that is totally unusable .,1,['chromebook'],3,"[[3.0, 6.25], [3.25, 6.25], [6.0, 5.75]]","['really bummed', 'totally unusable', 'very nice']","['LAPTOP#DESIGN_FEATURES', 'LAPTOP#OPERATION_PERFORMANCE']"
eng,laptop,laptop_quad_train_12,i just got this thing today & was really excited about it but this has been frustrating & disappointing .,1,[None],2,"[[2.75, 6.5], [2.88, 6.5]]","['disappointing', 'frustrating']",['LAPTOP#GENERAL']
eng,laptop,laptop_quad_train_17,"pro : light , reasonable price , fast .",1,[None],2,"[[6.38, 6.12], [6.62, 6.25]]","['fast', 'light']","['LAPTOP#DESIGN_FEATURES', 'LAPTOP#OPERATION_PERFORMANCE']"
eng,laptop,laptop_quad_train_72,it frequently crashes by displaying a bizarre screen displaying a large number of short horizontal lines and making a loud alarm noise .,1,['screen'],2,"[[2.0, 7.67], [2.5, 7.33]]","['bizarre', 'crashes']",['DISPLAY#OPERATION_PERFORMANCE']
eng,laptop,laptop_quad_train_80,it feels like a tablet / computer for a child since it ' s so bulky and heavy .,1,['tablet'],2,"[[3.75, 5.5], [3.88, 5.38]]","['heavy', 'so bulky']",['LAPTOP#GENERAL']
eng,laptop,laptop_quad_train_80,it feels like a tablet / computer for a child since it ' s so bulky and heavy .,1,['computer'],2,"[[3.5, 5.75], [3.62, 5.62]]","['heavy', 'so bulky']",['LAPTOP#GENERAL']
eng,laptop,laptop_quad_train_92,"to my great dismay and disappointment , the power icon read the exact same message : ` ` plugged in , not charging ` ` .",1,['power icon'],2,"[[2.67, 5.33], [3.0, 7.17]]","['disappointment', 'dismay']",['SOFTWARE#OPERATION_PERFORMANCE']
eng,laptop,laptop_quad_train_94,"am i just unlucky , or was this a bad batch ?",1,[None],2,"[[3.0, 6.75], [3.25, 6.5]]","['bad', 'just unlucky']",['LAPTOP#QUALITY']
eng,laptop,laptop_quad_train_101,it appears the adapter may still be good as there are a few sparks when plugging into power but the charging light on the laptop does not come on and the battery is not charging .,1,['charging light'],2,"[[4.67, 4.33], [4.83, 5.17]]",['NULL'],"['HARDWARE#OPERATION_PERFORMANCE', 'HARDWARE#QUALITY']"
eng,laptop,laptop_quad_train_124,the issue is that i got a faulty laptop and that ' s why the negative review .,1,['laptop'],2,"[[2.17, 7.5], [2.5, 7.17]]","['faulty', 'negative']",['LAPTOP#QUALITY']
eng,laptop,laptop_quad_train_139,"it looks great as design , fast , but this 2 issues make it the worst buy of the past 10 years for me .",1,[None],3,"[[2.75, 4.5], [6.75, 7.0], [7.25, 7.5]]","['fast', 'great', 'worst']","['LAPTOP#DESIGN_FEATURES', 'LAPTOP#GENERAL', 'LAPTOP#OPERATION_PERFORMANCE']"
eng,laptop,laptop_quad_train_140,the keys are easy to type on and the laptop itself is thin yet feels solid and well constructed .,1,['laptop'],2,"[[6.38, 6.38], [6.62, 6.88]]","['solid', 'well constructed']",['LAPTOP#DESIGN_FEATURES']
eng,laptop,laptop_quad_train_141,this is a well constructed and powerful laptop that is perfect for everyday use as well as some otherwise intensive task such as large spreadsheets or presentations .,1,['laptop'],3,"[[7.25, 7.25], [7.75, 7.25], [8.0, 7.5]]","['perfect', 'powerful', 'well constructed']",['LAPTOP#GENERAL']
eng,laptop,laptop_quad_train_146,"i love it at first , but today my laptop wasn ' t not charging any more .",1,['laptop'],2,"[[5.0, 5.0], [7.0, 7.0]]","['NULL', 'love']","['LAPTOP#GENERAL', 'LAPTOP#OPERATION_PERFORMANCE']"
eng,laptop,laptop_quad_train_157,consideration : if you are of average frame and strength then this build will be perfect and the keyboard flex and body is the perfect fit between lightweight and rigidity .,1,['body'],3,"[[6.83, 7.17], [7.17, 7.33], [7.67, 8.0]]","['lightweight', 'perfect', 'rigidity .']",['LAPTOP#DESIGN_FEATURES']
eng,laptop,laptop_quad_train_193,two cons i ' m disappointed about is the battery life and the flimsy keyboard .,1,['keyboard'],2,"[[2.75, 5.62], [2.88, 5.67]]","['cons', 'flimsy']",['KEYBOARD#GENERAL']
eng,laptop,laptop_quad_train_208,this computer arrived fine but will not charge .,1,['computer'],2,"[[6.17, 6.17], [6.5, 6.67]]","['NULL', 'fine']","['LAPTOP#GENERAL', 'LAPTOP#OPERATION_PERFORMANCE']"
eng,laptop,laptop_quad_train_218,"the 8th generation processor and ssd make for a very snappy computer , and the easy upgradablility is helpful now and will be useful in the future .",1,[None],3,"[[7.17, 7.33], [7.33, 7.5], [7.5, 7.67]]","['easy', 'helpful', 'useful']",['LAPTOP#USABILITY']
eng,laptop,laptop_quad_train_221,overall impression : this is a killer laptop for a killer deal !,1,['laptop'],2,"[[7.0, 7.0], [8.12, 8.25]]","['NULL', 'killer']","['LAPTOP#GENERAL', 'LAPTOP#PRICE']"
eng,laptop,laptop_quad_train_232,this laptop is the best for the price in my opinion .,1,['laptop'],2,"[[7.25, 7.38], [7.38, 7.5]]",['best'],"['LAPTOP#GENERAL', 'LAPTOP#PRICE']"
eng,laptop,laptop_quad_train_239,"i highly recommend this laptop for anyone looking for a great performing machine with an outstanding price ( just to be clear , it won ' t be running the newest high - end games on ultra - high graphics settings , but it still performs phenomenally for its price range and usage category ) .",1,['machine'],2,"[[8.0, 8.0], [8.0, 8.5]]","['great', 'outstanding']","['LAPTOP#OPERATION_PERFORMANCE', 'LAPTOP#PRICE']"
eng,laptop,laptop_quad_train_244,"additionally , this has a nice backlight to the keyboard , which will turn off when nothing has been pressed for about 20 seconds ( great for when just watching or reading something ) or can be manually turned off entirely .",1,['keyboard'],2,"[[7.5, 7.67], [7.67, 7.67]]","['great', 'nice']",['KEYBOARD#USABILITY']
eng,laptop,laptop_quad_train_254,"the e15 has a bright , 1080p screen - text is extremely sharp .",1,['screen'],2,"[[7.5, 7.75], [7.75, 8.0]]","['bright', 'extremely sharp']",['DISPLAY#DESIGN_FEATURES']
eng,laptop,laptop_quad_train_273,"the sound quality is ok , and even at full volume isn ' t that loud , but that ' s not a big deal for me .",1,['sound quality'],2,"[[5.62, 6.0], [6.12, 6.0]]","[""' t that loud"", 'ok']",['MULTIMEDIA_DEVICES#QUALITY']
eng,laptop,laptop_quad_train_275,it ' s lightning fast and handles games like skyrim and the witcher 3 surprisingly smoothly for the price i paid .,1,[None],3,"[[5.5, 5.33], [6.67, 6.67], [6.83, 6.67]]","['NULL', 'fast', 'surprisingly smoothly']","['LAPTOP#OPERATION_PERFORMANCE', 'LAPTOP#PRICE']"
eng,laptop,laptop_quad_train_276,superb value for money and powerful performance from this quad core computer .,1,['quad core computer'],2,"[[7.5, 7.17], [7.67, 7.33]]","['powerful', 'superb']","['LAPTOP#OPERATION_PERFORMANCE', 'LAPTOP#PRICE']"
eng,laptop,laptop_quad_train_278,"screen is bright , doesn ' t feel heavy .",1,['screen'],2,"[[7.17, 7.33], [7.33, 7.5]]","[""' t feel heavy"", 'bright']",['DISPLAY#DESIGN_FEATURES']
eng,laptop,laptop_quad_train_287,"my first time with a solid state drive , very nice quick and quiet .",1,['solid state drive'],2,"[[6.38, 6.25], [6.5, 6.38]]","['quiet', 'very nice']",['HARD_DISK#OPERATION_PERFORMANCE']
eng,laptop,laptop_quad_train_290,"the screen is more than sufficient for non - gaming , business use , and it seems as fast as expected .",1,['screen'],2,"[[7.0, 7.25], [7.75, 8.0]]","['fast', 'sufficient']",['DISPLAY#OPERATION_PERFORMANCE']
eng,laptop,laptop_quad_train_292,"anyways , i am a bit sad that the ssd is a bit hidden and with very low memory , especially since i launched it and had to deal with half of it being full of bloatware ( btw , anyone who is looking for playing games on it , remember that the ssd will be faster and better at handling them , not the hard drive , all your programs and games should be installed to the ssd , all your files to the hard drive for those who don ' t know ) of course , with a little luck , that is fixable .",1,['ssd'],2,"[[3.83, 7.0], [6.17, 5.67]]","['a little luck', 'fixable']",['HARD_DISK#DESIGN_FEATURES']
eng,laptop,laptop_quad_train_308,the acer is similar but bigger and heavier .,1,['acer'],2,"[[6.33, 6.5], [7.33, 7.5]]","['bigger', 'heavier']",['LAPTOP#DESIGN_FEATURES']
eng,laptop,laptop_quad_train_310,i bought the 4gb model which will hopefully last me a few years but it ' s nice and snappy now .,1,['4gb model'],3,"[[7.33, 7.67], [7.67, 7.83], [7.83, 8.0]]","['hopefully', 'nice', 'snappy']",['LAPTOP#GENERAL']
eng,laptop,laptop_quad_train_319,chromebooks are light weight and start up immediately and are very easy to use .,1,['chromebooks'],3,"[[5.67, 5.5], [6.33, 6.17], [6.33, 6.33]]","['NULL', 'light', 'very easy']","['LAPTOP#DESIGN_FEATURES', 'LAPTOP#OPERATION_PERFORMANCE', 'LAPTOP#USABILITY']"
eng,laptop,laptop_quad_train_332,the keys are responsive and quiet .,1,['keys'],2,"[[7.67, 7.83], [7.83, 8.0]]","['quiet', 'responsive']",['KEYBOARD#OPERATION_PERFORMANCE']
eng,laptop,laptop_quad_train_339,i ' ve inadvertently had more than a dozen youtube videos playing at the same time and it was sort of noisy but it wasn ' t lagging .,1,[None],2,"[[3.12, 6.88], [5.38, 5.25]]","['NULL', 'sort of noisy']",['LAPTOP#OPERATION_PERFORMANCE']
eng,laptop,laptop_quad_train_341,it holds up to constant use and it ' s really sturdy despite being really slim and lightweight .,1,[None],3,"[[7.33, 7.5], [7.5, 7.67], [7.67, 7.83]]","['lightweight', 'really slim', 'really sturdy']","['LAPTOP#DESIGN_FEATURES', 'LAPTOP#QUALITY']"
eng,laptop,laptop_quad_train_346,"first time chrome os user , very streamlined and easy to use .",1,['chrome os'],2,"[[6.88, 6.88], [7.12, 7.12]]","['easy', 'very streamlined']",['OS#USABILITY']
eng,laptop,laptop_quad_train_357,the 4gb / 32gb version is fast and smooth and has enough storage space for your work documents and e - books for ready access when no internet is available .,1,['4gb / 32gb version'],2,"[[7.67, 7.83], [7.83, 8.17]]","['fast', 'smooth']",['LAPTOP#OPERATION_PERFORMANCE']
eng,laptop,laptop_quad_train_361,"* love * the feel and look of it , no complaints at all , samsung chromebooks are amazing !",1,['samsung chromebooks'],3,"[[6.67, 6.5], [6.67, 6.83], [7.83, 7.67]]","['amazing', 'love', 'no complaints']","['LAPTOP#DESIGN_FEATURES', 'LAPTOP#GENERAL']"
eng,laptop,laptop_quad_train_363,"this is completely different , feels solid , looks great , operates like a great samsung chromebook should , and for $ 169 , you just can ' t go wrong .",1,['samsung chromebook'],4,"[[5.0, 5.0], [7.25, 7.0], [7.5, 7.25], [7.5, 7.5]]","['NULL', 'great', 'solid']","['LAPTOP#DESIGN_FEATURES', 'LAPTOP#GENERAL', 'LAPTOP#OPERATION_PERFORMANCE']"
eng,laptop,laptop_quad_train_381,this laptop is perfect for all my school work and is budget friendly as well !,1,['laptop'],2,"[[7.5, 7.75], [7.75, 8.0]]","['friendly', 'perfect']","['LAPTOP#PRICE', 'LAPTOP#USABILITY']"
eng,laptop,laptop_quad_train_395,they loved them and said they worked perfectly .,1,[None],2,"[[7.25, 7.5], [8.0, 8.12]]","['loved', 'perfectly']","['LAPTOP#GENERAL', 'LAPTOP#OPERATION_PERFORMANCE']"
eng,laptop,laptop_quad_train_399,"battery life is great for reviewing adobe forms and web surfing , pretty good for youtube videos .",1,['battery life'],2,"[[7.0, 7.0], [8.0, 7.67]]","['great', 'pretty good']",['BATTERY#OPERATION_PERFORMANCE']
eng,laptop,laptop_quad_train_401,i was very surprised at how fast it came .,1,[None],2,"[[7.25, 7.38], [7.25, 7.62]]","['fast', 'very surprised']",['SHIPPING#OPERATION_PERFORMANCE']
eng,laptop,laptop_quad_train_409,"although lightweight and less expensive , the lack of sensitivity of the touchpad makes using this with ease kind of frustrating .",1,['touchpad'],3,"[[3.17, 6.5], [6.17, 6.17], [6.33, 6.33]]","['kind of frustrating', 'less expensive', 'lightweight']","['KEYBOARD#OPERATION_PERFORMANCE', 'LAPTOP#PRICE', 'LAPTOP#USABILITY']"
eng,laptop,laptop_quad_train_416,"google docs are getting so good and user friendly who needs office anymore , content accessible anywhere , just takes a little time to get used to but once you realize all the benefits chromebook is a great choice .",1,['google docs'],2,"[[6.83, 6.67], [6.83, 6.83]]","['friendly', 'so good']",['SOFTWARE#OPERATION_PERFORMANCE']
eng,laptop,laptop_quad_train_420,"i find this chrome book is so much easy to use , it start up fast it is light weight ready to carry when traveling .",1,['chrome book'],3,"[[7.25, 7.38], [7.38, 7.38], [7.5, 7.5]]","['fast', 'light', 'so much easy']","['LAPTOP#OPERATION_PERFORMANCE', 'LAPTOP#PORTABILITY', 'LAPTOP#USABILITY']"
eng,laptop,laptop_quad_train_424,it is very helpful and it is very fast .,1,[None],2,"[[7.5, 7.75], [7.62, 7.75]]","['very fast', 'very helpful']","['LAPTOP#GENERAL', 'LAPTOP#OPERATION_PERFORMANCE']"
eng,laptop,laptop_quad_train_433,battery life is excellent and our students love them !,1,['battery life'],2,"[[7.67, 7.83], [8.0, 8.17]]","['excellent', 'love']",['BATTERY#GENERAL']
eng,laptop,laptop_quad_train_443,its is small and lite and the battery dose last long .,1,[None],2,"[[6.17, 5.67], [6.17, 5.83]]","['lite', 'small']",['LAPTOP#DESIGN_FEATURES']
eng,laptop,laptop_quad_train_448,"only used it a short while , but it seems like a sturdy nice little laptop .",1,['laptop'],2,"[[6.88, 6.88], [7.12, 7.12]]","['nice', 'sturdy']","['LAPTOP#GENERAL', 'LAPTOP#QUALITY']"
eng,laptop,laptop_quad_train_449,i bought this for a light user and it seems like the chrome os is going to work well for her - simple and quick .,1,['chrome os'],3,"[[6.88, 7.0], [7.0, 7.38], [7.12, 7.5]]","['quick', 'simple', 'well']",['OS#OPERATION_PERFORMANCE']
eng,laptop,laptop_quad_train_458,great little computer .,1,['computer'],2,"[[7.25, 7.25], [7.38, 7.5]]",['great'],['LAPTOP#GENERAL']
eng,laptop,laptop_quad_train_464,granddaughter so loves it said it ' s the best christmas present ever,1,[None],2,"[[8.0, 8.12], [8.25, 8.38]]","['best', 'so loves']",['LAPTOP#GENERAL']
eng,laptop,laptop_quad_train_475,ca n ' t use itunes and stuff like that but it ' s ok still great .,1,[None],2,"[[5.83, 5.67], [7.0, 7.5]]","['ok', 'still great']",['LAPTOP#GENERAL']
eng,laptop,laptop_quad_train_477,this little computer is very fast and does a great job .,1,['computer'],2,"[[7.62, 7.88], [7.75, 8.0]]","['great', 'very fast']",['LAPTOP#OPERATION_PERFORMANCE']
eng,laptop,laptop_quad_train_492,so easy to use and is not that slow like some say works just fine for casual use .,1,[None],3,"[[6.25, 6.25], [6.75, 6.5], [7.25, 7.25]]","['just fine', 'not that slow', 'so easy']","['LAPTOP#OPERATION_PERFORMANCE', 'LAPTOP#USABILITY']"
eng,laptop,laptop_quad_train_497,"such a good investment , its so useful and works perfectly .",1,[None],3,"[[6.67, 7.0], [7.17, 7.17], [7.83, 7.83]]","['good', 'perfectly', 'so useful']",['LAPTOP#GENERAL']
eng,laptop,laptop_quad_train_498,i woudlnt recommend more than 10 active tabs which slows down some of the functionality but otherwise runs smoothly for students,1,[None],2,"[[6.33, 6.5], [6.83, 6.83]]","['recommend', 'smoothly']",['LAPTOP#OPERATION_PERFORMANCE']
eng,laptop,laptop_quad_train_499,"this device is mainly used for web browsing and pages load quickly , animations are swift and not laggy .",1,['device'],2,"[[7.33, 7.5], [7.5, 7.5]]","['not laggy', 'swift']",['LAPTOP#OPERATION_PERFORMANCE']
eng,laptop,laptop_quad_train_503,this item is excellent and not bad for the price .,1,['item'],2,"[[7.62, 7.75], [8.12, 8.0]]","['excellent', 'not bad']","['LAPTOP#GENERAL', 'LAPTOP#PRICE']"
eng,laptop,laptop_quad_train_507,"the overall durability is a bit suspect but with the price tag , it is essentially a 1 - 2 year investment for school .",1,[None],2,"[[3.67, 6.5], [5.17, 5.17]]","['NULL', 'a bit suspect']","['LAPTOP#OPERATION_PERFORMANCE', 'LAPTOP#PRICE']"
eng,laptop,laptop_quad_train_511,kinda small but good quality !,1,[None],2,"[[5.5, 5.75], [7.0, 7.5]]","['good', 'kinda small']","['LAPTOP#DESIGN_FEATURES', 'LAPTOP#QUALITY']"
eng,laptop,laptop_quad_train_515,great laptop for a good price too !,1,['laptop'],2,"[[6.67, 7.0], [7.33, 7.33]]","['good', 'great']","['LAPTOP#GENERAL', 'LAPTOP#PRICE']"
eng,laptop,laptop_quad_train_516,"great buy , love the smaller size too !",1,[None],2,"[[7.67, 7.5], [8.17, 8.17]]","['great', 'love']",['LAPTOP#GENERAL']
eng,laptop,laptop_quad_train_517,this little computer is awesome and it was so inexpensive for what you get !,1,['computer'],2,"[[7.38, 7.62], [7.62, 7.88]]","['awesome', 'so inexpensive']","['LAPTOP#GENERAL', 'LAPTOP#PRICE']"
eng,laptop,laptop_quad_train_532,it ' s a solid and quality built laptop .,1,['laptop'],2,"[[6.75, 7.0], [7.0, 7.12]]","['quality built', 'solid']",['LAPTOP#QUALITY']
eng,laptop,laptop_quad_train_537,"the case is solid and attractive , the keyboard responsive and comfortable to use ( nice touch with the dedicated number keypad too ! )",1,['case'],2,"[[7.12, 7.38], [7.38, 7.62]]","['attractive', 'solid']",['HARDWARE#GENERAL']
eng,laptop,laptop_quad_train_537,"the case is solid and attractive , the keyboard responsive and comfortable to use ( nice touch with the dedicated number keypad too ! )",1,['keyboard'],2,"[[7.62, 7.88], [7.75, 7.88]]","['comfortable', 'responsive']",['KEYBOARD#QUALITY']
eng,laptop,laptop_quad_train_547,"mem , hdd , screed , dvd drive are all easily accessible and removable .",1,['mem'],2,"[[6.75, 6.62], [6.88, 6.88]]","['easily accessible', 'removable']",['MEMORY#USABILITY']
eng,laptop,laptop_quad_train_547,"mem , hdd , screed , dvd drive are all easily accessible and removable .",1,['hdd'],2,"[[6.75, 6.62], [6.88, 6.88]]","['easily accessible', 'removable']",['HARD_DISK#USABILITY']
eng,laptop,laptop_quad_train_547,"mem , hdd , screed , dvd drive are all easily accessible and removable .",1,['screed'],2,"[[6.75, 6.62], [6.88, 6.88]]","['easily accessible', 'removable']",['DISPLAY#USABILITY']
eng,laptop,laptop_quad_train_547,"mem , hdd , screed , dvd drive are all easily accessible and removable .",1,['dvd drive'],2,"[[6.75, 6.75], [6.88, 7.0]]","['easily accessible', 'removable']",['OPTICAL_DRIVES#USABILITY']
eng,laptop,laptop_quad_train_553,"lots of space , fast , and it will last a long time with ita top shelf technology .",1,[None],2,"[[6.83, 6.83], [7.83, 7.83]]","['NULL', 'fast']","['LAPTOP#DESIGN_FEATURES', 'LAPTOP#QUALITY']"
eng,laptop,laptop_quad_train_556,"right out of the box , this computer is really slow , but two simple steps easily fix that issue .",1,['computer'],2,"[[3.25, 6.5], [4.88, 5.12]]","['NULL', 'really slow']",['LAPTOP#GENERAL']
eng,laptop,laptop_quad_train_563,great product and price,1,['product'],2,"[[7.0, 7.0], [7.17, 7.17]]",['great'],"['LAPTOP#GENERAL', 'LAPTOP#PRICE']"
eng,laptop,laptop_quad_train_568,"highly recommend , great value , use computer mainly for online business and is quick and easy to use",1,['computer'],4,"[[7.33, 7.33], [7.33, 7.5], [7.83, 8.0], [8.17, 8.17]]","['easy', 'great', 'highly recommend', 'quick']","['LAPTOP#GENERAL', 'LAPTOP#OPERATION_PERFORMANCE', 'LAPTOP#USABILITY']"
eng,laptop,laptop_quad_train_570,"although it can be a little slow at times , overall it runs great , and can run most popular games at a decent fps on medium settings .",1,[None],2,"[[4.5, 6.0], [7.25, 7.25]]","['a little slow', 'great']",['LAPTOP#GENERAL']
eng,laptop,laptop_quad_train_571,"the computer looks nice , and works good .",1,['computer'],2,"[[6.62, 6.75], [6.75, 6.62]]","['good', 'nice']","['LAPTOP#GENERAL', 'LAPTOP#OPERATION_PERFORMANCE']"
eng,laptop,laptop_quad_train_572,love love love this laptop !,1,['laptop'],3,"[[6.0, 6.0], [7.5, 7.83], [7.67, 8.0]]","['NULL', 'love']",['LAPTOP#GENERAL']
eng,laptop,laptop_quad_train_582,solid inexpensive computer for our 10 year old,1,['computer'],2,"[[6.83, 6.83], [7.17, 7.0]]","['inexpensive', 'solid']","['LAPTOP#DESIGN_FEATURES', 'LAPTOP#PRICE']"
eng,laptop,laptop_quad_train_588,"great laptop , would not recommend for hardcore gaming , but light gaming it can handle .",1,['laptop'],2,"[[3.0, 7.17], [7.33, 7.33]]","['great', 'not recommend']","['LAPTOP#GENERAL', 'LAPTOP#OPERATION_PERFORMANCE']"
eng,laptop,laptop_quad_train_594,"noisy hdr , better with ssd ) works quickly .",1,['ssd'],2,"[[6.75, 6.88], [6.88, 6.75]]","['better', 'quickly']",['HARD_DISK#GENERAL']
eng,laptop,laptop_quad_train_595,"so far so good , good quality , plenty fast enough for streaming and browsing .",1,[None],3,"[[5.0, 5.0], [6.75, 6.75], [7.25, 7.5]]","['NULL', 'fast', 'so good']","['LAPTOP#GENERAL', 'LAPTOP#OPERATION_PERFORMANCE', 'LAPTOP#QUALITY']"
eng,laptop,laptop_quad_train_601,"very good laptop for gamers and editing videos , love it",1,['laptop'],2,"[[7.33, 7.67], [7.5, 7.83]]","['love', 'very good']",['LAPTOP#GENERAL']
eng,laptop,laptop_quad_train_618,i would definitely recommend this laptop to anyone who is looking for a cheap and nice computer .,1,['computer'],2,"[[7.17, 7.17], [7.67, 7.67]]","['cheap', 'nice']","['LAPTOP#GENERAL', 'LAPTOP#PRICE']"
eng,laptop,laptop_quad_train_621,"excellent computer , better than expected .",1,['computer'],2,"[[7.75, 7.75], [8.12, 8.12]]","['better', 'excellent']",['LAPTOP#GENERAL']
eng,laptop,laptop_quad_train_629,purchased as a mothers day gift but i ' ve come to respect the quality and performance of lenovo .,1,['lenovo'],2,"[[7.67, 7.83], [7.83, 8.0]]",['respect'],"['LAPTOP#OPERATION_PERFORMANCE', 'LAPTOP#QUALITY']"
eng,laptop,laptop_quad_train_635,"pros : nice size , clear screen , quick on start up , very functional and easy to use .",1,[None],3,"[[5.83, 5.83], [6.0, 6.17], [6.17, 6.17]]","['easy', 'nice', 'quick']","['LAPTOP#DESIGN_FEATURES', 'LAPTOP#OPERATION_PERFORMANCE', 'LAPTOP#USABILITY']"
eng,laptop,laptop_quad_train_636,"it ' s also very lightweight , so it ' s easy to carry around .",1,[None],2,"[[6.83, 7.0], [7.33, 7.17]]","['easy', 'very lightweight']","['LAPTOP#DESIGN_FEATURES', 'LAPTOP#PORTABILITY']"
eng,laptop,laptop_quad_train_653,it does great and has lots of cool stuff,1,[None],2,"[[7.17, 7.33], [7.5, 7.5]]","['cool', 'great']",['LAPTOP#GENERAL']
eng,laptop,laptop_quad_train_661,love it so far very nice product and it do what it is set out to do,1,['product'],2,"[[7.5, 7.62], [7.88, 8.0]]","['love', 'very nice']",['LAPTOP#GENERAL']
eng,laptop,laptop_quad_train_664,cons hd display is n ' t the greatest,1,['hd display'],2,"[[3.5, 6.5], [4.5, 6.0]]","['cons', ""n ' t the greatest""]",['DISPLAY#GENERAL']
eng,laptop,laptop_quad_train_676,the specs are good on this for a good cheap low end gaming machine .,1,['machine'],2,"[[5.5, 5.67], [6.33, 6.33]]","['NULL', 'cheap']","['LAPTOP#GENERAL', 'LAPTOP#PRICE']"
eng,laptop,laptop_quad_train_679,"fast , sturdy with a beautiful display",1,[None],2,"[[6.75, 6.62], [6.88, 6.62]]","['fast', 'sturdy']","['LAPTOP#DESIGN_FEATURES', 'LAPTOP#OPERATION_PERFORMANCE']"
eng,laptop,laptop_quad_train_680,"1 , bloatware from hell and 2 , a very cheap crappy 5400rpm hdd .",1,['5400rpm hdd'],2,"[[2.38, 7.88], [3.25, 8.0]]","['crappy', 'very cheap']",['HARD_DISK#PRICE']
eng,laptop,laptop_quad_train_688,it is very easy to use the set up was awesome .,1,['set up'],2,"[[7.67, 7.83], [8.17, 8.33]]","['awesome', 'very easy']",['SOFTWARE#USABILITY']
eng,laptop,laptop_quad_train_691,i loved how fast it was .,1,[None],2,"[[7.33, 7.33], [7.83, 7.83]]","['fast', 'loved']",['LAPTOP#OPERATION_PERFORMANCE']
eng,laptop,laptop_quad_train_703,great price for a nice laptop .,1,['laptop'],2,"[[7.0, 7.5], [7.33, 7.67]]","['great', 'nice']",['LAPTOP#PRICE']
eng,laptop,laptop_quad_train_709,works great and looks great .,1,[None],2,"[[6.88, 6.5], [7.62, 7.25]]","['NULL', 'great']","['LAPTOP#DESIGN_FEATURES', 'LAPTOP#OPERATION_PERFORMANCE']"
eng,laptop,laptop_quad_train_714,"but i would have never bought it if i knew that windows 10 was the worst , god awful garbage operating system i have ever encountered .",1,['windows 10'],2,"[[2.33, 7.83], [2.83, 5.83]]","['awful', 'worst']",['OS#GENERAL']
eng,laptop,laptop_quad_train_726,this is nice for the price and has good speed .,1,[None],2,"[[6.67, 6.67], [6.83, 7.0]]","['good', 'nice']","['LAPTOP#OPERATION_PERFORMANCE', 'LAPTOP#PRICE']"
eng,laptop,laptop_quad_train_733,"love the laptop ; great quality ; sent as expected , on time .",1,[None],2,"[[5.0, 5.0], [7.25, 7.5]]","['NULL', 'great']","['LAPTOP#QUALITY', 'SHIPPING#GENERAL']"
eng,laptop,laptop_quad_train_740,"it ' s fast , connects quickly to wifi , and the screen is quite nice .",1,[None],2,"[[7.17, 7.33], [7.33, 7.33]]","['fast', 'quickly']","['LAPTOP#CONNECTIVITY', 'LAPTOP#OPERATION_PERFORMANCE']"
eng,laptop,laptop_quad_train_747,"if all you are looking for is a reliable laptop to write papers on or to browse the web , this is good .",1,['laptop'],2,"[[7.12, 7.0], [7.25, 7.25]]","['good', 'reliable']",['LAPTOP#GENERAL']
eng,laptop,laptop_quad_train_761,very nice i love it it work very well even i instal gta 5 it run but not enoght video card mb but run at all,1,[None],3,"[[6.83, 6.83], [7.0, 6.83], [7.5, 7.17]]","['love', 'very nice', 'very well']",['LAPTOP#OPERATION_PERFORMANCE']
eng,laptop,laptop_quad_train_767,still learning but it ' s a good computer and a great deal,1,['computer'],2,"[[7.0, 7.0], [7.67, 7.67]]","['good', 'great']",['LAPTOP#GENERAL']
eng,laptop,laptop_quad_train_771,"great laptop , very quick and efficient for work and casual gaming , got over 200 fps for steam games .",1,['laptop'],3,"[[7.67, 7.67], [7.67, 7.83], [7.67, 8.0]]","['efficient', 'great', 'very quick']","['LAPTOP#GENERAL', 'LAPTOP#OPERATION_PERFORMANCE']"
eng,laptop,laptop_quad_train_785,"i like everything about the device , but the beautiful touchscreen ended up malfunctioning about 6 - months after purchase .",1,['touchscreen'],2,"[[3.83, 5.5], [6.33, 5.83]]","['NULL', 'beautiful']","['DISPLAY#DESIGN_FEATURES', 'DISPLAY#QUALITY']"
eng,laptop,laptop_quad_train_796,i am terribly disappointed with obviously a poor qc by samsung .,1,['qc'],2,"[[2.62, 7.38], [2.75, 5.88]]","['obviously a poor', 'terribly disappointed']",['COMPANY#QUALITY']
eng,laptop,laptop_quad_train_821,"while this thing is gorgeous and the perfect size for what i was looking for , my initial display died after not even 12 hours of use .",1,[None],2,"[[7.0, 7.0], [7.33, 7.33]]","['gorgeous', 'perfect']","['LAPTOP#DESIGN_FEATURES', 'LAPTOP#GENERAL']"
eng,laptop,laptop_quad_train_825,fast boot and reliable os .,1,['boot'],2,"[[7.83, 7.67], [7.83, 7.83]]","['fast', 'reliable']",['OS#OPERATION_PERFORMANCE']
eng,laptop,laptop_quad_train_825,fast boot and reliable os .,1,['os'],3,"[[5.0, 5.0], [7.83, 7.67], [7.83, 7.83]]","['NULL', 'fast', 'reliable']","['OS#MISCELLANEOUS', 'OS#OPERATION_PERFORMANCE']"
eng,laptop,laptop_quad_train_891,the chromebook 14 has a 1080p ips display with fantastic viewing angles and excellent brightness .,1,['display'],2,"[[7.5, 7.5], [7.83, 7.83]]","['excellent', 'fantastic']",['DISPLAY#DESIGN_FEATURES']
eng,laptop,laptop_quad_train_901,"it is solid , and does a decent job rendering pages , and paired with the extra ram here , it adequately handles streaming content in the background - such as youtube or spotify - and still maintains a decent browsing experience across eight to ten additional tabs ;",1,[None],3,"[[6.67, 6.83], [6.83, 6.5], [7.17, 7.33]]","['NULL', 'decent', 'solid']",['LAPTOP#OPERATION_PERFORMANCE']
eng,laptop,laptop_quad_train_916,"the overall unit has a slim profile , and is light weight .",1,['unit'],2,"[[7.5, 7.62], [7.62, 7.62]]","['light', 'slim']",['LAPTOP#DESIGN_FEATURES']
eng,laptop,laptop_quad_train_917,"thus far , i am very happy with the purchase , and highly recommend it .",1,[None],2,"[[7.62, 7.62], [7.75, 7.88]]","['highly recommend', 'very happy']",['LAPTOP#GENERAL']
eng,laptop,laptop_quad_train_918,i think biggest reason i like it is that it ' s sturdy and i don ' t mind throwing it in and out of my backpack whereas with a $ 1000 mb air i might be a whole lot more careful in how i handle it .,1,[None],2,"[[7.17, 7.17], [7.17, 7.33]]","['like', 'sturdy']",['LAPTOP#QUALITY']
eng,laptop,laptop_quad_train_937,i ' m running it at 2500x1400 resolution extremely thin and lightweight .,1,['resolution'],2,"[[7.17, 7.5], [7.33, 7.67]]","['extremely thin', 'lightweight']",['DISPLAY#DESIGN_FEATURES']
eng,laptop,laptop_quad_train_961,"the battery life has started to go down after a year of solid use ( still quite good ) , but the quality screen and chromeos make it worth it .",1,['battery life'],2,"[[6.33, 6.17], [7.17, 7.17]]","['solid', 'still quite good']",['BATTERY#OPERATION_PERFORMANCE']
eng,laptop,laptop_quad_train_961,"the battery life has started to go down after a year of solid use ( still quite good ) , but the quality screen and chromeos make it worth it .",1,['screen'],2,"[[7.33, 7.17], [7.5, 7.5]]","['quality', 'worth']",['DISPLAY#QUALITY']
eng,laptop,laptop_quad_train_966,i love how slim the design is - will fit easily into my backpack : ) highly recommend for everyday or school use !,1,['design'],2,"[[6.83, 7.0], [7.5, 7.5]]","['love', 'slim']",['LAPTOP#DESIGN_FEATURES']
eng,laptop,laptop_quad_train_968,"the chrome rdp app also works well , connecting to my windows machines with good performance , and i can access files on my nas using network file shares after using the chromebook for the last couple of weeks , i ' d confidently recommend one for everything but gaming and special purpose applications .",1,['chrome rdp app'],2,"[[7.0, 7.0], [7.25, 7.0]]","['good', 'well']",['SOFTWARE#OPERATION_PERFORMANCE']
eng,laptop,laptop_quad_train_969,"the quality of this unit exceeds my expectations , and if feels solidly built while still very thin and light .",1,['unit'],3,"[[7.5, 7.5], [8.0, 8.0]]","['light', 'solidly', 'still very thin']","['LAPTOP#DESIGN_FEATURES', 'LAPTOP#QUALITY']"
eng,laptop,laptop_quad_train_972,with a solid cpu and 4gb of memory i can run a dozen or more open tabs with good performance .,1,['cpu'],2,"[[6.83, 6.67], [7.5, 7.33]]","['good', 'solid']",['CPU#OPERATION_PERFORMANCE']
eng,laptop,laptop_quad_train_972,with a solid cpu and 4gb of memory i can run a dozen or more open tabs with good performance .,1,['memory'],2,"[[7.0, 6.83], [7.33, 7.17]]","['good', 'solid']",['MEMORY#OPERATION_PERFORMANCE']
eng,laptop,laptop_quad_train_978,overall this chromebook is perfect for my current use - case and would recommend it to anyone in the chromebook market with 300 dollars to spare .,1,['chromebook'],2,"[[7.83, 8.0], [8.17, 8.33]]","['perfect', 'recommend']",['LAPTOP#PRICE']
eng,laptop,laptop_quad_train_982,i don ' t know how to use a lot of computers but this is simple and easy to use .,1,[None],2,"[[7.33, 7.5], [7.5, 7.67]]","['easy', 'simple']",['LAPTOP#USABILITY']
eng,laptop,laptop_quad_train_995,as for actual device it is completely gorgeous and ( now ) works flawlessly .,1,['device'],2,"[[7.17, 7.5], [7.33, 7.67]]","['completely gorgeous', 'flawlessly']",['LAPTOP#OPERATION_PERFORMANCE']
eng,laptop,laptop_quad_train_1007,"in summary , it looks great and performs very well .",1,[None],2,"[[7.25, 7.5], [7.38, 7.62]]","['great', 'very well']","['LAPTOP#DESIGN_FEATURES', 'LAPTOP#OPERATION_PERFORMANCE']"
eng,laptop,laptop_quad_train_1012,the aluminum casing adds to the durable feel of the unit and gives it a nice attractive look as well .,1,['unit'],2,"[[6.67, 6.5], [6.83, 6.83]]","['attractive', 'nice']",['LAPTOP#DESIGN_FEATURES']
eng,laptop,laptop_quad_train_1014,"it ' s beautiful and i love it , but i think i have to send it back .",1,[None],3,"[[5.0, 5.0], [8.0, 8.0]]","['NULL', 'beautiful', 'love']","['LAPTOP#DESIGN_FEATURES', 'LAPTOP#GENERAL']"
eng,laptop,laptop_quad_train_1026,happy i got a great machine for half the cost !,1,['machine'],2,"[[7.33, 7.5], [7.67, 7.67]]","['great', 'happy']",['LAPTOP#PRICE']
eng,laptop,laptop_quad_train_1063,"i have not messed with the continuity feature much , but it is nice having the favorites and open tabs sync from my laptop to my iphone .",1,['continuity feature'],2,"[[7.0, 7.17], [7.5, 7.83]]","['favorites', 'nice']",['SOFTWARE#DESIGN_FEATURES']
eng,laptop,laptop_quad_train_1066,"it ' s nice and lightweight , the sd port is useful , and it ' s powerful enough for me to do fairly layer intensive graphic design work in photoshop and basic grading in lightroom .",1,[None],3,"[[7.33, 7.67], [7.5, 7.67], [7.67, 8.0]]","['lightweight', 'nice', 'powerful']","['LAPTOP#DESIGN_FEATURES', 'LAPTOP#GENERAL', 'LAPTOP#OPERATION_PERFORMANCE']"
eng,laptop,laptop_quad_train_1071,"it feels sturdy and reliable , both hardware and software - wise .",1,['hardware'],2,"[[7.17, 7.0], [7.83, 7.83]]","['reliable', 'sturdy']",['HARDWARE#GENERAL']
eng,laptop,laptop_quad_train_1071,"it feels sturdy and reliable , both hardware and software - wise .",1,['software'],2,"[[7.33, 7.33], [7.67, 7.5]]","['reliable', 'sturdy']",['SOFTWARE#GENERAL']
eng,laptop,laptop_quad_train_1083,love love love this laptop !,1,['laptop'],3,"[[7.0, 7.17], [8.0, 8.17]]","['NULL', 'love']",['LAPTOP#GENERAL']
eng,laptop,laptop_quad_train_1091,"for some of us , even though they are more expensive , they still offer the better value .",1,[None],2,"[[3.83, 5.5], [7.0, 7.17]]","['better', 'more expensive']","['LAPTOP#PRICE', 'LAPTOP#QUALITY']"
eng,laptop,laptop_quad_train_1121,one of the first things i noticed after firing up this device was how quiet and effortlessly it performs all tasks that i ask of it .,1,['device'],2,"[[7.0, 6.83], [7.17, 7.0]]","['effortlessly', 'quiet']",['LAPTOP#OPERATION_PERFORMANCE']
eng,laptop,laptop_quad_train_1125,"all - in - all , i have been extremely satisfied so far with this purchase and am enjoying my not - so - cutting edge purchase .",1,[None],2,"[[7.25, 7.5], [7.5, 8.0]]","['enjoying', 'extremely satisfied']",['LAPTOP#GENERAL']
eng,laptop,laptop_quad_train_1126,"the screen is crisp and clear , easy to set up .",1,['screen'],3,"[[6.62, 6.75], [6.75, 6.88], [7.0, 7.0]]","['clear', 'crisp', 'easy']","['DISPLAY#DESIGN_FEATURES', 'DISPLAY#USABILITY']"
eng,laptop,laptop_quad_train_1127,great deal on a great computer !,1,['computer'],2,"[[7.33, 7.33], [7.67, 7.83]]",['NULL'],['LAPTOP#GENERAL']
eng,laptop,laptop_quad_train_1132,but the mac looked and worked great .,1,['mac'],2,"[[7.5, 7.67], [7.67, 7.83]]",['great'],"['LAPTOP#DESIGN_FEATURES', 'LAPTOP#OPERATION_PERFORMANCE']"
eng,laptop,laptop_quad_train_1141,"the seller ' s customer service was great very fast response time and the computer came packaged really well , in original box and it great shape .",1,['customer service'],2,"[[7.5, 7.83], [7.83, 8.17]]","['great', 'very fast']",['SUPPORT#GENERAL']
eng,laptop,laptop_quad_train_1150,"it is a small , light , powerful device that until 2016 seemed custom fit for content creators , photographers , and other such lines of work or hobbies .",1,['device'],3,"[[6.5, 6.75], [6.62, 6.88], [7.25, 7.5]]","['light', 'powerful', 'small']",['LAPTOP#DESIGN_FEATURES']
eng,laptop,laptop_quad_train_1151,"it is expensive , but it is absolutely , positively worth it .",1,[None],2,"[[4.17, 6.0], [8.0, 8.0]]","['absolutely , positively worth', 'expensive']","['LAPTOP#GENERAL', 'LAPTOP#PRICE']"
eng,laptop,laptop_quad_train_1152,"the new pro model is very light and compact , and can easily be carried around with you every day .",1,['pro model'],3,"[[7.0, 7.0], [7.0, 7.17], [7.17, 7.17]]","['compact', 'easily be carried', 'very light']","['LAPTOP#DESIGN_FEATURES', 'LAPTOP#PORTABILITY']"
eng,laptop,laptop_quad_train_1160,"stable , long battery life , and great build .",1,['battery life'],2,"[[7.17, 7.33], [7.5, 7.5]]","['long', 'stable']",['BATTERY#QUALITY']
eng,laptop,laptop_quad_train_1163,"the only detail that i have to reproach is that the connection cables are a little dirty , but in acceptable condition .",1,['connection cables'],2,"[[3.83, 5.83], [6.17, 6.17]]","['a little dirty', 'acceptable']",['PORTS#QUALITY']
eng,laptop,laptop_quad_train_1173,"i was a bit apprehensive at first will ordering such an expensive item online , but it was delivered in perfect new condition .",1,['item'],2,"[[6.25, 6.88], [8.0, 8.0]]","['expensive', 'perfect']","['LAPTOP#PRICE', 'SHIPPING#QUALITY']"
eng,laptop,laptop_quad_train_1175,"wonderful machine fast , clean , solid i have to said that this guy i fell from my hands the first day i use , goes to the floor and nothing happens screen is perfect and nothing is damage !",1,['machine'],4,"[[7.67, 7.83], [7.83, 8.0], [8.0, 8.17], [8.17, 8.33]]","['clean', 'fast', 'solid', 'wonderful']","['LAPTOP#DESIGN_FEATURES', 'LAPTOP#GENERAL', 'LAPTOP#OPERATION_PERFORMANCE']"
eng,laptop,laptop_quad_train_1185,"great laptop , excellent quality , definitely meets my expectations .",1,['laptop'],2,"[[7.25, 7.25], [7.5, 7.5]]","['excellent', 'great']","['LAPTOP#GENERAL', 'LAPTOP#QUALITY']"
eng,laptop,laptop_quad_train_1187,i love this computer .,1,['computer'],2,"[[6.75, 6.38], [6.88, 6.5]]",['love'],['LAPTOP#GENERAL']
eng,laptop,laptop_quad_train_1192,"slim , very fast , great screen , lightweight , solid state drives , great battery ( even though it burns the battery life when i play my flight simulator due to processing demands of the graphics ! )",1,[None],3,"[[6.5, 6.5], [7.25, 7.25]]","['lightweight', 'slim', 'very fast']","['LAPTOP#DESIGN_FEATURES', 'LAPTOP#OPERATION_PERFORMANCE']"
eng,laptop,laptop_quad_train_1196,i am very pleased with this version of the mac and hope i never have to upgrade again because this is by far the best !,1,['mac'],2,"[[7.5, 7.33], [7.83, 7.83]]","['by far the best', 'very pleased']",['LAPTOP#GENERAL']
eng,laptop,laptop_quad_train_1202,"it has been super easy to become familiar with it ; the more i use it , the more i appreciate it !",1,[None],2,"[[7.17, 7.33], [7.33, 7.67]]","['appreciate', 'super easy']","['LAPTOP#GENERAL', 'LAPTOP#USABILITY']"
eng,laptop,laptop_quad_train_1203,this laptop is incredibly lightweight and slim ( ultimately won me over after years of lugging around a whopping 5lb levono ) .,1,['laptop'],2,"[[7.33, 7.83], [7.5, 8.0]]","['incredibly lightweight', 'slim']",['LAPTOP#DESIGN_FEATURES']
eng,laptop,laptop_quad_train_1208,"love my new computer , there were some knicks on the outside but it works well",1,['computer'],2,"[[6.62, 6.5], [6.88, 6.62]]","['love', 'well']","['LAPTOP#GENERAL', 'LAPTOP#OPERATION_PERFORMANCE']"
eng,laptop,laptop_quad_train_1215,it ' s also awesome how the charger for this computer is magnetic .,1,['charger'],2,"[[7.75, 7.88], [7.88, 8.0]]","['awesome', 'magnetic']",['POWER_SUPPLY#GENERAL']
eng,laptop,laptop_quad_train_1234,"love my macbook , beautiful and use daily !",1,['macbook'],2,"[[7.62, 7.88], [7.88, 8.12]]","['beautiful', 'love']",['LAPTOP#GENERAL']
eng,laptop,laptop_quad_train_1239,"latterly the best laptop i ' ve ever had , fast , powerful , stunning display , little problems with pairing bluetooth",1,['laptop'],3,"[[7.75, 8.0], [7.75, 8.25]]","['best', 'fast', 'powerful']","['LAPTOP#GENERAL', 'LAPTOP#OPERATION_PERFORMANCE']"
eng,laptop,laptop_quad_train_1243,"small light portable , excellent screen , very fast performance and soo quiet , does this have a fan ?",1,[None],2,"[[7.17, 7.0], [7.17, 7.17]]","['quiet', 'very fast']",['LAPTOP#OPERATION_PERFORMANCE']
eng,laptop,laptop_quad_train_1245,"this is a lovely product that i recommend for general use as a student , less so for gaming and storing whatnot .",1,['product'],2,"[[7.0, 6.88], [7.38, 7.0]]","['lovely', 'recommend']",['LAPTOP#GENERAL']
eng,laptop,laptop_quad_train_1247,"i love the mac laptops , they are durable , reliable , light with all day battery and have awesome designs .",1,['mac laptops'],4,"[[6.75, 7.0], [7.0, 7.25], [7.25, 7.25], [7.5, 7.75]]","['durable', 'light', 'love', 'reliable']","['LAPTOP#DESIGN_FEATURES', 'LAPTOP#GENERAL', 'LAPTOP#OPERATION_PERFORMANCE']"
eng,laptop,laptop_quad_train_1257,"great value for money , the notebook is as good as new .",1,['notebook'],2,"[[7.0, 7.0], [7.67, 7.5]]","['good', 'great']","['LAPTOP#GENERAL', 'LAPTOP#PRICE']"
eng,laptop,laptop_quad_train_1267,the computer is very beautiful and very light .,1,['computer'],2,"[[7.25, 7.25], [7.75, 7.75]]","['very beautiful', 'very light']",['LAPTOP#DESIGN_FEATURES']
eng,laptop,laptop_quad_train_1283,"it ' s fast , secure , easy to use ( even as a tech geek , it ' s nice knowing something ' s just going to work ) .",1,[None],3,"[[7.33, 7.17], [7.5, 7.5]]","['easy', 'fast', 'nice']","['LAPTOP#OPERATION_PERFORMANCE', 'LAPTOP#USABILITY']"
eng,laptop,laptop_quad_train_1317,i can live with the so - so touchpad since the rest of it feels solid / sturdy .,1,['touchpad'],3,"[[4.83, 5.17], [6.0, 6.0], [6.17, 6.17]]","['so - so', 'solid', 'sturdy']","['KEYBOARD#USABILITY', 'LAPTOP#DESIGN_FEATURES']"
eng,laptop,laptop_quad_train_1321,the screen is pleasantly satisfying with the touch screen and foldability .,1,['screen'],2,"[[7.62, 8.0], [7.75, 8.12]]","['pleasantly', 'satisfying']",['DISPLAY#DESIGN_FEATURES']
eng,laptop,laptop_quad_train_1333,it is fast and simple .,1,[None],2,"[[7.33, 7.67], [7.67, 8.0]]","['fast', 'simple']",['LAPTOP#OPERATION_PERFORMANCE']
eng,laptop,laptop_quad_train_1346,"the laptop is in great physical conditions , no scratches or anything , but certain actions run slowly , specifically any file read or write , like copying a document , uploading an image , creating a new file , etc .",1,['laptop'],2,"[[4.0, 5.5], [6.83, 6.5]]","['great', 'slowly']","['LAPTOP#DESIGN_FEATURES', 'LAPTOP#OPERATION_PERFORMANCE']"
eng,laptop,laptop_quad_train_1366,"apple should ashamed to be associated with this cheap , lousy , clearly inferior , plastic nightmare - but then again , maybe that is exactly what they do want , so profits soar .",1,[None],3,"[[2.0, 7.62], [2.12, 7.25], [3.38, 7.25]]","['cheap', 'inferior', 'lousy']","['LAPTOP#GENERAL', 'LAPTOP#PRICE']"
eng,laptop,laptop_quad_train_1367,"i ' m pretty sure i ordered the biggest size , and i got the smaller one , but whatever it shipped fast and it works great .",1,[None],2,"[[7.5, 7.67], [7.83, 8.0]]","['fast', 'great']","['LAPTOP#OPERATION_PERFORMANCE', 'SHIPPING#GENERAL']"
eng,laptop,laptop_quad_train_1382,- thin and relatively lite weight,1,[None],2,"[[7.5, 7.75], [7.62, 7.88]]","['relatively lite', 'thin']",['LAPTOP#DESIGN_FEATURES']
eng,laptop,laptop_quad_train_1384,"- for such a premium price , this is definitely the worst purchase quality wise that i have made .",1,[None],2,"[[2.83, 6.67], [4.33, 4.5]]","['definitely the worst', 'premium']","['LAPTOP#PRICE', 'LAPTOP#QUALITY']"
eng,laptop,laptop_quad_train_1397,"* excellent form factor , extremely portable while remaining a serious pro computer",1,['pro computer'],2,"[[7.5, 7.67], [7.83, 8.17]]","['excellent', 'extremely portable']","['LAPTOP#DESIGN_FEATURES', 'LAPTOP#PORTABILITY']"
eng,laptop,laptop_quad_train_1414,this device would be a good choice if it weren ' t so poorly constructed .,1,['device'],2,"[[3.83, 6.0], [6.17, 6.0]]","['good', 'so poorly']","['LAPTOP#GENERAL', 'LAPTOP#QUALITY']"
eng,laptop,laptop_quad_train_1426,"i ' m still loving the * idea * of what the c302 is supposed to be , but the execution is feeling more and more of a miss .",1,['c302'],2,"[[3.5, 5.0], [7.75, 7.25]]","['NULL', 'still loving']",['LAPTOP#GENERAL']
eng,laptop,laptop_quad_train_1435,"- android apps work rather well , even if not perfectly yet .",1,['android apps'],2,"[[4.33, 6.17], [6.5, 6.67]]","['not perfectly', 'rather well']",['SOFTWARE#OPERATION_PERFORMANCE']
eng,laptop,laptop_quad_train_1436,"i ' m still using chrome for almost all native google apps , however , since chrome tabs / apps simply work better / faster / easier than their android counterparts .",1,['chrome tabs / apps'],4,"[[7.67, 7.83], [7.67, 8.0]]","['better', 'faster']","['SOFTWARE#OPERATION_PERFORMANCE', 'SOFTWARE#USABILITY']"
eng,laptop,laptop_quad_train_1437,the c302 is clean and feels solid .,1,['c302'],2,"[[7.33, 7.67], [7.5, 7.83]]","['clean', 'solid']",['LAPTOP#DESIGN_FEATURES']
eng,laptop,laptop_quad_train_1457,"i loved this chromebook , it worked great for six months .",1,['chromebook'],2,"[[7.5, 7.5], [7.67, 7.67]]","['great', 'loved']","['LAPTOP#GENERAL', 'LAPTOP#OPERATION_PERFORMANCE']"
eng,laptop,laptop_quad_train_1467,• super thin and light weight,1,[None],2,"[[6.83, 7.0], [7.17, 7.33]]","['light', 'super thin']",['LAPTOP#DESIGN_FEATURES']
eng,laptop,laptop_quad_train_1468,• bright screen with good colors,1,['screen'],2,"[[7.0, 7.17], [7.33, 7.5]]","['bright', 'good']",['DISPLAY#QUALITY']
eng,laptop,laptop_quad_train_1470,"i also decided that despite the advantages of the asus , i can not live with the sharp edges and middling volume .",1,['asus'],2,"[[4.5, 4.88], [4.75, 4.88]]",['NULL'],"['LAPTOP#DESIGN_FEATURES', 'LAPTOP#GENERAL']"
eng,laptop,laptop_quad_train_1479,it has a good blend of functionality and performance at a great price point .,1,[None],2,"[[7.0, 7.0], [7.67, 7.5]]","['good', 'great']","['LAPTOP#OPERATION_PERFORMANCE', 'LAPTOP#PRICE']"
eng,laptop,laptop_quad_train_1484,"chromeos did well on this device , but i didn ' t like the scaling it did at higher resolutions .",1,['chromeos'],2,"[[4.25, 5.75], [6.5, 6.5]]","[""' t like"", 'well']",['OS#OPERATION_PERFORMANCE']
eng,laptop,laptop_quad_train_1491,"the machine is easy to use , snappy , and everything the reviewers say .",1,['machine'],2,"[[7.0, 7.17], [7.0, 7.33]]","['easy', 'snappy']",['LAPTOP#USABILITY']
eng,laptop,laptop_quad_train_1500,"i loved everything about this chromebook until it stop charging 2 moths after perches , light just keeps flashing green .",1,['chromebook'],2,"[[5.0, 5.0], [6.75, 7.25]]","['NULL', 'loved']","['LAPTOP#GENERAL', 'POWER_SUPPLY#GENERAL']"
eng,laptop,laptop_quad_train_1502,"this is not an inexpensive product , especially for a chrome book but , i figured you get what you pay for .",1,['product'],2,"[[5.62, 5.5], [6.0, 5.88]]","['NULL', 'not an inexpensive']","['LAPTOP#GENERAL', 'LAPTOP#PRICE']"
eng,laptop,laptop_quad_train_1519,"the bluetooth on it drops connections on a regular basis and the wifi is slow , slow , slow to connect on a regular basis .",1,['wifi'],3,"[[3.17, 6.83], [3.33, 6.67], [3.5, 6.17]]","['NULL', 'slow']",['PORTS#OPERATION_PERFORMANCE']
eng,laptop,laptop_quad_train_1553,asus support is responsive but ineffective .,1,['asus support'],2,"[[3.25, 6.25], [7.25, 7.0]]","['ineffective', 'responsive']",['SUPPORT#QUALITY']
eng,laptop,laptop_quad_train_1564,product worked great until it randomly stopped charging .,1,['product'],2,"[[4.38, 5.5], [6.88, 6.62]]","['NULL', 'great']","['LAPTOP#OPERATION_PERFORMANCE', 'POWER_SUPPLY#OPERATION_PERFORMANCE']"
eng,laptop,laptop_quad_train_1571,"this one is pretty , but obviously not sturdy .",1,[None],2,"[[4.83, 5.17], [7.0, 7.0]]","['obviously not sturdy', 'pretty']",['LAPTOP#DESIGN_FEATURES']
eng,laptop,laptop_quad_train_1589,the chromebook seems to be working fine now and my daughter does love it .,1,['chromebook'],2,"[[6.83, 6.5], [7.5, 7.33]]","['fine', 'love']",['LAPTOP#GENERAL']
eng,laptop,laptop_quad_train_1594,this computer seemed very exciting but after having troubles with 3 of them i give up .,1,['computer'],2,"[[3.33, 6.33], [6.83, 7.0]]","['NULL', 'very exciting']","['LAPTOP#GENERAL', 'LAPTOP#QUALITY']"
eng,laptop,laptop_quad_train_1609,not only is the touchpad not great in use but it also feels poorly made .,1,['touchpad'],2,"[[3.0, 6.67], [3.17, 6.5]]","['not great', 'poorly']","['KEYBOARD#DESIGN_FEATURES', 'KEYBOARD#OPERATION_PERFORMANCE']"
eng,laptop,laptop_quad_train_1613,bought this specific unit because quality is well reviewed here and online albeit at 2x average chrome book price .,1,['specific unit'],2,"[[5.0, 5.0], [7.25, 7.0]]","['NULL', 'well']","['LAPTOP#PRICE', 'LAPTOP#QUALITY']"
eng,laptop,laptop_quad_train_1619,"however , the resolution could be higher , the scaling is bad , the colors are a bit washy , the weight is off as said earlier , the keys are kinda awkward , travel could be more , and the keys start squeaking soon after use",1,['keys'],2,"[[3.17, 6.33], [4.17, 5.17]]","['NULL', 'kinda awkward']","['KEYBOARD#GENERAL', 'KEYBOARD#QUALITY']"
eng,laptop,laptop_quad_train_1634,this worked ok for about a year and then just totally died .,1,[None],2,"[[3.0, 4.67], [5.83, 5.83]]","['just totally died', 'ok']",['LAPTOP#OPERATION_PERFORMANCE']
eng,laptop,laptop_quad_train_1637,"on the higher end for chromebook , but it looked really nice and had a good features and reviews , was in love with it until the power failed last november .",1,['chromebook'],3,"[[7.25, 7.5], [7.5, 7.75]]","['good', 'love', 'really nice']",['LAPTOP#DESIGN_FEATURES']
eng,laptop,laptop_quad_train_1643,"+ nice , large screen",1,['screen'],2,"[[7.0, 7.0], [7.33, 7.33]]","['large', 'nice']",['DISPLAY#DESIGN_FEATURES']
eng,laptop,laptop_quad_train_1658,"the aluminum body looks great , but feels cheap and thin .",1,['aluminum body'],3,"[[5.33, 6.0], [7.83, 7.67]]","['cheap', 'great', 'thin']",['HARDWARE#DESIGN_FEATURES']
eng,laptop,laptop_quad_train_1661,"after 3 weeks using this flip , i am quite happy with its performance , design .",1,['flip'],2,"[[6.83, 7.17], [7.0, 7.17]]",['quite happy'],"['LAPTOP#DESIGN_FEATURES', 'LAPTOP#OPERATION_PERFORMANCE']"
eng,laptop,laptop_quad_train_1662,"it ' s easy to use , convenient .",1,[None],2,"[[7.5, 7.67], [7.67, 7.83]]","['convenient', 'easy']",['LAPTOP#USABILITY']
eng,laptop,laptop_quad_train_1664,"thin , light , cool are what i feel when holding it and carry around .",1,[None],3,"[[7.0, 7.0], [7.12, 7.12], [7.12, 7.25]]","['cool', 'light', 'thin']",['LAPTOP#DESIGN_FEATURES']
eng,laptop,laptop_quad_train_1674,"it is easy to use , light , and you have the ability to download apps for just about any need .",1,[None],2,"[[6.9, 6.8], [6.9, 6.9]]","['easy', 'light']","['LAPTOP#DESIGN_FEATURES', 'LAPTOP#PORTABILITY']"
eng,laptop,laptop_quad_train_1682,great product ( perfect for student use ) but did n ' t last past 2 months .,1,['product'],2,"[[5.0, 5.0], [7.75, 7.75]]","['NULL', 'great']",['LAPTOP#GENERAL']
eng,laptop,laptop_quad_train_1696,"it won ' t hold a charge for longer than an hour , my son has to relay on this piece of cheap equipment primarily for taking notes and doing schoolwork .",1,['equipment'],2,"[[3.83, 4.67], [4.33, 4.83]]","['NULL', 'cheap']","['LAPTOP#PRICE', 'POWER_SUPPLY#OPERATION_PERFORMANCE']"
eng,laptop,laptop_quad_train_1712,"very touchy touch screen , too sensitive .",1,['touch screen'],2,"[[4.88, 6.62], [5.12, 6.5]]","['too sensitive', 'very touchy']",['DISPLAY#OPERATION_PERFORMANCE']
eng,laptop,laptop_quad_train_1718,very disappointed in very bad tech support .,1,['tech support'],2,"[[2.75, 6.88], [2.88, 7.0]]","['very bad', 'very disappointed']",['SUPPORT#GENERAL']
eng,laptop,laptop_quad_train_1721,"bad touchpad , jerky movement , imprecise , no controls to improve .",1,['touchpad'],3,"[[3.5, 6.17], [3.67, 6.0]]","['bad', 'imprecise', 'jerky']",['KEYBOARD#OPERATION_PERFORMANCE']
eng,laptop,laptop_quad_train_1724,"it sounded clean and simple , exactly what we need .",1,[None],2,"[[6.88, 7.0], [7.0, 7.12]]","['clean', 'simple']",['MULTIMEDIA_DEVICES#QUALITY']
eng,laptop,laptop_quad_train_1728,"good laptop , but not great .",1,['laptop'],2,"[[4.5, 6.5], [6.5, 7.0]]","['good', 'not great']",['LAPTOP#GENERAL']
eng,laptop,laptop_quad_train_1730,"the touchpad is above average , but not great .",1,['touchpad'],2,"[[4.0, 4.75], [7.0, 6.5]]","['above average', 'not great']",['KEYBOARD#GENERAL']
eng,laptop,laptop_quad_train_1739,"unfortunately , the touchscreen is extremely insensitive , making it unusable .",1,['touchscreen'],2,"[[2.83, 6.33], [2.83, 6.5]]","['extremely insensitive', 'unusable']",['DISPLAY#QUALITY']
eng,laptop,laptop_quad_train_1741,very disappointing in an otherwise great product,1,['product'],2,"[[3.67, 7.17], [7.5, 7.17]]","['great', 'very disappointing']",['LAPTOP#GENERAL']
eng,laptop,laptop_quad_train_1753,"the steelsteries keyboard feels great and looks awesome , but the keyboard surface of the laptop can get warm while sitting idle or gaming even when i have a fan pushing cold air underneath the laptop .",1,['steelsteries keyboard'],2,"[[7.5, 7.38], [7.75, 8.0]]","['awesome', 'great']","['KEYBOARD#DESIGN_FEATURES', 'KEYBOARD#GENERAL']"
eng,laptop,laptop_quad_train_1779,"its fast , light weight , quiet , and looks easy to add additional ram and hdd ' s .",1,[None],2,"[[7.5, 7.62], [7.62, 7.75]]","['easy', 'light']","['LAPTOP#DESIGN_FEATURES', 'LAPTOP#USABILITY']"
eng,laptop,laptop_quad_train_1798,"this computer is fast , as the specs would have you believe , but i ' ve only had it about a week , and it has already crashed so bad once that i had to do a factory reset on it ( though , to be fair , the computer made the reboot super easy , so that was nice ) .",1,['computer'],4,"[[2.83, 6.83], [6.0, 6.0], [6.17, 6.17], [6.33, 6.33]]","['nice', 'so bad', 'super easy']","['LAPTOP#DESIGN_FEATURES', 'LAPTOP#OPERATION_PERFORMANCE', 'LAPTOP#QUALITY']"
eng,laptop,laptop_quad_train_1804,"i don ' t know if i got a defective model or what , but something has gone wrong every time i boot up my computer .",1,['computer'],2,"[[3.5, 5.83], [3.83, 5.83]]","['defective', 'wrong']",['LAPTOP#QUALITY']
eng,laptop,laptop_quad_train_1805,not to mention it is quite clunky and large .,1,[None],2,"[[4.0, 6.0], [4.0, 6.25]]","['large', 'quite clunky']",['LAPTOP#DESIGN_FEATURES']
eng,laptop,laptop_quad_train_1809,the keys feel nice and responsive however the mouse pad is a little over responsive .,1,['keys'],2,"[[7.17, 7.5], [7.67, 8.17]]","['nice', 'responsive']",['KEYBOARD#GENERAL']
eng,laptop,laptop_quad_train_1844,i definitely recommend this if you are looking for a good gaming laptop .,1,['laptop'],2,"[[6.75, 6.75], [7.38, 7.25]]","['definitely recommend', 'good']",['LAPTOP#GENERAL']
eng,laptop,laptop_quad_train_1853,very good looking and fast laptop if only if it would stop crashing and having to reset back to default settings .,1,['laptop'],3,"[[3.5, 4.75], [7.25, 7.25], [7.5, 7.25]]","['crashing', 'fast', 'very good looking']","['LAPTOP#DESIGN_FEATURES', 'LAPTOP#OPERATION_PERFORMANCE', 'LAPTOP#QUALITY']"
eng,laptop,laptop_quad_train_1865,"i absolutely love this laptop , it looks great , its quality is amazing and can handle so many games without any lag involved .",1,['laptop'],4,"[[5.0, 5.0], [7.0, 7.25], [7.5, 7.75], [7.75, 8.0]]","['NULL', 'absolutely love', 'amazing', 'great']","['LAPTOP#DESIGN_FEATURES', 'LAPTOP#GENERAL', 'LAPTOP#OPERATION_PERFORMANCE', 'LAPTOP#QUALITY']"
eng,laptop,laptop_quad_train_1901,"what is the point of downloading games , files , anything , when a couple of weeks later it will crash and fail to recover !",1,[None],2,"[[2.25, 6.62], [2.38, 6.5]]","['crash', 'fail']",['LAPTOP#OPERATION_PERFORMANCE']
eng,laptop,laptop_quad_train_1916,it performs good for the price tag attached but it will have a booting problem atlest once every week and you have to format the machine .,1,[None],2,"[[6.33, 6.5], [7.0, 7.17]]","['NULL', 'good']","['LAPTOP#OPERATION_PERFORMANCE', 'LAPTOP#PRICE']"
eng,laptop,laptop_quad_train_1918,update review : having had this laptop for a few months it has had a bad crash from a recent windows update .,1,['laptop'],2,"[[2.0, 8.12], [2.0, 8.25]]","['bad', 'crash']",['LAPTOP#OPERATION_PERFORMANCE']
eng,laptop,laptop_quad_train_1923,"8 + lbs , this one is right under 5 so it makes it nice and portable .",1,[None],2,"[[6.88, 7.25], [7.0, 7.38]]","['nice', 'portable']",['LAPTOP#PORTABILITY']
eng,laptop,laptop_quad_train_1948,the laptop is a little bigger than i had hoped and heavier than i expected it to feel .,1,['laptop'],2,"[[4.17, 5.67], [5.17, 6.17]]","['a little bigger', 'heavier']",['LAPTOP#DESIGN_FEATURES']
eng,laptop,laptop_quad_train_1967,this computer functions very well as a gaming laptop for the price .,1,['computer'],2,"[[7.0, 6.88], [7.12, 7.0]]",['very well'],"['LAPTOP#OPERATION_PERFORMANCE', 'LAPTOP#PRICE']"
eng,laptop,laptop_quad_train_1967,this computer functions very well as a gaming laptop for the price .,1,['gaming laptop'],2,"[[7.12, 7.12], [7.25, 7.25]]",['very well'],"['LAPTOP#OPERATION_PERFORMANCE', 'LAPTOP#PRICE']"
eng,laptop,laptop_quad_train_1968,the laptop runs smoothly and renders larger games quickly .,1,['laptop'],2,"[[7.0, 7.0], [7.12, 7.0]]","['quickly', 'smoothly']",['LAPTOP#OPERATION_PERFORMANCE']
eng,laptop,laptop_quad_train_1978,"the 15 ` ` screen is big and nice , this will make my examinations go much faster .",1,[None],3,"[[7.0, 7.0], [7.0, 7.17], [7.33, 7.5]]","['big', 'much faster', 'nice']",['DISPLAY#DESIGN_FEATURES']
eng,laptop,laptop_quad_train_1979,"it ' s completely quiet , no heat whatsoever , and very fast !",1,[None],2,"[[7.67, 8.0], [7.83, 8.17]]","['completely quiet', 'very fast']",['LAPTOP#OPERATION_PERFORMANCE']
eng,laptop,laptop_quad_train_1990,"on the flip side , this asus is very fast with minimal bloatware that is easy to get rid of .",1,['asus'],2,"[[6.5, 6.33], [7.17, 6.83]]","['easy', 'very fast']",['LAPTOP#OPERATION_PERFORMANCE']
eng,laptop,laptop_quad_train_1994,"overall , if you just need a computer to do basic software development , remote work , or browse the internet , it ' s perfectly fine .",1,['computer'],2,"[[7.5, 7.5], [7.5, 7.67]]","['fine', 'perfectly']",['LAPTOP#GENERAL']
eng,laptop,laptop_quad_train_1995,"it ' s pretty light , too , so it ' s easy to travel with .",1,[None],2,"[[6.5, 6.5], [6.62, 6.5]]","['easy', 'pretty light']","['LAPTOP#DESIGN_FEATURES', 'LAPTOP#PORTABILITY']"
eng,laptop,laptop_quad_train_2010,"this thing is now light , fast and powerful enough to allow me to spin up some virtual machines to help with my study courses .",1,[None],2,"[[7.33, 7.67], [7.67, 8.0]]","['fast', 'powerful']",['LAPTOP#OPERATION_PERFORMANCE']
eng,laptop,laptop_quad_train_2018,only complaint that i took a star off for is that the edge you rest your arms on is not rounded off and it is uncomfortable to rest on them for while .,1,['edge'],2,"[[3.0, 7.0], [3.2, 7.0]]","['complaint', 'uncomfortable']",['HARDWARE#DESIGN_FEATURES']
eng,laptop,laptop_quad_train_2024,it works really well with my art programs and runs a lot better !,1,[None],2,"[[7.33, 7.5], [7.83, 8.0]]","['better', 'really well']",['LAPTOP#OPERATION_PERFORMANCE']
eng,laptop,laptop_quad_train_2042,i ended up returning it even after getting a credit because the wireless did not work well and was extremely slow .,1,['wireless'],2,"[[3.33, 6.33], [3.5, 6.17]]","['extremely slow', 'not work well']",['PORTS#CONNECTIVITY']
eng,laptop,laptop_quad_train_2043,"everything is amazing , love the look and everything about it until now .",1,[None],3,"[[6.83, 6.83], [7.0, 7.17]]","['amazing', 'love']","['LAPTOP#DESIGN_FEATURES', 'LAPTOP#GENERAL']"
eng,laptop,laptop_quad_train_2048,the device itself is light and handsome - but virtually useless for long documents .,1,['device'],3,"[[3.25, 5.88], [6.38, 6.25], [6.62, 6.62]]","['handsome', 'light', 'virtually useless']","['LAPTOP#DESIGN_FEATURES', 'LAPTOP#OPERATION_PERFORMANCE']"
eng,laptop,laptop_quad_train_2063,"like the other one i borrowed , this one feels streamlined and easy to use .",1,[None],2,"[[6.5, 6.62], [6.62, 6.75]]","['easy', 'streamlined']",['LAPTOP#USABILITY']
eng,laptop,laptop_quad_train_2065,"they have a low - quality , hard plastic feel and a weird textured grain to them .",1,[None],3,"[[3.17, 6.5], [3.67, 6.17], [3.83, 6.0]]","['hard', 'low', 'weird']","['KEYBOARD#QUALITY', 'LAPTOP#DESIGN_FEATURES']"
eng,laptop,laptop_quad_train_2067,the touchpad is hard and clunky .,1,['touchpad'],2,"[[2.5, 7.75], [2.75, 7.5]]","['clunky', 'hard']",['HARDWARE#OPERATION_PERFORMANCE']
eng,laptop,laptop_quad_train_2070,"overall , it works well and is easy to use .",1,[None],2,"[[6.62, 6.62], [6.62, 6.75]]","['easy', 'well']","['LAPTOP#OPERATION_PERFORMANCE', 'LAPTOP#USABILITY']"
eng,laptop,laptop_quad_train_2072,"pros : streamlined and simple ; easy to use overall ; easy to find / delete pics & files ; good price ; looks nice from the outside , with the lid down ; good 14 ` ` screen size that ' s surprisingly hard to find",1,[None],7,"[[5.5, 5.5], [5.75, 5.5], [5.75, 6.0], [6.25, 6.25], [6.5, 6.5], [6.5, 6.75], [6.75, 7.0]]","['NULL', 'easy', 'good', 'nice', 'simple', 'streamlined']","['DISPLAY#GENERAL', 'LAPTOP#DESIGN_FEATURES', 'LAPTOP#PRICE', 'LAPTOP#USABILITY']"
eng,laptop,laptop_quad_train_2073,"cons : webcam doesn ' t have video - only takes pics ; awful , uncomfortable keyboard & trackpad ; chromebook extensions are lacking and don ' t address / make up for the limitations of this chromebook ; a bit heavy and clunky ; hard to figure out google cloud print",1,[None],2,"[[2.5, 7.0], [2.75, 7.0]]","['a bit heavy', 'clunky']",['LAPTOP#DESIGN_FEATURES']
eng,laptop,laptop_quad_train_2084,"while the product worked decently for about a month , it went downhill soon after .",1,['product'],2,"[[4.33, 5.33], [6.17, 6.0]]","['NULL', 'decently']",['LAPTOP#OPERATION_PERFORMANCE']
eng,laptop,laptop_quad_train_2087,the keys and mouse pad are responsive and comfortable to use .,1,['keys'],2,"[[7.33, 7.67], [7.67, 7.83]]","['comfortable', 'responsive']",['KEYBOARD#OPERATION_PERFORMANCE']
eng,laptop,laptop_quad_train_2087,the keys and mouse pad are responsive and comfortable to use .,1,['mouse pad'],2,"[[7.17, 7.5], [7.5, 7.67]]","['comfortable', 'responsive']",['KEYBOARD#OPERATION_PERFORMANCE']
eng,laptop,laptop_quad_train_2088,"now my main complaint is that is it very slow , especially for a new computer !",1,['computer'],2,"[[2.38, 7.62], [2.62, 6.0]]","['complaint', 'very slow']",['LAPTOP#OPERATION_PERFORMANCE']
eng,laptop,laptop_quad_train_2090,the drag and drop works poorly which is very annoying .,1,[None],2,"[[2.62, 7.62], [3.0, 5.62]]","['poorly', 'very annoying']",['OS#OPERATION_PERFORMANCE']
eng,laptop,laptop_quad_train_2112,"one of the two usb ports is defective , which is an enormous pain .",1,['usb ports'],2,"[[2.25, 7.62], [2.75, 6.12]]","['defective', 'pain']",['PORTS#OPERATION_PERFORMANCE']
eng,laptop,laptop_quad_train_2119,"the sad part is i truly do like acer products , but this made me rethink this purchase .",1,['acer products'],2,"[[3.33, 7.33], [6.67, 6.83]]","['like', 'sad']",['LAPTOP#GENERAL']
eng,laptop,laptop_quad_train_2126,feels nice and looks good but it truly is the worst chromebook on the market !,1,['chromebook'],3,"[[2.62, 7.25], [6.38, 6.38], [6.5, 6.5]]","['good', 'nice', 'worst']","['LAPTOP#DESIGN_FEATURES', 'LAPTOP#GENERAL']"
eng,laptop,laptop_quad_train_2151,"they are simply unreliable , poorly made laptops .",1,['laptops'],2,"[[2.8, 5.1], [2.9, 5.1]]","['poorly', 'simply unreliable']",['LAPTOP#GENERAL']
eng,laptop,laptop_quad_train_2153,"the picture was very bright and clear , the back - lit keyboard was a very nice feature , and it seemed like a good value for the price .",1,['picture'],2,"[[7.12, 7.25], [7.25, 7.25]]","['clear', 'very bright']",['DISPLAY#QUALITY']
eng,laptop,laptop_quad_train_2171,worked fine until 3 months after i bought it .,1,[None],2,"[[4.33, 5.33], [6.0, 5.67]]","['NULL', 'fine']",['LAPTOP#GENERAL']
eng,laptop,laptop_quad_train_2172,laptop was working fine until just under 3 months of use when it bsod ' d and wouldn ' t turn back on .,1,['laptop'],2,"[[4.0, 5.25], [5.75, 5.5]]","['NULL', 'fine']",['LAPTOP#OPERATION_PERFORMANCE']
eng,laptop,laptop_quad_train_2174,"this laptop ' s construction is cheap and flimsy , the battery is not removable and the back case is nearly impossible to take off without damaging it .",1,"[""laptop ' s construction""]",2,"[[5.25, 6.5], [5.5, 6.75]]","['cheap', 'flimsy']",['LAPTOP#DESIGN_FEATURES']
eng,laptop,laptop_quad_train_2178,"i will keep my rating at 3 stars , as the issues with the screen quality / shine - and volume / brightness keys being unusable and nonexistent , to be large issues for me .",1,['volume'],2,"[[3.17, 6.67], [3.33, 6.5]]","['nonexistent', 'unusable']",['MULTIMEDIA_DEVICES#QUALITY']
eng,laptop,laptop_quad_train_2179,"the laptop build is cheap looking and basic , but functional to say the least while i save up money .",1,['laptop build'],3,"[[3.38, 5.88], [5.38, 5.62], [6.62, 6.75]]","['basic', 'cheap looking', 'functional']","['LAPTOP#OPERATION_PERFORMANCE', 'LAPTOP#QUALITY']"
eng,laptop,laptop_quad_train_2181,"it looks awful , feels awful .",1,[None],2,"[[5.5, 5.5], [5.5, 6.83]]","['NULL', 'awful']",['LAPTOP#DESIGN_FEATURES']
eng,laptop,laptop_quad_train_2206,"it works well , but the only thing i don ' t like about it is that it makes it extremely difficult to find things that i ' m looking for .",1,[None],2,"[[3.75, 6.12], [6.5, 6.5]]","[""' t like"", 'well']","['LAPTOP#OPERATION_PERFORMANCE', 'LAPTOP#USABILITY']"
eng,laptop,laptop_quad_train_2241,"it ' s fast at processing , fast for web browsing and has a quick startup .",1,[None],3,"[[7.5, 7.67], [7.67, 7.83]]","['NULL', 'fast', 'quick']",['LAPTOP#OPERATION_PERFORMANCE']
eng,laptop,laptop_quad_train_2247,"it ' s light and thin , and overall the screen is pretty good .",1,[None],2,"[[7.5, 7.33], [7.67, 7.5]]","['light', 'thin']",['LAPTOP#DESIGN_FEATURES']
eng,laptop,laptop_quad_train_2248,"the hdd that comes with the computer is slow and loud , in fact the computer is not usable by todays standard , it ' s terribly slow .",1,[None],3,"[[2.83, 4.67], [3.0, 4.0], [4.0, 5.0]]","['not usable', 'slow', 'terribly']",['LAPTOP#USABILITY']
eng,laptop,laptop_quad_train_2261,"the customer service is the worst i have ever experienced , asking the same questions over and over , not helpful at all .",1,['customer service'],2,"[[2.38, 7.62], [2.5, 7.38]]","['not helpful', 'worst']",['SUPPORT#GENERAL']
eng,laptop,laptop_quad_train_2264,this is a painfully slow computer .,1,['computer'],2,"[[2.33, 7.33], [2.33, 7.5]]","['painfully', 'slow']",['LAPTOP#OPERATION_PERFORMANCE']
eng,laptop,laptop_quad_train_2288,then the light bleed becomes annoying and distracting .,1,['light bleed'],2,"[[3.33, 6.17], [3.5, 6.17]]","['annoying', 'distracting']",['DISPLAY#OPERATION_PERFORMANCE']
eng,laptop,laptop_quad_train_2289,- the hard drive is really slow and really loud .,1,['hard drive'],2,"[[3.33, 6.5], [3.5, 6.33]]","['really loud', 'really slow']",['HARD_DISK#OPERATION_PERFORMANCE']
eng,laptop,laptop_quad_train_2298,however i ' m happy to report that the keyboard is great and i ' ve already gotten use to it .,1,['keyboard'],2,"[[6.83, 6.83], [7.5, 7.33]]","['great', 'happy']",['KEYBOARD#GENERAL']
eng,laptop,laptop_quad_train_2299,with my first day of use everything was terribly slow and updates took hours .,1,[None],2,"[[2.67, 7.17], [3.67, 7.0]]","['slow', 'terribly']",['LAPTOP#OPERATION_PERFORMANCE']
eng,laptop,laptop_quad_train_2300,be prepared to wait a good five hours give or take until the system runs smoother .,1,['system'],2,"[[3.25, 7.5], [3.38, 7.5]]","['good', 'smoother']",['OS#OPERATION_PERFORMANCE']
eng,laptop,laptop_quad_train_2315,"it felt flimsy , but decent .",1,[None],2,"[[4.17, 5.67], [6.17, 5.83]]","['decent', 'flimsy']","['LAPTOP#DESIGN_FEATURES', 'LAPTOP#GENERAL']"
eng,laptop,laptop_quad_train_2318,"nicely sized , thin and portable , the works .",1,[None],3,"[[6.38, 6.25], [6.5, 6.38], [6.88, 6.62]]","['nicely', 'portable', 'thin']","['LAPTOP#DESIGN_FEATURES', 'LAPTOP#PORTABILITY']"
eng,laptop,laptop_quad_train_2327,"runs ok , cheapish , good for price i guess",1,[None],3,"[[5.75, 5.75], [6.0, 6.0], [6.25, 6.25]]","['cheapish', 'good', 'ok']","['LAPTOP#OPERATION_PERFORMANCE', 'LAPTOP#PRICE']"
eng,laptop,laptop_quad_train_2337,"the surface texture of the case is a satiny paper - like touch , which is both clean and easy to wipe down , but also not so smooth that you have to be concerned with it slipping out of your hand when carrying it .",1,['surface texture of the case'],2,"[[6.62, 6.5], [6.75, 6.75]]","['clean', 'easy']","['LAPTOP#DESIGN_FEATURES', 'LAPTOP#USABILITY']"
eng,laptop,laptop_quad_train_2339,the pop - up keyboard looks just like the android screen keyboard and the orientation detection and capacitive touch screen are snappy and very responsive .,1,['touch screen'],2,"[[6.88, 6.88], [7.0, 7.0]]","['snappy', 'very responsive']",['DISPLAY#OPERATION_PERFORMANCE']
eng,laptop,laptop_quad_train_2341,"it has a glassy - smooth surface that resists finger - prints and goop , is very large , and has a firm but not too - clunky feeling click to it .",1,['surface'],4,"[[7.5, 7.83], [7.67, 8.0], [7.83, 8.17], [8.0, 8.33]]","['firm', 'glassy', 'smooth', 'very large']",['DISPLAY#DESIGN_FEATURES']
eng,laptop,laptop_quad_train_2344,"- beautiful , bright ips screen with full 1080p resolution",1,['screen'],2,"[[7.33, 7.33], [7.33, 7.5]]","['beautiful', 'bright']",['DISPLAY#DESIGN_FEATURES']
eng,laptop,laptop_quad_train_2354,- clean and secure operating system that is very lean and gets the most out of the systems modest specs,1,['operating system'],3,"[[6.88, 6.62], [7.0, 6.88]]","['clean', 'secure']",['OS#DESIGN_FEATURES']
eng,laptop,laptop_quad_train_2357,"- boot time , sleep time and wake time are crazy fast .",1,['boot time'],2,"[[7.5, 7.25], [7.5, 7.5]]","['crazy', 'fast']",['OS#QUALITY']
eng,laptop,laptop_quad_train_2357,"- boot time , sleep time and wake time are crazy fast .",1,['sleep time'],2,"[[7.5, 7.25], [7.5, 7.5]]","['crazy', 'fast']",['OS#QUALITY']
eng,laptop,laptop_quad_train_2357,"- boot time , sleep time and wake time are crazy fast .",1,['wake time'],2,"[[7.5, 7.25], [7.5, 7.5]]","['crazy', 'fast']",['OS#QUALITY']
eng,laptop,laptop_quad_train_2358,- system settings could be more robust and better organized,1,['system settings'],2,"[[7.12, 7.38], [7.25, 7.5]]","['better', 'more robust']",['OS#DESIGN_FEATURES']
eng,laptop,laptop_quad_train_2361,"apps start very fast , graphics are much more responsive and capable when not being shared with chromeos and there are a number of ways you can tweak the ui / ux to your own liking .",1,['graphics'],2,"[[7.17, 7.33], [7.33, 7.17]]","['capable', 'much more responsive']",['GRAPHICS#USABILITY']
eng,laptop,laptop_quad_train_2377,the default scaling 1536x864 looks excellent and sharp to me .,1,['default scaling'],2,"[[7.75, 8.0], [8.0, 8.25]]","['excellent', 'sharp']",['DISPLAY#OPERATION_PERFORMANCE']
eng,laptop,laptop_quad_train_2384,"it ' s complementary , not revolutionary , which is much more intuitive and useful .",1,[None],2,"[[6.62, 6.38], [6.62, 6.62]]","['much more intuitive', 'useful']",['LAPTOP#GENERAL']
eng,laptop,laptop_quad_train_2404,"the keyboard is small , a little weird and takes some getting used to .",1,['keyboard'],2,"[[4.25, 5.75], [4.62, 5.5]]","['a little weird', 'small']",['KEYBOARD#DESIGN_FEATURES']
eng,laptop,laptop_quad_train_2409,"it ' s light , but also has a good weight to it .",1,[None],2,"[[7.17, 7.33], [7.33, 7.5]]","['good', 'light']",['LAPTOP#DESIGN_FEATURES']
eng,laptop,laptop_quad_train_2410,"- the touchscreen is very responsive , fast , and so far everything has scaled just fine during use",1,['touchscreen'],3,"[[6.5, 7.0], [7.5, 8.0], [8.0, 8.5]]","['fast', 'just fine', 'very responsive']",['HARDWARE#OPERATION_PERFORMANCE']
eng,laptop,laptop_quad_train_2419,"one , the display is gorgeous ; watching video is a treat .",1,['display'],2,"[[7.33, 7.5], [7.67, 8.0]]","['gorgeous', 'treat']",['DISPLAY#OPERATION_PERFORMANCE']
eng,laptop,laptop_quad_train_2424,"the speakers get plenty loud , but they start to sound pretty bad when turned up a little past half volume .",1,['speakers'],2,"[[3.83, 6.0], [6.33, 6.33]]","['loud', 'pretty bad']",['MULTIMEDIA_DEVICES#OPERATION_PERFORMANCE']
eng,laptop,laptop_quad_train_2425,the core m3 allows this system to get fast and to stay quiet .,1,['core m3'],2,"[[7.5, 7.5], [7.67, 7.5]]","['fast', 'quiet']",['CPU#OPERATION_PERFORMANCE']
eng,laptop,laptop_quad_train_2428,it will take years of bad programming to make this chromebook as slow as my last one got .,1,['chromebook'],2,"[[2.5, 7.67], [2.83, 5.33]]","['bad', 'slow']",['LAPTOP#OPERATION_PERFORMANCE']
eng,laptop,laptop_quad_train_2430,"having had it for just over a month , i have to say i am thoroughly impressed by its versatility and how stable the os is .",1,['os'],2,"[[7.17, 7.17], [7.17, 7.33]]","['stable', 'versatility']",['OS#OPERATION_PERFORMANCE']
eng,laptop,laptop_quad_train_2434,- excellent build quality - aluminium case is solid and has a premium feel,1,['aluminium case'],2,"[[7.75, 7.88], [7.88, 8.12]]","['premium', 'solid']",['LAPTOP#QUALITY']
eng,laptop,laptop_quad_train_2440,"pros : lightweight , fast , portable , great battery life ( 12 .",1,[None],2,"[[7.0, 7.25], [7.25, 7.25]]","['fast', 'lightweight']","['LAPTOP#DESIGN_FEATURES', 'LAPTOP#OPERATION_PERFORMANCE']"
eng,laptop,laptop_quad_train_2448,"the keyboard is fully sized and comfortable , the key travel is good with great action , backlighting is enough and adaptive .",1,['keyboard'],2,"[[7.0, 7.0], [7.5, 7.0]]","['comfortable', 'fully sized']","['KEYBOARD#DESIGN_FEATURES', 'KEYBOARD#QUALITY']"
eng,laptop,laptop_quad_train_2448,"the keyboard is fully sized and comfortable , the key travel is good with great action , backlighting is enough and adaptive .",1,['backlighting'],2,"[[6.5, 6.5], [7.0, 7.0]]","['adaptive', 'enough']",['KEYBOARD#DESIGN_FEATURES']
eng,laptop,laptop_quad_train_2453,everything is either good or excellent in quality .,1,[None],2,"[[6.75, 6.62], [7.88, 7.88]]","['excellent', 'good']",['LAPTOP#QUALITY']
eng,laptop,laptop_quad_train_2458,"- i was worried that because the chromebooks are internet based it would run slow , but so far it is very fast at processing , installing , and uploading things .",1,['chromebooks'],3,"[[4.5, 5.83], [5.17, 5.67], [7.0, 6.5]]","['slow', 'very fast', 'worried']",['LAPTOP#OPERATION_PERFORMANCE']
eng,laptop,laptop_quad_train_2460,"this is smart looking , thin , light weight , and portable .",1,[None],3,"[[6.5, 6.38], [6.62, 6.5], [6.75, 6.62]]","['light', 'smart', 'thin']",['LAPTOP#DESIGN_FEATURES']
eng,laptop,laptop_quad_train_2463,- the keyboard is great and has a nice gentle / quiet click to it .,1,['keyboard'],3,"[[7.25, 7.5], [7.38, 7.5], [7.5, 7.62]]","['great', 'nice', 'quiet']","['KEYBOARD#GENERAL', 'KEYBOARD#USABILITY']"
eng,laptop,laptop_quad_train_2465,"- the trackpad , while a little on the small size , has a nice glass smooth finish and it works reliable well .",1,['trackpad'],4,"[[7.25, 7.25], [7.5, 7.25]]","['nice', 'reliable', 'smooth', 'well']","['KEYBOARD#DESIGN_FEATURES', 'KEYBOARD#OPERATION_PERFORMANCE']"
eng,laptop,laptop_quad_train_2466,- the touchscreen works great and is very responsive .,1,['touchscreen'],2,"[[7.5, 7.67], [7.5, 7.83]]","['great', 'very responsive']",['DISPLAY#OPERATION_PERFORMANCE']
eng,laptop,laptop_quad_train_2467,- the build quality is great but not necessarily impressive .,1,['build quality'],2,"[[5.0, 5.62], [7.5, 7.38]]","['great', 'not necessarily impressive']",['LAPTOP#QUALITY']
eng,laptop,laptop_quad_train_2473,"the display is perfect for me , plenty of brightness and a decent resolution .",1,['display'],2,"[[7.5, 8.0], [7.75, 8.25]]","['brightness', 'perfect']",['DISPLAY#GENERAL']
eng,laptop,laptop_quad_train_2481,despite these cons i think this was a great purchase .,1,[None],2,"[[6.33, 5.67], [7.67, 7.5]]","['cons', 'great']",['LAPTOP#GENERAL']
eng,laptop,laptop_quad_train_2484,"if you are in need of a reliable laptop that is lightweight , fast , and convertible , i highly recommend the asus c302 !",1,['asus c302'],5,"[[7.33, 7.33], [7.33, 7.5], [7.5, 7.33], [7.83, 7.83], [8.0, 8.0]]","['convertible', 'fast', 'highly recommend', 'lightweight', 'reliable']","['LAPTOP#DESIGN_FEATURES', 'LAPTOP#GENERAL', 'LAPTOP#USABILITY']"
eng,laptop,laptop_quad_train_2484,"if you are in need of a reliable laptop that is lightweight , fast , and convertible , i highly recommend the asus c302 !",1,['laptop'],5,"[[7.33, 7.33], [7.33, 7.5], [7.5, 7.33], [7.5, 7.5], [8.0, 8.0]]","['convertible', 'fast', 'highly recommend', 'lightweight', 'reliable']","['LAPTOP#DESIGN_FEATURES', 'LAPTOP#GENERAL', 'LAPTOP#USABILITY']"
eng,laptop,laptop_quad_train_2487,the c302 is heavier in size and appearance and also significantly better in all aspects .,1,['c302'],2,"[[6.0, 7.0], [7.67, 7.67]]","['better', 'heavier']",['LAPTOP#DESIGN_FEATURES']
eng,laptop,laptop_quad_train_2488,the keyboard traction is clicky and the layout is spaced out well enough for a terrific typing experience .,1,['layout'],2,"[[7.5, 8.0], [7.75, 8.25]]","['terrific', 'well']",['KEYBOARD#OPERATION_PERFORMANCE']
eng,laptop,laptop_quad_train_2489,the premium feel combined with the charming simplicity of chrome os really gives it a stunning experience .,1,[None],2,"[[8.0, 8.0], [8.5, 8.5]]","['premium', 'stunning']",['LAPTOP#OPERATION_PERFORMANCE']
eng,laptop,laptop_quad_train_2491,"build quality is very good , nearing the ` ` excellent ` ` mark , especially for the price .",1,['build quality'],2,"[[7.25, 7.25], [8.0, 8.0]]","['excellent', 'very good']",['LAPTOP#QUALITY']
eng,laptop,laptop_quad_train_2495,the m3 processor is fast and fluid .,1,['m3 processor'],2,"[[7.5, 7.62], [7.62, 7.75]]","['fast', 'fluid']",['CPU#OPERATION_PERFORMANCE']
eng,laptop,laptop_quad_train_2496,"and the backlit keyboard has a very good feel , and great key ` ` travel . ` `",1,['backlit keyboard'],2,"[[7.5, 7.33], [7.83, 7.83]]","['great', 'very good']",['KEYBOARD#USABILITY']
eng,laptop,laptop_quad_train_2496,"and the backlit keyboard has a very good feel , and great key ` ` travel . ` `",1,['keyboard'],2,"[[7.33, 7.33], [7.67, 7.67]]","['great', 'very good']",['KEYBOARD#USABILITY']
eng,laptop,laptop_quad_train_2497,"despite the minor case marks , i can heartily recommend this chromebook based on features , design , and operation .",1,['chromebook'],2,"[[7.75, 7.88], [7.88, 8.0]]",['recommend'],"['LAPTOP#DESIGN_FEATURES', 'LAPTOP#OPERATION_PERFORMANCE']"
eng,laptop,laptop_quad_train_2498,"great product build - the quality of this asus chromebook is impressive at any price , but at sub - $ 500 it ' s astounding .",1,['asus chromebook'],2,"[[8.25, 8.0], [8.25, 8.12]]","['astounding', 'impressive']","['LAPTOP#PRICE', 'LAPTOP#QUALITY']"
eng,laptop,laptop_quad_train_2503,"this chromebook is light - weight , durable and beautiful .",1,['chromebook'],3,"[[7.17, 7.33], [7.33, 7.5]]","['beautiful', 'durable', 'light']","['LAPTOP#DESIGN_FEATURES', 'LAPTOP#OPERATION_PERFORMANCE']"
eng,laptop,laptop_quad_train_2507,this chrome book joins the group and is itself excellent and different .,1,['chrome book'],2,"[[7.33, 7.17], [7.83, 7.67]]","['different', 'excellent']",['LAPTOP#GENERAL']
eng,laptop,laptop_quad_train_2510,"fast , beautiful display , comfortable keyboard , and the android apps work well ( not great yet , but well ) .",1,['android apps'],3,"[[4.5, 6.0], [5.0, 5.0], [7.0, 7.0]]","['NULL', 'not great', 'well']",['SOFTWARE#OPERATION_PERFORMANCE']
eng,laptop,laptop_quad_train_2513,"still , a very nice compact chromebook .",1,['chromebook'],2,"[[6.8, 6.7], [6.9, 6.9]]","['compact', 'very nice']",['LAPTOP#GENERAL']
eng,laptop,laptop_quad_train_2514,"it has a light design making it easy for travel , reasonably small screen that makes it easy to use on your lap or in class , and a quality chassis to give it that nice premium feeling almost like a shiny apple mac .",1,[None],3,"[[6.25, 6.25], [6.75, 7.0], [7.25, 7.5]]","['NULL', 'easy', 'light']","['LAPTOP#DESIGN_FEATURES', 'LAPTOP#PORTABILITY', 'LAPTOP#USABILITY']"
eng,laptop,laptop_quad_train_2514,"it has a light design making it easy for travel , reasonably small screen that makes it easy to use on your lap or in class , and a quality chassis to give it that nice premium feeling almost like a shiny apple mac .",1,['chassis'],2,"[[8.0, 8.25], [8.25, 8.5]]","['nice', 'quality']",['LAPTOP#DESIGN_FEATURES']
eng,laptop,laptop_quad_train_2515,the biggest benefit with this computer for me is the longevity of the battery life with this thing .,1,['battery life'],2,"[[7.5, 8.0], [7.75, 8.25]]","['benefit', 'longevity']",['BATTERY#OPERATION_PERFORMANCE']
eng,laptop,laptop_quad_train_2521,"surprisingly to me , the tablet form has been better than expected for reading .",1,['tablet form'],2,"[[7.67, 7.67], [8.0, 7.83]]","['better', 'surprisingly']",['LAPTOP#OPERATION_PERFORMANCE']
eng,laptop,laptop_quad_train_2524,it ' s one of the best chromebook in the market if not the best .,1,['chromebook'],2,"[[6.38, 6.25], [7.5, 7.38]]","['NULL', 'best']",['LAPTOP#GENERAL']
eng,laptop,laptop_quad_train_2527,trackbad : it could be better but it ' s not bad 8 .,1,['trackbad'],2,"[[6.83, 7.17], [7.17, 7.33]]","['better', 'not bad']",['KEYBOARD#GENERAL']
eng,laptop,laptop_quad_train_2535,"chrome is also a great os - fast and so convenient especially if you rely on docs , sheets , google drive , etc .",1,['chrome'],3,"[[7.33, 6.83], [7.5, 7.0], [7.5, 7.33]]","['fast', 'great', 'so convenient']",['OS#OPERATION_PERFORMANCE']
eng,laptop,laptop_quad_train_2535,"chrome is also a great os - fast and so convenient especially if you rely on docs , sheets , google drive , etc .",1,['os'],3,"[[7.17, 6.83], [7.17, 7.0], [7.33, 7.0]]","['fast', 'great', 'so convenient']",['OS#OPERATION_PERFORMANCE']
eng,laptop,laptop_quad_train_2537,this chromebook features a full size keyboard and is easier type on by a long shot .,1,['keyboard'],2,"[[7.67, 7.83], [7.67, 8.0]]","['easier', 'full size']","['KEYBOARD#DESIGN_FEATURES', 'KEYBOARD#OPERATION_PERFORMANCE']"
eng,laptop,laptop_quad_train_2540,the device is very light and easily transportable .,1,['device'],2,"[[7.17, 7.0], [7.33, 7.5]]","['easily transportable', 'very light']","['LAPTOP#DESIGN_FEATURES', 'LAPTOP#PORTABILITY']"
eng,laptop,laptop_quad_train_2555,great battery ; charges quickly .,1,['battery'],2,"[[7.33, 7.5], [7.5, 7.83]]","['great', 'quickly']","['BATTERY#GENERAL', 'BATTERY#OPERATION_PERFORMANCE']"
eng,laptop,laptop_quad_train_2558,it worked beautifully and smoothly .,1,[None],2,"[[7.62, 7.75], [7.75, 7.75]]","['beautifully', 'smoothly']",['LAPTOP#OPERATION_PERFORMANCE']
eng,laptop,laptop_quad_train_2560,- backlit keyboard that ' s really quiet ( perfect for in - class typing or library use ),1,['backlit keyboard'],2,"[[7.62, 7.88], [7.75, 8.0]]","['perfect', 'really quiet']",['KEYBOARD#GENERAL']
eng,laptop,laptop_quad_train_2572,"i used to use a ridiculously heavy d _ _ _ inspirion , which i love because of the 17 ` ` screen and capabilities , but i quickly found that carrying it anywhere caused my shoulders and back to hurt !",1,[None],2,"[[5.0, 5.0], [8.0, 8.0]]","['NULL', 'love']","['DISPLAY#GENERAL', 'LAPTOP#USABILITY']"
eng,laptop,laptop_quad_train_2573,"i love , love , love this computer .",1,['computer'],3,"[[5.83, 5.83], [7.33, 7.5], [7.5, 7.67]]","['NULL', 'love']",['LAPTOP#GENERAL']
eng,laptop,laptop_quad_train_2578,"the touchpad is not the best , but it is not that terrible either .",1,['touchpad'],2,"[[3.83, 6.33], [5.0, 5.5]]","['not that terrible', 'not the best']",['KEYBOARD#GENERAL']
eng,laptop,laptop_quad_train_2583,"sleek , great keyboard , convertible laptop with great battery life , nice display and android app support after running a system update .",1,['keyboard'],2,"[[7.5, 7.67], [7.67, 7.67]]","['great', 'sleek']",['KEYBOARD#DESIGN_FEATURES']
eng,laptop,laptop_quad_train_2596,it ' s an easy one for me : the 302 offers a better experience overall and it ' s not close .,1,['302'],2,"[[7.25, 7.38], [7.5, 7.5]]","['better', 'easy']",['LAPTOP#QUALITY']
eng,laptop,laptop_quad_train_2605,the color of everything is so very much brighter and clearer it makes the extra cost is worth more for just that .,1,['color'],3,"[[7.25, 7.12], [7.25, 7.25], [7.62, 7.62]]","['clearer', 'so very much brighter', 'worth more']",['LAPTOP#DESIGN_FEATURES']
eng,laptop,laptop_quad_train_2606,the whole thing seems very sturdy but not stiff .,1,[None],2,"[[6.17, 5.83], [6.5, 6.5]]","['not stiff', 'very sturdy']",['LAPTOP#DESIGN_FEATURES']
eng,laptop,laptop_quad_train_2608,everything works fast and smooth .,1,[None],2,"[[7.33, 7.33], [7.5, 7.5]]","['fast', 'smooth']",['LAPTOP#OPERATION_PERFORMANCE']
eng,laptop,laptop_quad_train_2611,"i did my research and found a combination of features i wanted : quality screen , faster processor , google play store compatibility , quality keyboard with a solid feel and the option to use as a tablet .",1,['keyboard'],2,"[[7.0, 7.0], [7.17, 7.17]]","['NULL', 'solid']",['KEYBOARD#QUALITY']
eng,laptop,laptop_quad_train_2612,"i will admit that i needed to get used to a combination of keystrokes and screen touches , but the touch screen is both sensitive and accurate .",1,['touch screen'],2,"[[7.17, 7.33], [7.5, 7.67]]","['accurate', 'sensitive']",['DISPLAY#USABILITY']
eng,laptop,laptop_quad_train_2618,it ' s performance is quite zippy and the screen is very sharp and bright .,1,['screen'],2,"[[6.5, 6.62], [6.75, 6.88]]","['bright', 'very sharp']",['DISPLAY#DESIGN_FEATURES']
eng,laptop,laptop_quad_train_2624,"i have a lot of asus products and am happy with their service and quality of product , and this is no exception .",1,['asus products'],2,"[[7.12, 7.25], [7.25, 7.38]]",['happy'],['LAPTOP#QUALITY']
eng,laptop,laptop_quad_train_2636,"the screen is a little smaller , but it ' s touch and even higher resolution .",1,['screen'],3,"[[4.25, 5.38], [6.38, 6.25], [6.5, 6.38]]","['a little smaller', 'even higher', 'touch']",['DISPLAY#DESIGN_FEATURES']
eng,laptop,laptop_quad_train_2644,"nice build quality , very fast and beautiful display .",1,['display'],2,"[[7.33, 7.33], [7.33, 7.67]]","['beautiful', 'very fast']",['DISPLAY#GENERAL']
eng,laptop,laptop_quad_train_2646,it stays very cool to the touch and the performance has really been amazing .,1,[None],2,"[[7.33, 7.5], [8.17, 8.17]]","['really been amazing', 'very cool']",['LAPTOP#OPERATION_PERFORMANCE']
eng,laptop,laptop_quad_train_2647,i ' m very very happy with this fast lightweight convertible chromebook and my search has concluded .,1,['chromebook'],4,"[[6.67, 6.83], [6.83, 7.0], [7.33, 7.33], [7.33, 7.5]]","['convertible', 'fast', 'lightweight', 'very very happy']","['LAPTOP#DESIGN_FEATURES', 'LAPTOP#OPERATION_PERFORMANCE']"
eng,laptop,laptop_quad_train_2648,"has everything i was looking for , such as touch screen capability , tablet convertible , small bezel , lightweight and small footprint , * backlit * keyboard , not one but two * * usb - c * * ports , octane 2 .",1,['footprint'],2,"[[5.25, 5.0], [7.5, 7.75]]","['NULL', 'lightweight']",['LAPTOP#DESIGN_FEATURES']
eng,laptop,laptop_quad_train_2658,"a fantastic product , with an aluminum frame , touchscreen , and high definition ; high resolution screen ; you can ' t beat this .",1,['touchscreen'],2,"[[6.38, 6.62], [6.5, 6.62]]",['NULL'],"['DISPLAY#GENERAL', 'LAPTOP#GENERAL']"
eng,laptop,laptop_quad_train_2659,"the m3 is great , never slow or laggy .",1,['m3'],2,"[[7.67, 7.83], [7.83, 8.0]]","['great', 'never slow or laggy']",['LAPTOP#OPERATION_PERFORMANCE']
eng,laptop,laptop_quad_train_2661,the chromebook loads everything lightning fast and provides a simple user experience that gets you where you need to go quickly and efficiently .,1,['chromebook'],3,"[[7.0, 7.17], [7.33, 7.33]]","['efficiently', 'fast', 'quickly']",['LAPTOP#OPERATION_PERFORMANCE']
eng,laptop,laptop_quad_train_2662,"the computer itself is sturdy and feels well - made , though the keyboard is a bit smaller than i ' m used to .",1,['computer'],2,"[[7.5, 7.62], [7.5, 7.75]]","['sturdy', 'well - made']",['LAPTOP#DESIGN_FEATURES']
eng,laptop,laptop_quad_train_2663,this keyboard was perfect - not cramped and highly responsive .,1,['keyboard'],3,"[[7.5, 7.5], [7.83, 7.67], [7.83, 7.83]]","['highly responsive', 'not cramped', 'perfect']",['KEYBOARD#OPERATION_PERFORMANCE']
eng,laptop,laptop_quad_train_2664,the pricing was too good to pass up and i ' ve really been pleased with the product .,1,['product'],2,"[[6.88, 7.12], [7.38, 7.62]]","['really been pleased', 'too good']","['LAPTOP#GENERAL', 'LAPTOP#PRICE']"
eng,laptop,laptop_quad_train_2671,"it ' s lightweight , sleek , and sexy as hell .",1,[None],3,"[[6.88, 6.75], [7.0, 6.88], [7.25, 7.25]]","['lightweight', 'sexy', 'sleek']",['LAPTOP#DESIGN_FEATURES']
eng,laptop,laptop_quad_train_2676,the machine is incredibly responsive .,1,['machine'],2,"[[7.83, 8.17], [8.0, 8.33]]","['incredibly', 'responsive']",['LAPTOP#OPERATION_PERFORMANCE']
eng,laptop,laptop_quad_train_2681,the screen is bright and beautiful .,1,['screen'],2,"[[6.75, 6.88], [7.25, 7.25]]","['beautiful', 'bright']",['DISPLAY#DESIGN_FEATURES']
eng,laptop,laptop_quad_train_2682,the overall device is slim and lightweight .,1,['device'],2,"[[7.17, 7.17], [7.17, 7.5]]","['lightweight', 'slim']",['LAPTOP#DESIGN_FEATURES']
eng,laptop,laptop_quad_train_2702,my biggest gripe with this that makes me incredibly frustrated is that google hangouts is unreliable on this .,1,['google hangouts'],2,"[[3.17, 6.33], [3.5, 5.83]]","['incredibly frustrated', 'unreliable']",['SOFTWARE#OPERATION_PERFORMANCE']
eng,laptop,laptop_quad_train_2706,i ' ve been happy with all of the asus devices i ' ve purchased ( several computers and tablets ) but this is a real gem .,1,['asus devices'],2,"[[7.0, 7.17], [7.17, 7.5]]","['happy', 'real gem']",['LAPTOP#GENERAL']
eng,laptop,laptop_quad_train_2708,if you are looking to ditch apple i recommend it and touch screen works great and easy to read movie scripts to take notes .,1,[None],2,"[[7.67, 7.83], [8.17, 8.33]]","['easy', 'recommend']","['LAPTOP#GENERAL', 'LAPTOP#OPERATION_PERFORMANCE']"
eng,laptop,laptop_quad_train_2710,i ' ve found the large trackpad to be responsive and accurate .,1,['trackpad'],2,"[[7.12, 7.12], [7.38, 7.5]]","['accurate', 'responsive']",['HARDWARE#OPERATION_PERFORMANCE']
eng,laptop,laptop_quad_train_2711,backlit keyboard is extremely viewable and comfortable .,1,['backlit keyboard'],2,"[[7.38, 7.25], [7.5, 7.38]]","['comfortable', 'extremely viewable']",['KEYBOARD#USABILITY']
eng,laptop,laptop_quad_train_2716,chrome os is pretty simplistic and easy to learn .,1,['chrome os'],2,"[[7.12, 7.38], [7.38, 7.5]]","['easy', 'pretty simplistic']",['OS#USABILITY']
eng,laptop,laptop_quad_train_2724,a + device and i would highly recommend it .,1,['device'],2,"[[6.5, 6.0], [7.0, 6.5]]","['a +', 'highly recommend']",['LAPTOP#GENERAL']
eng,laptop,laptop_quad_train_2725,"i am happy to say that this is a really well built , capable machine and i am very very happy with this chromebook .",1,['machine'],2,"[[7.25, 7.5], [7.5, 7.75]]","['capable', 'really well']",['LAPTOP#QUALITY']
eng,laptop,laptop_quad_train_2727,it ' s super portable and sleek .,1,[None],2,"[[7.0, 7.33], [7.17, 7.33]]","['sleek', 'super portable']","['LAPTOP#DESIGN_FEATURES', 'LAPTOP#PORTABILITY']"
eng,laptop,laptop_quad_train_2735,"pros : light - sensor back - lit keyboard , great battery , fast startup , average - student friendly",1,['startup'],2,"[[7.0, 7.33], [7.67, 8.0]]","['fast', 'pros']",['OS#OPERATION_PERFORMANCE']
eng,laptop,laptop_quad_train_2745,the touchscreen is great though and feels very intuitive .,1,['touchscreen'],2,"[[7.0, 7.0], [7.12, 7.12]]","['great', 'very intuitive']",['DISPLAY#GENERAL']
eng,laptop,laptop_quad_train_2758,- backlit and solid keyboard ( not flimsy or cheap ),1,['keyboard'],2,"[[5.0, 6.38], [7.12, 7.0]]","['not flimsy or cheap', 'solid']",['KEYBOARD#DESIGN_FEATURES']
eng,laptop,laptop_quad_train_2760,- side buttons are responsive and well - made,1,['side buttons'],2,"[[7.0, 7.33], [7.17, 7.5]]","['responsive', 'well - made']","['HARDWARE#DESIGN_FEATURES', 'HARDWARE#OPERATION_PERFORMANCE']"
eng,laptop,laptop_quad_train_2766,trackpad is nice and quiet and responsive .,1,['trackpad'],3,"[[6.75, 7.0], [7.0, 7.25], [7.5, 7.75]]","['nice', 'quiet', 'responsive']","['KEYBOARD#GENERAL', 'KEYBOARD#OPERATION_PERFORMANCE']"
eng,laptop,laptop_quad_train_2781,"love how fast it is , love that it can do everything i ' ve asked it to do so far in the two weeks i ' ve owned it , and i love how compact and easy it is to carry around .",1,[None],5,"[[5.25, 5.0], [6.5, 6.5], [7.5, 7.5], [7.75, 7.5]]","['NULL', 'easy', 'fast', 'love']","['LAPTOP#OPERATION_PERFORMANCE', 'LAPTOP#PORTABILITY']"
eng,laptop,laptop_quad_train_2809,the keyboard has a nice quiet touch .,1,['keyboard'],2,"[[6.12, 5.88], [6.25, 6.25]]","['nice', 'quiet']",['KEYBOARD#OPERATION_PERFORMANCE']
eng,laptop,laptop_quad_train_2811,chrome os is intuitive and easy to use .,1,['chrome os'],2,"[[7.33, 7.67], [7.67, 8.0]]","['easy', 'intuitive']",['OS#USABILITY']
eng,laptop,laptop_quad_train_2821,this biggest weak point and my only major complaint is that the speakers on it just suck .,1,['speakers'],3,"[[3.0, 6.83], [3.17, 4.67], [3.2, 5.5]]","['complaint', 'just suck', 'weak']",['MULTIMEDIA_DEVICES#GENERAL']
eng,laptop,laptop_quad_train_2830,"the 1080p screen is bright and has decent viewing angles , the hinge is smooth and solid enough to not shake when typing on your lap .",1,['1080p screen'],2,"[[6.5, 6.62], [6.88, 7.0]]","['bright', 'decent']",['DISPLAY#QUALITY']
eng,laptop,laptop_quad_train_2830,"the 1080p screen is bright and has decent viewing angles , the hinge is smooth and solid enough to not shake when typing on your lap .",1,['hinge'],2,"[[7.0, 6.88], [7.0, 7.0]]","['smooth', 'solid']",['LAPTOP#QUALITY']
eng,laptop,laptop_quad_train_2835,"i ' m beyond satisfied with this chromebook , it is stunning in every way .",1,['chromebook'],2,"[[6.83, 6.83], [7.0, 6.83]]","['satisfied', 'stunning']",['LAPTOP#GENERAL']
eng,laptop,laptop_quad_train_2837,"light weight , very convenient to use .",1,[None],2,"[[7.17, 7.5], [7.33, 7.67]]","['light', 'very convenient']","['LAPTOP#DESIGN_FEATURES', 'LAPTOP#USABILITY']"
eng,laptop,laptop_quad_train_2841,i love how much you can customize this and also it is pretty speedy !,1,[None],2,"[[6.88, 6.62], [6.88, 6.75]]","['love', 'pretty speedy']",['LAPTOP#OPERATION_PERFORMANCE']
eng,laptop,laptop_quad_train_2844,love the backlit keyboard not a lot of screen wobble - was a bit worried about the screen ratio in tablet mode but it ' s just fine .,1,['screen ratio'],2,"[[4.33, 5.83], [6.17, 6.5]]","['a bit worried', 'just fine']",['DISPLAY#GENERAL']
eng,laptop,laptop_quad_train_2847,the keyboard is also one of the nicest most comfortable i have ever used .,1,['keyboard'],2,"[[7.17, 7.33], [7.17, 7.5]]","['comfortable', 'nicest']",['KEYBOARD#USABILITY']
eng,laptop,laptop_quad_train_2848,"in closing , if you are looking for a nice on the go computer or something to take to college , this is an excellent choice .",1,['computer'],2,"[[7.67, 7.83], [8.0, 8.17]]","['excellent', 'nice']",['LAPTOP#GENERAL']
eng,laptop,laptop_quad_train_2849,the screen is crisp and bright .,1,['screen'],2,"[[7.33, 7.67], [7.5, 7.83]]","['bright', 'crisp']",['DISPLAY#QUALITY']
eng,laptop,laptop_quad_train_2851,"the keyboard is spacious , and has a nice tactile feel .",1,['keyboard'],2,"[[7.38, 7.5], [7.5, 7.75]]","['nice', 'spacious']","['KEYBOARD#DESIGN_FEATURES', 'KEYBOARD#OPERATION_PERFORMANCE']"
eng,laptop,laptop_quad_train_2858,touchpad is nice and responsive .,1,['touchpad'],2,"[[7.25, 7.38], [7.5, 7.5]]","['nice', 'responsive']",['LAPTOP#OPERATION_PERFORMANCE']
eng,laptop,laptop_quad_train_2862,portability is also great due to the fact it ' s slim and very light and the fact it ' s a convertible is added value .,1,[None],4,"[[7.17, 7.0], [7.17, 7.17], [7.67, 7.5]]","['convertible', 'great', 'slim', 'very light']","['LAPTOP#DESIGN_FEATURES', 'LAPTOP#GENERAL', 'LAPTOP#PORTABILITY']"
eng,laptop,laptop_quad_train_2866,"the screen is very good all around , though it may get bright enough for comfortable outdoor use in direct sunlight .",1,['screen'],2,"[[7.0, 6.75], [7.0, 7.0]]","['comfortable', 'very good']",['DISPLAY#USABILITY']
eng,laptop,laptop_quad_train_2869,it starts up right away and has decent battery life that looks nice .,1,['battery life'],2,"[[6.83, 6.83], [7.17, 7.33]]","['decent', 'nice']",['BATTERY#OPERATION_PERFORMANCE']
eng,laptop,laptop_quad_train_2870,"when it has served me well , this asus chromebook flip c302ca is amazing .",1,['asus chromebook flip c302ca'],2,"[[7.33, 7.33], [7.83, 7.5]]","['amazing', 'well']",['LAPTOP#OPERATION_PERFORMANCE']
eng,laptop,laptop_quad_train_2872,"touchscreen is phenomenal and although awkward to hold when in full tablet mode , a neat feature to have .",1,['touchscreen'],2,"[[7.0, 6.83], [8.5, 8.33]]","['neat', 'phenomenal']",['DISPLAY#GENERAL']
eng,laptop,laptop_quad_train_2873,speakers are nice and loud .,1,['speakers'],2,"[[6.83, 6.83], [7.5, 7.5]]","['loud', 'nice']",['MULTIMEDIA_DEVICES#OPERATION_PERFORMANCE']
eng,laptop,laptop_quad_train_2876,overall it has been a wonder experience and quality product .,1,['product'],2,"[[7.5, 7.67], [7.67, 7.83]]","['quality', 'wonder']",['LAPTOP#QUALITY']
eng,laptop,laptop_quad_train_2877,the chromebook looks very nice and works very well .,1,['chromebook'],2,"[[6.38, 6.25], [6.38, 6.38]]","['very nice', 'very well']","['LAPTOP#DESIGN_FEATURES', 'LAPTOP#OPERATION_PERFORMANCE']"
eng,laptop,laptop_quad_train_2883,"there is plenty of room for positives , it looks sharp , runs great and is the perfect size for traveling and working on the go .",1,[None],2,"[[6.33, 6.17], [6.5, 6.17]]","['great', 'sharp']","['LAPTOP#DESIGN_FEATURES', 'LAPTOP#OPERATION_PERFORMANCE']"
eng,laptop,laptop_quad_train_2885,"i run around with it a lot , it doesn ' t just sit on a desk , and it ' s portability , ease of use , and flexibility in how i use it has been wonderful .",1,[None],2,"[[6.75, 6.75], [7.5, 7.25]]","['ease', 'wonderful']",['LAPTOP#USABILITY']
eng,laptop,laptop_quad_train_2889,the keyboard has excellent travel and just feels right .,1,['keyboard'],2,"[[7.67, 7.83], [8.0, 8.17]]","['excellent', 'right']",['KEYBOARD#OPERATION_PERFORMANCE']
eng,laptop,laptop_quad_train_2891,i highly recommend this product to any one whose needs are simple and mostly web based .,1,['product'],2,"[[6.88, 6.62], [7.38, 7.12]]","['highly recommend', 'simple']",['LAPTOP#GENERAL']
eng,laptop,laptop_quad_train_2896,everything is very smooth and fast .,1,[None],2,"[[7.5, 7.75], [7.75, 8.0]]","['fast', 'very smooth']",['LAPTOP#OPERATION_PERFORMANCE']
eng,laptop,laptop_quad_train_2906,"the keyboard makes it easy to type notes quickly and write papers , and the backlit keyboard is a major plus .",1,['keyboard'],2,"[[7.0, 7.25], [7.38, 7.5]]","['easy', 'quickly']",['KEYBOARD#USABILITY']
eng,laptop,laptop_quad_train_2909,"well designed , nice fit and finish , and the build quality seems exceptional .",1,[None],2,"[[6.5, 6.75], [6.75, 7.0]]","['nice', 'well']",['LAPTOP#DESIGN_FEATURES']
eng,laptop,laptop_quad_train_2915,the screen looks fantastic and movies look great .,1,['screen'],2,"[[7.75, 7.5], [7.75, 7.75]]","['fantastic', 'great']",['DISPLAY#DESIGN_FEATURES']
eng,laptop,laptop_quad_train_2919,the only complaint i have is relatively minor in that the screen is a little small for my taste .,1,['screen'],2,"[[4.0, 6.33], [4.67, 6.17]]","['a little small', 'complaint']",['DISPLAY#DESIGN_FEATURES']
eng,laptop,laptop_quad_train_2932,"an awesome product , well built - well worth your time and money .",1,['product'],3,"[[6.83, 7.0], [7.0, 7.17], [7.5, 7.5]]","['awesome', 'well built', 'well worth']","['LAPTOP#GENERAL', 'LAPTOP#QUALITY']"
eng,laptop,laptop_quad_train_2933,backlit keyboard is great ; feels sturdy ; fast processing .,1,[None],2,"[[7.83, 8.17], [8.0, 8.33]]","['fast', 'sturdy']","['CPU#OPERATION_PERFORMANCE', 'LAPTOP#DESIGN_FEATURES']"
eng,restaurant,rest16_quad_dev_70,a great choice at any cost and a great deal .,2,"[None, 'great']",2,"[[7.67, 6.67], [7.83, 6.83]]",['great'],"['RESTAURANT#GENERAL', 'RESTAURANT#PRICES']"
eng,restaurant,rest16_quad_dev_145,"i wanted to go there to see if it was worth it and sadly , curiousity got the best of me and i paid dearly for it .",2,"[None, None]",2,"[[4.17, 4.17], [4.5, 4.5]]",['NULL'],"['RESTAURANT#GENERAL', 'RESTAURANT#PRICES']"
eng,restaurant,rest16_quad_dev_147,"however , our $ 14 drinks were were horrible !",2,"['drinks', 'horrible']",2,"[[1.88, 7.75], [2.0, 7.62]]",['horrible'],"['DRINKS#PRICES', 'DRINKS#QUALITY']"
eng,restaurant,rest16_quad_dev_153,"maybe it was the great company ( i had friends visiting from philly – yes , it was not a date this time ) or the super reasonable price point , but i just can ’ t say enough good things about this brasserie .",2,"['brasserie', 'good']",2,"[[7.33, 7.5], [7.5, 7.67]]",['good'],"['RESTAURANT#GENERAL', 'RESTAURANT#PRICES']"
eng,restaurant,rest16_quad_test_13,"the lemon chicken tasted like sticky sweet donuts and the honey walnut prawns , the few they actually give you . . . . . were not good .",2,"['honey walnut prawns', 'not good']",2,"[[3.38, 5.88], [3.62, 5.88]]",['not good'],"['FOOD#QUALITY', 'FOOD#STYLE_OPTIONS']"
eng,restaurant,rest16_quad_test_28,"it ' s * very * reasonably priced , esp for the quality of the food .",2,"['food', '* very * reasonably']",2,"[[7.33, 7.33], [7.5, 7.67]]",['* very * reasonably'],"['FOOD#PRICES', 'FOOD#QUALITY']"
eng,restaurant,rest16_quad_test_77,my g / f and i both agreed the food was very mediocre especially considering the price .,2,"['food', 'very mediocre']",2,"[[5.25, 6.12], [5.38, 6.25]]",['very mediocre'],"['FOOD#PRICES', 'FOOD#QUALITY']"
eng,restaurant,rest16_quad_test_168,it ' s the perfect spot for a romantic date for 2 or a secret rendezvous !,2,"['spot', 'perfect']",2,"[[7.75, 8.0], [7.88, 8.12]]",['perfect'],"['AMBIENCE#GENERAL', 'RESTAURANT#MISCELLANEOUS']"
eng,restaurant,rest16_quad_test_356,"they serve it in a tall , skinny hour - glass shaped glass to disguise the fact that you a getting a small juice at the price of a half gallon in a supermarket .",2,"['juice', 'small']",2,"[[4.12, 5.0], [4.38, 5.25]]",['small'],"['DRINKS#PRICES', 'DRINKS#STYLE_OPTIONS']"
eng,restaurant,rest16_quad_test_402,– pretty cheap for sit down mexican and downtown .,2,"[None, 'pretty cheap']",2,"[[6.38, 6.0], [6.38, 6.12]]",['pretty cheap'],"['LOCATION#GENERAL', 'RESTAURANT#PRICES']"
eng,restaurant,rest16_quad_test_408,"its worth the wait , especially since they ' ll give you a call when the table is ready .",2,"[None, 'worth']",2,"[[7.12, 7.0], [7.25, 7.12]]",['worth'],"['RESTAURANT#GENERAL', 'SERVICE#GENERAL']"
eng,restaurant,rest16_quad_train_11,"for the price , you can not eat this well in manhattan .",2,"[None, 'well']",2,"[[6.12, 5.88], [6.25, 5.88]]",['well'],"['FOOD#QUALITY', 'RESTAURANT#PRICES']"
eng,restaurant,rest16_quad_train_63,add to that great service and great food at a reasonable price and you have yourself the beginning of a great evening .,2,"['food', 'great']",2,"[[7.38, 7.62], [7.5, 7.75]]",['great'],"['FOOD#PRICES', 'FOOD#QUALITY']"
eng,restaurant,rest16_quad_train_262,the spicy tuna roll is huge and probably the best that i ' ve had at this price range .,2,"['spicy tuna roll', 'best']",2,"[[8.12, 8.12], [8.25, 8.12]]",['best'],"['FOOD#PRICES', 'FOOD#QUALITY']"
eng,restaurant,rest16_quad_train_267,"they have it all - - great price , food , and service .",2,"[None, 'great']",2,"[[6.83, 6.83], [7.17, 7.17]]",['great'],"['RESTAURANT#GENERAL', 'RESTAURANT#PRICES']"
eng,restaurant,rest16_quad_train_324,slightly above average wines start at $ 70 + with only one selection listed at $ 30 + .,2,"['wines', 'slightly above average']",2,"[[6.38, 6.12], [6.5, 6.25]]",['slightly above average'],"['DRINKS#PRICES', 'DRINKS#QUALITY']"
eng,restaurant,rest16_quad_train_490,"overall , not worth the money .",2,"[None, 'not worth']",2,"[[2.88, 7.0], [3.0, 6.62]]",['not worth'],"['RESTAURANT#GENERAL', 'RESTAURANT#PRICES']"
eng,restaurant,rest16_quad_train_524,cheese plate is a varied delight and great bargain at $ 10 .,2,"['cheese plate', 'varied delight']",2,"[[7.5, 7.5], [7.67, 7.67]]",['varied delight'],"['FOOD#QUALITY', 'FOOD#STYLE_OPTIONS']"
eng,restaurant,rest16_quad_train_668,this is a nice pizza place with good selection of thin crust pizza including the basil slice .,2,"['selection of thin crust pizza', 'good']",2,"[[6.5, 6.5], [6.5, 6.67]]",['good'],"['FOOD#QUALITY', 'FOOD#STYLE_OPTIONS']"
eng,restaurant,rest16_quad_train_677,"the sandwiches are dry , tasteless and way overpriced .",2,"['sandwiches', 'dry']",2,"[[3.25, 5.0], [3.5, 5.0]]",['dry'],"['FOOD#PRICES', 'FOOD#QUALITY']"
eng,restaurant,rest16_quad_train_677,"the sandwiches are dry , tasteless and way overpriced .",2,"['sandwiches', 'way overpriced']",2,"[[2.75, 7.5], [3.25, 5.0]]",['way overpriced'],"['FOOD#PRICES', 'FOOD#QUALITY']"
eng,restaurant,rest16_quad_train_783,"terrible , terrible management - deserves to be shut - down .",2,"['management', 'terrible']",2,"[[1.5, 8.25], [1.75, 8.0]]",['terrible'],['SERVICE#GENERAL']
eng,restaurant,rest16_quad_train_804,great bagels made the old - fashioned way .,2,"['bagels', 'great']",2,"[[7.62, 7.62], [7.75, 7.75]]",['great'],"['FOOD#QUALITY', 'FOOD#STYLE_OPTIONS']"
eng,restaurant,rest16_quad_train_850,this place has the best chinese style bbq ribs in the city .,2,"['bbq ribs', 'best']",2,"[[7.25, 7.0], [7.38, 7.12]]",['best'],"['FOOD#QUALITY', 'FOOD#STYLE_OPTIONS']"
eng,restaurant,rest16_quad_train_909,the drinks are amazing and half off till 8pm .,2,"['drinks', 'amazing']",2,"[[7.83, 7.83], [8.0, 8.0]]",['amazing'],"['DRINKS#PRICES', 'DRINKS#QUALITY']"
eng,restaurant,rest16_quad_train_965,"fabulous decor - makes you feel like you ' re in a trendy manhattan restaurant , very very good food , cheaply - priced , generally friendly staff , and if you ' re a manhattanite , or spend most of your time in manhattan , rice avenue will make you feel at home . . . . . very soho / village / upper west side minus the expensive prices and pretentious clientele . . . . . all on roosevelt avenue !",2,"['rice avenue', None]",3,"[[5.25, 5.0], [5.25, 5.25], [5.5, 5.25]]",['NULL'],"['AMBIENCE#GENERAL', 'LOCATION#GENERAL', 'RESTAURANT#PRICES']"
eng,restaurant,rest16_quad_train_1076,i would never recommend this place to anybody even for a casual dinner .,2,"['place', 'never recommend']",2,"[[2.0, 8.0], [2.17, 7.83]]",['never recommend'],"['RESTAURANT#GENERAL', 'RESTAURANT#MISCELLANEOUS']"
eng,restaurant,rest16_quad_train_1097,and $ 11 for a plate of bland guacamole ?,2,"['guacamole', 'bland']",2,"[[2.75, 6.62], [2.88, 6.62]]",['bland'],"['FOOD#PRICES', 'FOOD#QUALITY']"
eng,restaurant,rest16_quad_train_1108,i highly recommend this beautiful place .,2,"['place', 'highly recommend']",2,"[[7.25, 7.75], [7.75, 8.25]]",['highly recommend'],"['AMBIENCE#GENERAL', 'RESTAURANT#GENERAL']"
eng,restaurant,rest16_quad_train_1108,i highly recommend this beautiful place .,2,"['place', 'beautiful']",2,"[[7.0, 7.5], [7.5, 8.0]]",['beautiful'],"['AMBIENCE#GENERAL', 'RESTAURANT#GENERAL']"
eng,restaurant,rest16_quad_train_1283,some pineapple covered in a glaze of some kind and some pear tart thing not impressive at all .,2,"[None, 'not impressive']",2,"[[2.6, 7.3], [2.7, 7.1]]",['not impressive'],"['FOOD#QUALITY', 'FOOD#STYLE_OPTIONS']"
eng,restaurant,rest16_quad_train_1295,and even more so unpleasant because it was so costly for such an unpleasant experience .,2,"[None, 'so unpleasant']",2,"[[1.67, 8.17], [1.67, 8.33]]",['so unpleasant'],['RESTAURANT#GENERAL']
eng,restaurant,rest16_quad_train_1329,"everyone seemed generally happy with their food , except my brother who had the grilled mahi mahi , seemingly drenched in grapfruit juice !",2,"['grilled mahi mahi', None]",2,"[[5.25, 5.25], [5.5, 5.5]]",['NULL'],"['FOOD#QUALITY', 'FOOD#STYLE_OPTIONS']"
eng,restaurant,rest16_quad_train_1432,"at $ 120 for two people , however , this in no way represents value , unless you ' re looking to pay by the hour for passive - aggressive torture .",2,"[None, None]",2,"[[3.0, 6.75], [3.25, 6.5]]",['NULL'],"['RESTAURANT#GENERAL', 'RESTAURANT#PRICES']"
eng,restaurant,rest16_quad_dev_10,"the ambience is pretty and nice for conversation , so a casual lunch here would probably be best .",1,['ambience'],2,"[[6.75, 6.5], [7.0, 6.5]]","['nice', 'pretty']",['AMBIENCE#GENERAL']
eng,restaurant,rest16_quad_dev_17,"raga ' s is a romantic , cozy restaurant .",1,"[""raga ' s""]",2,"[[7.5, 7.67], [7.67, 7.83]]","['cozy', 'romantic']",['AMBIENCE#GENERAL']
eng,restaurant,rest16_quad_dev_23,"my husband and i thougt it would be great to go to the jekyll and hyde pub for our anniversary , and to our surprise it was fantastic .",1,['jekyll and hyde pub'],2,"[[7.62, 7.5], [8.25, 8.12]]","['fantastic', 'great']",['RESTAURANT#GENERAL']
eng,restaurant,rest16_quad_dev_25,they were served warm and had a soft fluffy interior .,1,[None],2,"[[7.5, 7.5], [7.62, 7.62]]","['soft', 'warm']",['FOOD#QUALITY']
eng,restaurant,rest16_quad_dev_27,fresh restaurant was amazing . . . . . . . . food was delicious and of course fresh .,1,['restaurant'],2,"[[7.38, 7.0], [7.75, 7.5]]","['amazing', 'fresh']",['RESTAURANT#GENERAL']
eng,restaurant,rest16_quad_dev_27,fresh restaurant was amazing . . . . . . . . food was delicious and of course fresh .,1,['food'],2,"[[7.38, 7.0], [7.38, 7.12]]","['delicious', 'fresh']",['FOOD#QUALITY']
eng,restaurant,rest16_quad_dev_30,this place is always very crowded and popular .,1,['place'],2,"[[6.5, 6.75], [7.38, 7.25]]","['always very crowded', 'popular']",['RESTAURANT#MISCELLANEOUS']
eng,restaurant,rest16_quad_dev_44,a little overpriced but worth it once you take a bite .,1,[None],2,"[[3.88, 4.88], [6.62, 6.5]]","['a little overpriced', 'worth']","['FOOD#PRICES', 'FOOD#QUALITY']"
eng,restaurant,rest16_quad_dev_59,wine list is extensive without being over - priced .,1,['wine list'],2,"[[7.67, 7.67], [7.83, 7.83]]","['extensive', 'without being over - priced']","['DRINKS#PRICES', 'DRINKS#STYLE_OPTIONS']"
eng,restaurant,rest16_quad_dev_60,"the food was very good , a great deal , and the place its self was great .",1,['food'],2,"[[6.62, 6.38], [7.12, 6.75]]","['great', 'very good']","['FOOD#PRICES', 'FOOD#QUALITY']"
eng,restaurant,rest16_quad_dev_70,a great choice at any cost and a great deal .,1,[None],2,"[[7.67, 6.67], [7.83, 6.83]]",['great'],"['RESTAURANT#GENERAL', 'RESTAURANT#PRICES']"
eng,restaurant,rest16_quad_dev_88,service was very prompt but slightly rushed .,1,['service'],2,"[[4.5, 4.83], [6.67, 6.83]]","['slightly rushed', 'very prompt']",['SERVICE#GENERAL']
eng,restaurant,rest16_quad_dev_114,"i paid just about $ 60 for a good meal , though : )",1,['meal'],2,"[[5.0, 5.17], [7.17, 6.67]]","['NULL', 'good']","['FOOD#PRICES', 'FOOD#QUALITY']"
eng,restaurant,rest16_quad_dev_116,"the place is a bit hidden away , but once you get there , it ' s all worth it .",1,['place'],2,"[[4.67, 5.5], [7.17, 7.0]]","['a bit hidden away', 'worth']",['LOCATION#GENERAL']
eng,restaurant,rest16_quad_dev_117,i love their chicken pasta cant remember the name but is sooo good,1,['chicken pasta'],2,"[[7.2, 7.1], [7.3, 7.3]]","['love', 'sooo good']",['FOOD#QUALITY']
eng,restaurant,rest16_quad_dev_119,i think the pizza is so overrated and was under cooked .,1,['pizza'],2,"[[3.5, 4.5], [3.83, 5.17]]","['so overrated', 'under cooked']",['FOOD#QUALITY']
eng,restaurant,rest16_quad_dev_121,the service was quick and friendly .,1,['service'],2,"[[7.67, 7.67], [7.83, 7.67]]","['friendly', 'quick']",['SERVICE#GENERAL']
eng,restaurant,rest16_quad_dev_122,i thought the restaurant was nice and clean .,1,['restaurant'],2,"[[7.33, 7.5], [7.5, 7.33]]","['clean', 'nice']","['AMBIENCE#GENERAL', 'RESTAURANT#GENERAL']"
eng,restaurant,rest16_quad_dev_127,the rolls are creative and i have yet to find another sushi place that serves up more inventive yet delicious japanese food .,1,['japanese food'],2,"[[8.0, 7.88], [8.12, 7.88]]","['delicious', 'inventive']","['FOOD#QUALITY', 'FOOD#STYLE_OPTIONS']"
eng,restaurant,rest16_quad_dev_135,the food was ok and fair nothing to go crazy .,1,['food'],2,"[[5.62, 5.5], [5.75, 5.62]]","['fair', 'ok']",['FOOD#QUALITY']
eng,restaurant,rest16_quad_dev_144,the martinis are amazing and very fairly priced .,1,['martinis'],2,"[[6.83, 6.67], [7.83, 7.83]]","['amazing', 'very fairly priced']","['DRINKS#PRICES', 'DRINKS#QUALITY']"
eng,restaurant,rest16_quad_dev_145,"i wanted to go there to see if it was worth it and sadly , curiousity got the best of me and i paid dearly for it .",1,[None],2,"[[4.17, 4.17], [4.5, 4.5]]",['NULL'],"['RESTAURANT#GENERAL', 'RESTAURANT#PRICES']"
eng,restaurant,rest16_quad_dev_147,"however , our $ 14 drinks were were horrible !",1,['drinks'],2,"[[1.88, 7.75], [2.0, 7.62]]",['horrible'],"['DRINKS#PRICES', 'DRINKS#QUALITY']"
eng,restaurant,rest16_quad_dev_153,"maybe it was the great company ( i had friends visiting from philly – yes , it was not a date this time ) or the super reasonable price point , but i just can ’ t say enough good things about this brasserie .",1,['brasserie'],2,"[[7.33, 7.5], [7.5, 7.67]]",['good'],"['RESTAURANT#GENERAL', 'RESTAURANT#PRICES']"
eng,restaurant,rest16_quad_dev_156,"the food they serve is not comforting , not appetizing and uncooked .",1,['food'],3,"[[2.0, 7.75], [2.38, 7.38]]","['not appetizing', 'not comforting', 'uncooked']",['FOOD#QUALITY']
eng,restaurant,rest16_quad_dev_170,shame on this place for the horrible rude staff and non - existent customer service .,1,['staff'],2,"[[2.38, 7.0], [2.5, 7.0]]","['horrible', 'rude']",['SERVICE#GENERAL']
eng,restaurant,rest16_quad_test_3,not the biggest portions but adequate .,1,['portions'],2,"[[4.67, 4.5], [6.0, 5.33]]","['adequate', 'not the biggest']",['FOOD#STYLE_OPTIONS']
eng,restaurant,rest16_quad_test_13,"the lemon chicken tasted like sticky sweet donuts and the honey walnut prawns , the few they actually give you . . . . . were not good .",1,['honey walnut prawns'],2,"[[3.38, 5.88], [3.62, 5.88]]",['not good'],"['FOOD#QUALITY', 'FOOD#STYLE_OPTIONS']"
eng,restaurant,rest16_quad_test_21,i am so happy to have a wonderful italian restaurant in my neighborhood .,1,['italian restaurant'],2,"[[7.62, 7.75], [7.75, 7.88]]","['so happy', 'wonderful']",['RESTAURANT#GENERAL']
eng,restaurant,rest16_quad_test_25,"the wine list is incredible and extensive and diverse , the food is all incredible and the staff was all very nice , good at their jobs and cultured .",1,['wine list'],3,"[[7.67, 7.83], [7.83, 8.0], [8.0, 8.0]]","['diverse', 'extensive', 'incredible']",['DRINKS#STYLE_OPTIONS']
eng,restaurant,rest16_quad_test_25,"the wine list is incredible and extensive and diverse , the food is all incredible and the staff was all very nice , good at their jobs and cultured .",1,['staff'],2,"[[6.83, 7.0], [7.33, 7.33]]","['good', 'very nice']",['SERVICE#GENERAL']
eng,restaurant,rest16_quad_test_28,"it ' s * very * reasonably priced , esp for the quality of the food .",1,['food'],2,"[[7.33, 7.33], [7.5, 7.67]]",['* very * reasonably'],"['FOOD#PRICES', 'FOOD#QUALITY']"
eng,restaurant,rest16_quad_test_31,this is the place to relax and enjoy the finest quality food the industry can offer .,1,['place'],2,"[[7.83, 8.0], [8.0, 8.33]]","['enjoy', 'relax']",['AMBIENCE#GENERAL']
eng,restaurant,rest16_quad_test_32,caution - its real food for people who love the best .,1,['food'],2,"[[6.83, 7.0], [7.5, 7.5]]","['best', 'real']",['FOOD#QUALITY']
eng,restaurant,rest16_quad_test_39,the service ranges from mediocre to offensive .,1,['service'],2,"[[2.5, 8.0], [4.67, 5.5]]","['mediocre', 'offensive']",['SERVICE#GENERAL']
eng,restaurant,rest16_quad_test_43,the sashimi was the freshest and most tender i have ever tasted .,1,['sashimi'],2,"[[7.88, 8.0], [8.12, 8.12]]","['freshest', 'most tender']",['FOOD#QUALITY']
eng,restaurant,rest16_quad_test_46,"but the space is small and lovely , and the service is helpful .",1,['space'],2,"[[5.62, 4.12], [6.75, 5.75]]","['lovely', 'small']",['AMBIENCE#GENERAL']
eng,restaurant,rest16_quad_test_74,the service was courteous and attentive .,1,['service'],2,"[[7.5, 7.5], [7.75, 7.5]]","['attentive', 'courteous']",['SERVICE#GENERAL']
eng,restaurant,rest16_quad_test_77,my g / f and i both agreed the food was very mediocre especially considering the price .,1,['food'],2,"[[5.25, 6.12], [5.38, 6.25]]",['very mediocre'],"['FOOD#PRICES', 'FOOD#QUALITY']"
eng,restaurant,rest16_quad_test_82,– i loved the pumpkin ravioli and the goat cheese gnocchi ( 5 big ones to a plate instead of 20 or so little gnocchis ) and my sister loved her filet mignon on top of spinach and mashed potatoes .,1,['goat cheese gnocchi'],2,"[[5.62, 5.5], [7.25, 7.12]]","['NULL', 'loved']","['FOOD#QUALITY', 'FOOD#STYLE_OPTIONS']"
eng,restaurant,rest16_quad_test_83,the ambiance was a peaceful and relaxing break amongst all the kids running around in downtown disney .,1,['ambiance'],2,"[[7.67, 7.5], [7.83, 7.5]]","['peaceful', 'relaxing']",['AMBIENCE#GENERAL']
eng,restaurant,rest16_quad_test_92,nice food but no spice !,1,['food'],2,"[[4.33, 5.67], [6.83, 7.0]]","['NULL', 'nice']",['FOOD#QUALITY']
eng,restaurant,rest16_quad_test_95,the food was all good but it was way too mild .,1,['food'],2,"[[5.0, 5.0], [6.5, 6.5]]","['good', 'way too mild']",['FOOD#QUALITY']
eng,restaurant,rest16_quad_test_99,i love the warm & cosy environment .,1,['environment'],2,"[[7.33, 7.33], [7.5, 7.5]]","['cosy', 'warm']",['AMBIENCE#GENERAL']
eng,restaurant,rest16_quad_test_110,"the presentation of the food was an added bonus , it looked just as great as it tasted !",1,['food'],2,"[[7.75, 8.0], [8.0, 8.25]]","['bonus', 'great']","['FOOD#QUALITY', 'FOOD#STYLE_OPTIONS']"
eng,restaurant,rest16_quad_test_112,the staff are friendly and the decor was ethic and colorful .,1,['decor'],2,"[[6.83, 7.17], [7.17, 7.33]]","['colorful', 'ethic']",['AMBIENCE#GENERAL']
eng,restaurant,rest16_quad_test_117,the open sesame combo plate is a bargain for the heap of food given .,1,['open sesame combo plate'],2,"[[5.83, 5.83], [8.17, 8.0]]","['NULL', 'bargain']","['FOOD#PRICES', 'FOOD#STYLE_OPTIONS']"
eng,restaurant,rest16_quad_test_129,"the sommelier is fantastic , down - to - earth , & extremely knowlegable .",1,['sommelier'],3,"[[7.83, 8.0], [8.0, 8.33], [8.17, 8.5]]","['down - to - earth', 'extremely knowlegable', 'fantastic']",['SERVICE#GENERAL']
eng,restaurant,rest16_quad_test_134,"the food is not what it once was ( potions have seriously seen downsizing ) prices have gone up , and the service is the worst i have experienced anywhere ( including mainland europe ) .",1,['food'],2,"[[3.5, 4.5], [3.5, 5.0]]","['NULL', 'prices have gone up']","['FOOD#PRICES', 'FOOD#QUALITY']"
eng,restaurant,rest16_quad_test_138,– mioposto has a very creative & delicious pizza menu .,1,['pizza menu'],2,"[[7.75, 7.75], [7.75, 7.88]]","['delicious', 'very creative']","['FOOD#QUALITY', 'FOOD#STYLE_OPTIONS']"
eng,restaurant,rest16_quad_test_140,great open and friendly ambience .,1,['ambience'],3,"[[7.17, 7.0], [7.17, 7.17], [7.33, 7.17]]","['friendly', 'great', 'open']",['AMBIENCE#GENERAL']
eng,restaurant,rest16_quad_test_141,this place is charming and relaxing .,1,['place'],2,"[[7.83, 8.0], [8.0, 8.17]]","['charming', 'relaxing']",['AMBIENCE#GENERAL']
eng,restaurant,rest16_quad_test_142,the servers behind the counter are always friendly and helpful .,1,['servers behind the counter'],2,"[[7.12, 7.38], [7.38, 7.5]]","['always friendly', 'helpful']",['SERVICE#GENERAL']
eng,restaurant,rest16_quad_test_146,food was good and cheap .,1,['food'],2,"[[6.75, 6.5], [6.88, 6.5]]","['cheap', 'good']","['FOOD#PRICES', 'FOOD#QUALITY']"
eng,restaurant,rest16_quad_test_155,great meal – the fish on the omikase platter was absolutely decadent - - there was none of the stringiness that sometimes accompanies fair sushi - - this fish was perfect ! ! ! !,1,['fish on the omikase platter'],2,"[[8.17, 8.33], [8.5, 8.67]]","['absolutely decadent', 'perfect']",['FOOD#QUALITY']
eng,restaurant,rest16_quad_test_161,"– how to describe the best sushi in nyc : hmmmm , delicious , amazing , fantastic , suculent , perfect , nah , all of the above .",1,['sushi'],6,"[[7.17, 7.17], [7.5, 7.5], [7.83, 7.83], [8.0, 7.83], [8.0, 8.0]]","['amazing', 'best', 'delicious', 'fantastic', 'perfect', 'suculent']",['FOOD#QUALITY']
eng,restaurant,rest16_quad_test_164,"good sushi , high price",1,['sushi'],2,"[[6.67, 6.5], [7.33, 7.17]]","['good', 'high']","['FOOD#PRICES', 'FOOD#QUALITY']"
eng,restaurant,rest16_quad_test_168,it ' s the perfect spot for a romantic date for 2 or a secret rendezvous !,1,['spot'],2,"[[7.75, 8.0], [7.88, 8.12]]",['perfect'],"['AMBIENCE#GENERAL', 'RESTAURANT#MISCELLANEOUS']"
eng,restaurant,rest16_quad_test_197,the regular menu here is slightly above average that is not worth the snotty attitude that you receive .,1,['regular menu'],2,"[[4.0, 5.17], [5.33, 5.0]]","['not worth', 'slightly above average']",['FOOD#QUALITY']
eng,restaurant,rest16_quad_test_203,great value sushi with high quality & nice setting .,1,['sushi'],3,"[[7.25, 7.5], [7.75, 8.0], [8.0, 8.25]]","['great', 'high', 'value']","['FOOD#PRICES', 'FOOD#QUALITY']"
eng,restaurant,rest16_quad_test_239,the ambiance of the restaurant was nice and good for fine dinning .,1,['ambiance'],2,"[[6.75, 6.75], [7.0, 6.75]]","['good', 'nice']",['AMBIENCE#GENERAL']
eng,restaurant,rest16_quad_test_240,the staff was very nice and courteous and obviously chinese .,1,['staff'],2,"[[7.62, 7.62], [7.62, 7.75]]","['courteous', 'very nice']",['SERVICE#GENERAL']
eng,restaurant,rest16_quad_test_241,"so about the prawns , they were fresh and had a slight crispiness about the batter . . . soooo good . . . the walnuts were cut in smaller pieces and very crunchy and tasty .",1,['walnuts'],2,"[[7.17, 7.0], [7.5, 7.5]]","['tasty', 'very crunchy']",['FOOD#QUALITY']
eng,restaurant,rest16_quad_test_244,"i would normally not finish the brocolli when i order these kinds of food but for the first time , every piece was as eventful as the first one . . . the scallops and prawns was so fresh and nicely cooked .",1,['prawns'],2,"[[8.0, 7.88], [8.12, 8.0]]","['nicely cooked', 'so fresh']",['FOOD#QUALITY']
eng,restaurant,rest16_quad_test_246,"– the sushi here is perfectly good , but for $ 5 a piece , either the slices of fish should be larger , or there should be no pretense that this is a moderately priced restaurant ( even for nyc ) .",1,['sushi'],3,"[[5.0, 5.0], [7.25, 7.0]]","['NULL', 'perfectly good']","['FOOD#PRICES', 'FOOD#QUALITY', 'FOOD#STYLE_OPTIONS']"
eng,restaurant,rest16_quad_test_248,"food wise , its ok but a bit pricey for what you get considering the restaurant is n ' t a fancy place .",1,['food'],2,"[[3.5, 5.5], [6.0, 5.75]]","['a bit pricey', 'ok']","['FOOD#PRICES', 'FOOD#QUALITY']"
eng,restaurant,rest16_quad_test_252,"as usual the omikase did n ' t disappoint in freshness , although it scored low on creativity and selection .",1,['omikase'],2,"[[5.0, 4.67], [7.5, 7.67]]","['NULL', ""n ' t disappoint""]","['FOOD#QUALITY', 'FOOD#STYLE_OPTIONS']"
eng,restaurant,rest16_quad_test_256,it is n ' t the cheapest sushi but has been worth it every time .,1,['sushi'],2,"[[3.17, 5.5], [7.83, 7.83]]","[""n ' t the cheapest"", 'worth']","['FOOD#PRICES', 'FOOD#QUALITY']"
eng,restaurant,rest16_quad_test_260,"the fish was fresh , though it was cut very thin .",1,['fish'],2,"[[7.5, 8.0], [7.67, 8.17]]","['fresh', 'very thin']",['FOOD#QUALITY']
eng,restaurant,rest16_quad_test_267,i ended the meal with the unusual dessert of a port and chocolate tasting . . . . yummy !,1,['dessert of a port and chocolate tasting'],2,"[[7.0, 7.25], [7.25, 7.5]]","['unusual', 'yummy']",['FOOD#QUALITY']
eng,restaurant,rest16_quad_test_281,"i picked the asparagus , which turned out to be incredible and perfectly prepared .",1,['asparagus'],2,"[[7.5, 7.83], [8.0, 8.33]]","['incredible', 'perfectly prepared']",['FOOD#QUALITY']
eng,restaurant,rest16_quad_test_283,the steak was done to my exact liking ( medium rare ) and was nice and juicy .,1,['steak'],2,"[[8.0, 7.83], [8.0, 8.0]]","['juicy', 'nice']",['FOOD#QUALITY']
eng,restaurant,rest16_quad_test_295,"at best , the food was good and definately overpriced .",1,['food'],2,"[[3.12, 6.0], [6.12, 5.62]]","['definately overpriced', 'good']",['FOOD#QUALITY']
eng,restaurant,rest16_quad_test_298,– this is my ` ` must bring out of town guests to ' ' restaurant and they always enjoy and rave about it .,1,['restaurant'],2,"[[7.88, 8.0], [8.0, 8.12]]","['always enjoy', 'rave']",['RESTAURANT#GENERAL']
eng,restaurant,rest16_quad_test_301,i also really enjoy the simplicity of the decor and intimate feeling of a small restaurant .,1,['decor'],2,"[[7.25, 7.12], [7.38, 7.12]]","['really enjoy', 'simplicity']",['AMBIENCE#GENERAL']
eng,restaurant,rest16_quad_test_318,the best dish are the honwy walnut prawns - just outstanding .,1,['honwy walnut prawns'],2,"[[8.5, 8.62], [8.75, 8.88]]","['best', 'just outstanding']",['FOOD#QUALITY']
eng,restaurant,rest16_quad_test_319,fancy pieces of exotic fish on a $ 100 dollar plate and not one was eatable .,1,['exotic fish'],2,"[[5.0, 5.0], [6.17, 6.17]]","['NULL', 'fancy']","['FOOD#QUALITY', 'FOOD#STYLE_OPTIONS']"
eng,restaurant,rest16_quad_test_323,"the food is fantastic , authentic , delicious and very , very affordable .",1,['food'],4,"[[7.75, 7.88], [7.75, 8.12], [7.88, 8.12], [7.88, 8.25]]","['authentic', 'delicious', 'fantastic', 'very , very affordable']","['FOOD#PRICES', 'FOOD#QUALITY']"
eng,restaurant,rest16_quad_test_324,the decor was beautiful and unique .,1,['decor'],2,"[[7.75, 7.88], [7.88, 8.0]]","['beautiful', 'unique']",['AMBIENCE#GENERAL']
eng,restaurant,rest16_quad_test_326,our server was very professional and friendly .,1,['server'],2,"[[7.25, 7.38], [7.75, 7.88]]","['friendly', 'very professional']",['SERVICE#GENERAL']
eng,restaurant,rest16_quad_test_330,the waiters are very experienced and helpful with pairing your drink choice to your food tastes or vice versa .,1,['waiters'],2,"[[7.5, 7.62], [7.75, 7.88]]","['helpful', 'very experienced']",['SERVICE#GENERAL']
eng,restaurant,rest16_quad_test_333,big thick pepperoni,1,['pepperoni'],2,"[[7.17, 7.17], [7.33, 7.33]]","['big', 'thick']",['FOOD#STYLE_OPTIONS']
eng,restaurant,rest16_quad_test_336,food was good and appetizing .,1,['food'],2,"[[7.17, 7.17], [7.33, 7.33]]","['appetizing', 'good']",['FOOD#QUALITY']
eng,restaurant,rest16_quad_test_339,"the appetizer was interesting , but the creme brulee was very savory and delicious .",1,['creme brulee'],2,"[[7.17, 7.17], [7.5, 7.67]]","['delicious', 'very savory']",['FOOD#QUALITY']
eng,restaurant,rest16_quad_test_344,"we were seated right away , the table was private and nice .",1,['table'],2,"[[7.25, 7.75], [7.5, 8.0]]","['nice', 'private']",['AMBIENCE#GENERAL']
eng,restaurant,rest16_quad_test_354,the presentation of snooze is excellent and it is one of those places that you feel more sophisticated just for being there ; but peel back the layers and you have an overpriced ihop with a high brow menu .,1,['snooze'],2,"[[4.0, 4.0], [7.67, 7.83]]","['excellent', 'overpriced']","['AMBIENCE#GENERAL', 'RESTAURANT#PRICES']"
eng,restaurant,rest16_quad_test_356,"they serve it in a tall , skinny hour - glass shaped glass to disguise the fact that you a getting a small juice at the price of a half gallon in a supermarket .",1,['juice'],2,"[[4.12, 5.0], [4.38, 5.25]]",['small'],"['DRINKS#PRICES', 'DRINKS#STYLE_OPTIONS']"
eng,restaurant,rest16_quad_test_358,the pancakes were certainly inventive but $ 8 . 50 for 3 - 6 ' ' pancakes ( one of them was more like 5 ' ' ) in the pancake flight ( sample of 3 different pancakes ) is well over - priced .,1,['pancakes'],2,"[[3.67, 4.83], [6.17, 6.33]]","['certainly inventive', 'well over - priced']","['FOOD#PRICES', 'FOOD#STYLE_OPTIONS']"
eng,restaurant,rest16_quad_test_367,"to start things off , our lovely server brooke was quickly on hand to take my drink order .",1,['brooke'],2,"[[7.5, 7.5], [7.75, 8.0]]","['lovely', 'quickly']",['SERVICE#GENERAL']
eng,restaurant,rest16_quad_test_370,the scallops are apparently cooked in a black olive butter which really makes them unique ( not to mention tasty ) .,1,['scallops'],2,"[[7.25, 7.38], [7.38, 7.5]]","['tasty', 'unique']","['FOOD#QUALITY', 'FOOD#STYLE_OPTIONS']"
eng,restaurant,rest16_quad_test_402,– pretty cheap for sit down mexican and downtown .,1,[None],2,"[[6.38, 6.0], [6.38, 6.12]]",['pretty cheap'],"['LOCATION#GENERAL', 'RESTAURANT#PRICES']"
eng,restaurant,rest16_quad_test_407,"everything you want and more , very fresh .",1,[None],2,"[[5.38, 5.12], [7.88, 7.88]]","['NULL', 'very fresh']","['FOOD#QUALITY', 'FOOD#STYLE_OPTIONS']"
eng,restaurant,rest16_quad_test_408,"its worth the wait , especially since they ' ll give you a call when the table is ready .",1,[None],2,"[[7.12, 7.0], [7.25, 7.12]]",['worth'],"['RESTAURANT#GENERAL', 'SERVICE#GENERAL']"
eng,restaurant,rest16_quad_test_420,i recommend it for a night when you want to splurge ! ( it was a bit expensive ),1,[None],2,"[[4.5, 5.67], [7.33, 7.5]]","['a bit expensive', 'recommend']","['RESTAURANT#GENERAL', 'RESTAURANT#PRICES']"
eng,restaurant,rest16_quad_test_437,"we have since returned and also had a great experience , sampling more small plates and a variety of the beer ( cold and good ) .",1,['beer'],2,"[[6.25, 5.75], [6.75, 6.25]]","['cold', 'good']",['DRINKS#QUALITY']
eng,restaurant,rest16_quad_test_447,"it was so much though that i could barely finish but i did , since it was delicious .",1,[None],2,"[[5.0, 5.0], [7.83, 8.0]]","['NULL', 'delicious']","['FOOD#QUALITY', 'FOOD#STYLE_OPTIONS']"
eng,restaurant,rest16_quad_test_470,it was decent but nothing exceptional .,1,[None],2,"[[5.25, 5.5], [6.25, 6.25]]","['decent', 'nothing exceptional']",['FOOD#QUALITY']
eng,restaurant,rest16_quad_test_535,and they give good quantity for the price .,1,[None],2,"[[5.33, 5.17], [6.5, 6.5]]","['NULL', 'good']","['FOOD#PRICES', 'FOOD#STYLE_OPTIONS']"
eng,restaurant,rest16_quad_test_541,they came in their own nifty take out box and with some homemade frosting ; very light and not - too - sweet .,1,[None],2,"[[7.17, 7.0], [7.33, 7.17]]","['not - too - sweet', 'very light']",['FOOD#QUALITY']
eng,restaurant,rest16_quad_test_542,"the dinner only took us about an hour and the prices were alright for the strip , almost $ 50 / pp after tax and tip ( about average ) .",1,[None],2,"[[5.0, 5.0], [5.33, 5.17]]","['NULL', 'alright']","['RESTAURANT#PRICES', 'SERVICE#GENERAL']"
eng,restaurant,rest16_quad_test_553,the pizza ' s are light and scrumptious .,1,"[""pizza ' s""]",2,"[[7.0, 6.67], [7.17, 6.83]]","['light', 'scrumptious']",['FOOD#QUALITY']
eng,restaurant,rest16_quad_test_555,"– had to wait thirty minutes to get in the door on a tuesday morning , but it was so worth it .",1,[None],2,"[[5.0, 5.0], [7.62, 7.38]]","['NULL', 'so worth']","['RESTAURANT#GENERAL', 'RESTAURANT#MISCELLANEOUS']"
eng,restaurant,rest16_quad_test_578,"the atmosphere is aspiring , and the decor is festive and amazing . .",1,['decor'],2,"[[7.17, 7.0], [7.83, 8.0]]","['amazing', 'festive']",['AMBIENCE#GENERAL']
eng,restaurant,rest16_quad_train_4,the food was lousy - too sweet or too salty and the portions tiny .,1,['food'],3,"[[2.67, 6.67], [2.83, 6.83], [3.33, 6.33]]","['lousy', 'too salty', 'too sweet']",['FOOD#QUALITY']
eng,restaurant,rest16_quad_train_10,the wine list is interesting and has many good values .,1,['wine list'],2,"[[7.0, 7.0], [7.17, 7.17]]","['good values', 'interesting']","['DRINKS#PRICES', 'DRINKS#STYLE_OPTIONS']"
eng,restaurant,rest16_quad_train_11,"for the price , you can not eat this well in manhattan .",1,[None],2,"[[6.12, 5.88], [6.25, 5.88]]",['well'],"['FOOD#QUALITY', 'RESTAURANT#PRICES']"
eng,restaurant,rest16_quad_train_15,"food was okay , nothing great .",1,['food'],2,"[[4.33, 6.0], [5.67, 5.67]]","['nothing great', 'okay']",['FOOD#QUALITY']
eng,restaurant,rest16_quad_train_16,chow fun was dry ; pork shu mai was more than usually greasy and had to share a table with loud and rude family .,1,[None],2,"[[2.25, 7.25], [3.5, 6.5]]","['loud', 'rude']",['AMBIENCE#GENERAL']
eng,restaurant,rest16_quad_train_22,"everything is always cooked to perfection , the service is excellent , the decor cool and understated .",1,['decor'],2,"[[7.5, 7.75], [7.75, 8.0]]","['cool', 'understated']",['AMBIENCE#GENERAL']
eng,restaurant,rest16_quad_train_27,i had never had edamame pureed before but i thought it was innovative and tasty ( could ' ve used a bit more salt ) .,1,['edamame pureed'],2,"[[7.83, 7.67], [8.0, 7.83]]","['innovative', 'tasty']","['FOOD#QUALITY', 'FOOD#STYLE_OPTIONS']"
eng,restaurant,rest16_quad_train_28,"the decor is night tho . . . but they really need to clean that vent in the ceiling . . . its quite un - appetizing , and kills your effort to make this place look sleek and modern .",1,['place'],2,"[[7.5, 8.0], [8.0, 8.5]]","['modern', 'sleek']",['AMBIENCE#GENERAL']
eng,restaurant,rest16_quad_train_56,"$ 6 and there is much tasty food , all of it fresh and continually refilled .",1,['food'],4,"[[5.17, 5.0], [7.67, 7.67], [7.83, 7.5], [7.83, 7.83]]","['NULL', 'fresh', 'much tasty', 'refilled']","['FOOD#PRICES', 'FOOD#QUALITY', 'FOOD#STYLE_OPTIONS']"
eng,restaurant,rest16_quad_train_63,add to that great service and great food at a reasonable price and you have yourself the beginning of a great evening .,1,['food'],2,"[[7.38, 7.62], [7.5, 7.75]]",['great'],"['FOOD#PRICES', 'FOOD#QUALITY']"
eng,restaurant,rest16_quad_train_66,"this tiny restaurant is as cozy as it gets , with that certain parisian flair .",1,['restaurant'],2,"[[6.6, 6.6], [6.9, 7.0]]","['cozy', 'tiny']",['AMBIENCE#GENERAL']
eng,restaurant,rest16_quad_train_72,the pizza is overpriced and soggy .,1,['pizza'],2,"[[1.62, 8.12], [1.75, 8.0]]","['overpriced', 'soggy']","['FOOD#PRICES', 'FOOD#QUALITY']"
eng,restaurant,rest16_quad_train_76,"the seafood is amazing , there ' s a good wine list , and the ever - changing menu always offers some great surprises .",1,['menu'],2,"[[7.5, 7.5], [8.17, 8.17]]","['ever - changing', 'great surprises']",['FOOD#STYLE_OPTIONS']
eng,restaurant,rest16_quad_train_77,the combination of super - fresh ingredients in the dishes are unusual but really delicious .,1,['ingredients'],3,"[[7.5, 7.25], [7.75, 7.75]]","['really delicious', 'super - fresh', 'unusual']",['FOOD#QUALITY']
eng,restaurant,rest16_quad_train_80,my wife had the fried shrimp which are huge and loved it .,1,['fried shrimp'],2,"[[7.0, 7.0], [8.0, 8.0]]","['huge', 'loved']","['FOOD#QUALITY', 'FOOD#STYLE_OPTIONS']"
eng,restaurant,rest16_quad_train_87,"my wife and i always enjoy the young , not always well trained but nevertheless friendly , staff , all of whom have a story .",1,['staff'],2,"[[7.62, 7.75], [7.75, 7.88]]","['always enjoy', 'friendly']",['SERVICE#GENERAL']
eng,restaurant,rest16_quad_train_88,decent wine at reasonable prices .,1,['wine'],2,"[[6.7, 6.7], [6.8, 6.8]]","['decent', 'reasonable']","['DRINKS#PRICES', 'DRINKS#QUALITY']"
eng,restaurant,rest16_quad_train_96,the hostess is rude to the point of being offensive .,1,['hostess'],2,"[[1.62, 7.88], [1.88, 7.62]]","['offensive', 'rude']",['SERVICE#GENERAL']
eng,restaurant,rest16_quad_train_113,"service was prompt , friendly and great .",1,['service'],3,"[[7.62, 7.5], [7.75, 7.62], [7.88, 7.75]]","['friendly', 'great', 'prompt']",['SERVICE#GENERAL']
eng,restaurant,rest16_quad_train_114,slightly on the pricey side but worth it !,1,[None],2,"[[4.75, 6.0], [7.25, 7.38]]","['pricey', 'worth']","['RESTAURANT#GENERAL', 'RESTAURANT#PRICES']"
eng,restaurant,rest16_quad_train_116,"there was a small wait , but shorter than i expected .",1,['wait'],2,"[[4.75, 5.25], [5.62, 5.62]]","['shorter', 'small']",['SERVICE#GENERAL']
eng,restaurant,rest16_quad_train_118,very cozy and warm inside . . . . .,1,[None],2,"[[6.4, 6.3], [6.8, 6.7]]","['very cozy', 'warm']",['AMBIENCE#GENERAL']
eng,restaurant,rest16_quad_train_121,the place is small and cramped but the food is fantastic .,1,['place'],2,"[[4.0, 6.5], [4.5, 6.0]]","['cramped', 'small']",['AMBIENCE#GENERAL']
eng,restaurant,rest16_quad_train_128,"those rolls were big , but not good and sashimi was n ' t fresh .",1,['rolls'],2,"[[3.83, 6.33], [6.83, 6.83]]","['big', 'not good']","['FOOD#QUALITY', 'FOOD#STYLE_OPTIONS']"
eng,restaurant,rest16_quad_train_135,"the food was amazing , and the service was prompt and helpful , but not over - bearing or rushed .",1,['service'],4,"[[7.17, 7.0], [7.17, 7.17], [7.5, 7.33], [7.5, 7.5]]","['helpful', 'not over -', 'or', 'prompt']",['SERVICE#GENERAL']
eng,restaurant,rest16_quad_train_141,"pizza - the only pizza in nyc that should not have additional toppings - the crust tastes like the best , freshly baked bread !",1,['crust'],2,"[[8.0, 8.25], [8.25, 8.5]]","['best', 'freshly baked']",['FOOD#QUALITY']
eng,restaurant,rest16_quad_train_153,tiny dessert was $ 8 . 00 . . . just plain overpriced for what it is .,1,['dessert'],3,"[[2.75, 7.5], [4.0, 6.0], [4.0, 6.25]]","['NULL', 'just plain overpriced', 'tiny']","['FOOD#PRICES', 'FOOD#QUALITY', 'FOOD#STYLE_OPTIONS']"
eng,restaurant,rest16_quad_train_158,the exotic food is beautifully presented and is a delight in delicious combinations .,1,['exotic food'],2,"[[7.67, 7.67], [8.0, 8.0]]","['beautifully presented', 'delight']","['FOOD#QUALITY', 'FOOD#STYLE_OPTIONS']"
eng,restaurant,rest16_quad_train_160,the staff is incredibly helpful and attentive .,1,['staff'],2,"[[7.75, 7.88], [7.88, 8.12]]","['attentive', 'incredibly helpful']",['SERVICE#GENERAL']
eng,restaurant,rest16_quad_train_170,our server was very helpful and friendly .,1,['server'],2,"[[7.0, 7.12], [7.12, 7.12]]","['friendly', 'very helpful']",['SERVICE#GENERAL']
eng,restaurant,rest16_quad_train_175,service was prompt and courteous .,1,['service'],2,"[[7.0, 7.0], [7.0, 7.17]]","['courteous', 'prompt']",['SERVICE#GENERAL']
eng,restaurant,rest16_quad_train_182,"also , because it is so thin , it gets cold very quickly and its not that filling .",1,[None],2,"[[3.62, 4.25], [3.75, 4.25]]","['cold', 'so thin']","['FOOD#QUALITY', 'FOOD#STYLE_OPTIONS']"
eng,restaurant,rest16_quad_train_188,"this was the perfect quiet , relaxing , and delicious accompaniment to our afternoon of theater .",1,[None],3,"[[7.83, 7.67], [7.83, 7.83], [8.0, 7.83]]","['delicious', 'quiet', 'relaxing']","['AMBIENCE#GENERAL', 'FOOD#QUALITY']"
eng,restaurant,rest16_quad_train_189,"the chicken pot pie is exceptional , the cheeseburger huge and delictable , and the service professional wan warm .",1,['cheeseburger'],2,"[[7.83, 7.83], [8.0, 8.17]]","['delictable', 'huge']","['FOOD#QUALITY', 'FOOD#STYLE_OPTIONS']"
eng,restaurant,rest16_quad_train_189,"the chicken pot pie is exceptional , the cheeseburger huge and delictable , and the service professional wan warm .",1,['service'],2,"[[7.5, 7.5], [8.0, 8.0]]","['professional', 'warm']",['SERVICE#GENERAL']
eng,restaurant,rest16_quad_train_196,"all in all , this midtown gem instantly became one of my favorite sushi restaurants in the city .",1,[None],2,"[[7.62, 7.5], [7.62, 7.62]]","['favorite', 'gem']",['RESTAURANT#GENERAL']
eng,restaurant,rest16_quad_train_198,"service was very good - prompt , attentive and non - intrusive .",1,['service'],4,"[[7.83, 7.67], [8.0, 7.83]]","['attentive', 'non - intrusive', 'prompt', 'very good']",['SERVICE#GENERAL']
eng,restaurant,rest16_quad_train_203,"to sum it up : service varies from good to mediorce , depending on which waiter you get ; generally it is just average ok .",1,['service'],3,"[[5.25, 5.0], [5.5, 5.25], [6.5, 6.25]]","['good', 'just average ok', 'mediorce']",['SERVICE#GENERAL']
eng,restaurant,rest16_quad_train_207,"the decor is vibrant and eye - pleasing with several semi - private boths on the right side of the dining hall , which are great for a date .",1,['decor'],3,"[[7.5, 7.67], [7.67, 7.67]]","['eye - pleasing', 'great', 'vibrant']",['AMBIENCE#GENERAL']
eng,restaurant,rest16_quad_train_213,the restaurant is cute but not upscale .,1,['restaurant'],2,"[[5.0, 5.5], [6.0, 5.83]]","['cute', 'not upscale']",['RESTAURANT#GENERAL']
eng,restaurant,rest16_quad_train_229,i loved it and would highly recommend .,1,[None],2,"[[7.75, 7.5], [8.5, 8.0]]","['highly recommend', 'loved']",['RESTAURANT#GENERAL']
eng,restaurant,rest16_quad_train_236,"there ' s nice and quiet , small but enough for 6 ( or more ) .",1,[None],2,"[[6.17, 6.0], [6.33, 6.33]]","['nice', 'quiet']",['AMBIENCE#GENERAL']
eng,restaurant,rest16_quad_train_238,my chow fun and chow see was really bland and oily .,1,['chow fun and chow see'],2,"[[3.5, 4.83], [3.5, 5.0]]","['oily', 'really bland']",['FOOD#QUALITY']
eng,restaurant,rest16_quad_train_246,"great for a romantic evening , or a fun evening with friends . . .",1,[None],3,"[[7.67, 7.83], [7.83, 8.0]]","['fun', 'great', 'romantic']","['AMBIENCE#GENERAL', 'RESTAURANT#MISCELLANEOUS']"
eng,restaurant,rest16_quad_train_252,too large for just two people but nothing was left .,1,[None],2,"[[5.5, 6.12], [6.12, 6.12]]","['NULL', 'too large']","['FOOD#QUALITY', 'FOOD#STYLE_OPTIONS']"
eng,restaurant,rest16_quad_train_254,"my husbands was perfect , my was well done and dry .",1,[None],3,"[[5.12, 5.0], [6.62, 6.0], [7.12, 6.88]]","['dry', 'perfect', 'well done']",['FOOD#QUALITY']
eng,restaurant,rest16_quad_train_260,ingredients are organic which is a real plus for me .,1,['ingredients'],2,"[[7.17, 7.0], [7.17, 7.17]]","['organic', 'plus']",['FOOD#QUALITY']
eng,restaurant,rest16_quad_train_262,the spicy tuna roll is huge and probably the best that i ' ve had at this price range .,1,['spicy tuna roll'],3,"[[7.75, 7.62], [8.12, 8.12], [8.25, 8.12]]","['best', 'huge']","['FOOD#PRICES', 'FOOD#QUALITY', 'FOOD#STYLE_OPTIONS']"
eng,restaurant,rest16_quad_train_264,"i have reservations about the all you can eat deal , however - - the choices are fairly limited and you can probably order more food than you can eat for less than $ 18 by just going off the menu .",1,['all you can eat deal'],2,"[[4.5, 5.25], [4.75, 6.0]]","['NULL', 'fairly limited']","['FOOD#PRICES', 'FOOD#STYLE_OPTIONS']"
eng,restaurant,rest16_quad_train_266,big wong gets big ups for a fine establishment .,1,['big wong'],2,"[[7.0, 6.88], [7.38, 7.38]]","['big ups', 'fine']",['RESTAURANT#GENERAL']
eng,restaurant,rest16_quad_train_267,"they have it all - - great price , food , and service .",1,[None],2,"[[6.83, 6.83], [7.17, 7.17]]",['great'],"['RESTAURANT#GENERAL', 'RESTAURANT#PRICES']"
eng,restaurant,rest16_quad_train_269,the food is prepared quickly and efficiently .,1,[None],2,"[[7.0, 7.0], [7.33, 7.5]]","['efficiently', 'quickly']",['SERVICE#GENERAL']
eng,restaurant,rest16_quad_train_272,enjoyed a very nice caesar salad while my wife had arugula and goat cheese . . . . both very tasty .,1,['caesar salad'],2,"[[7.38, 7.25], [7.75, 7.88]]","['enjoyed', 'very nice']",['FOOD#QUALITY']
eng,restaurant,rest16_quad_train_279,"yes , the prices are high , but i felt it was worth it .",1,[None],2,"[[7.0, 7.25], [7.5, 7.75]]","['high', 'worth']","['RESTAURANT#GENERAL', 'RESTAURANT#PRICES']"
eng,restaurant,rest16_quad_train_287,right off the l in brooklyn this is a nice cozy place with good pizza .,1,['place'],2,"[[7.5, 7.67], [7.67, 7.83]]","['cozy', 'nice']",['AMBIENCE#GENERAL']
eng,restaurant,rest16_quad_train_298,the food is authentic italian - delicious !,1,['food'],2,"[[7.33, 7.17], [7.83, 7.83]]","['authentic', 'delicious']",['FOOD#QUALITY']
eng,restaurant,rest16_quad_train_309,"i like the ambience , it ' s very dark and original .",1,['ambience'],3,"[[7.25, 7.0], [7.5, 7.25]]","['like', 'original', 'very dark']",['AMBIENCE#GENERAL']
eng,restaurant,rest16_quad_train_323,"the tables are crammed way too close , the menu is typical of any italian restaurant , and the wine list is simply overpriced .",1,['tables'],2,"[[2.5, 7.5], [3.0, 5.5]]","['crammed', 'way too close']",['AMBIENCE#GENERAL']
eng,restaurant,rest16_quad_train_324,slightly above average wines start at $ 70 + with only one selection listed at $ 30 + .,1,['wines'],2,"[[6.38, 6.12], [6.5, 6.25]]",['slightly above average'],"['DRINKS#PRICES', 'DRINKS#QUALITY']"
eng,restaurant,rest16_quad_train_331,"cute place , nice wait staff but would never go there again .",1,['place'],2,"[[5.0, 5.0], [7.5, 7.67]]","['NULL', 'cute']","['AMBIENCE#GENERAL', 'RESTAURANT#GENERAL']"
eng,restaurant,rest16_quad_train_334,"skip this restaurant , it ' s a big disappointment .",1,['restaurant'],2,"[[2.25, 6.75], [2.62, 6.75]]","['disappointment', 'skip']",['RESTAURANT#GENERAL']
eng,restaurant,rest16_quad_train_336,i ' ve never had bad service and the fish is fresh and delicious .,1,['fish'],2,"[[7.33, 7.33], [7.83, 8.0]]","['delicious', 'fresh']",['FOOD#QUALITY']
eng,restaurant,rest16_quad_train_339,the place is so cool and the service is prompt and curtious .,1,['service'],2,"[[6.5, 6.83], [6.67, 7.0]]","['curtious', 'prompt']",['SERVICE#GENERAL']
eng,restaurant,rest16_quad_train_343,no gimmicks here - - the food speaks for itself in its freshness and preparation .,1,['food'],2,"[[7.0, 7.17], [7.17, 7.17]]","['freshness', 'preparation']",['FOOD#QUALITY']
eng,restaurant,rest16_quad_train_344,the dining room is quietly elegant with no music to shout over - - how refreshing !,1,['dining room'],2,"[[7.75, 7.88], [8.5, 8.38]]","['elegant', 'refreshing']",['AMBIENCE#GENERAL']
eng,restaurant,rest16_quad_train_345,"the service was impeccable and unobtrusive - - the staff knows what they are there to do - - to know their menu , present your meal , and attend to your needs .",1,['service'],2,"[[7.12, 7.12], [7.38, 7.38]]","['impeccable', 'unobtrusive']",['SERVICE#GENERAL']
eng,restaurant,rest16_quad_train_364,"the place is small and intimate and you may feel a little crowded , but the service is excellent and it ' s great for friends out , a romantic date , or a special occassion .",1,['place'],3,"[[5.25, 6.0], [6.5, 6.75]]","['a little crowded', 'intimate', 'small']","['AMBIENCE#GENERAL', 'RESTAURANT#MISCELLANEOUS']"
eng,restaurant,rest16_quad_train_365,the food can get pricey but the prixe fixe tasting menu is the greatest food for a good price and they cater the food to any food allergies or food you do n ' t like .,1,['prixe fixe tasting menu'],2,"[[6.5, 6.5], [7.0, 7.0]]","['good', 'greatest']","['FOOD#PRICES', 'FOOD#QUALITY']"
eng,restaurant,rest16_quad_train_367,"with the exception of our lemon salad that had so much pepper on it that our eyes started watering , the food here was decent , not great .",1,['food'],2,"[[5.17, 5.33], [5.67, 5.33]]","['decent', 'not great']",['FOOD#QUALITY']
eng,restaurant,rest16_quad_train_379,the food was pretty tradional but it was hot and good with large portions .,1,['food'],2,"[[7.0, 7.0], [7.33, 7.33]]","['hot', 'pretty tradional']",['FOOD#QUALITY']
eng,restaurant,rest16_quad_train_384,it is very overpriced and not very tasty .,1,[None],2,"[[2.5, 7.83], [2.67, 7.67]]","['not very tasty', 'very overpriced']","['FOOD#PRICES', 'FOOD#QUALITY']"
eng,restaurant,rest16_quad_train_392,and it was quick which is very important .,1,[None],2,"[[7.25, 7.25], [7.62, 7.75]]","['quick', 'very important']",['SERVICE#GENERAL']
eng,restaurant,rest16_quad_train_396,"great friendly service , fast seating , fast delivery , excellent sushi .",1,['service'],2,"[[7.5, 7.25], [7.75, 7.25]]","['friendly', 'great']",['SERVICE#GENERAL']
eng,restaurant,rest16_quad_train_398,"the bagels always warm , soft on the inside , crispy on the outside and enormous in size .",1,['bagels'],4,"[[6.5, 6.67], [7.0, 7.17], [7.17, 7.33], [7.83, 7.83]]","['always warm', 'crispy', 'enormous', 'soft']","['FOOD#QUALITY', 'FOOD#STYLE_OPTIONS']"
eng,restaurant,rest16_quad_train_399,they have a huge selection of different cream cheeses and all of their salads are great .,1,['cream cheeses'],2,"[[6.88, 6.62], [7.0, 7.0]]","['different', 'huge']",['FOOD#STYLE_OPTIONS']
eng,restaurant,rest16_quad_train_403,prices too high for this cramped and unappealing resturant .,1,['resturant'],3,"[[1.33, 8.67], [1.5, 8.5], [2.0, 7.83]]","['cramped', 'too high', 'unappealing']","['AMBIENCE#GENERAL', 'RESTAURANT#PRICES']"
eng,restaurant,rest16_quad_train_413,"despite a slightly limited menu , everything prepared is done to perfection , ultra fresh and a work of food art .",1,[None],2,"[[7.5, 7.67], [8.5, 9.0]]","['done to perfection', 'fresh']","['FOOD#QUALITY', 'FOOD#STYLE_OPTIONS']"
eng,restaurant,rest16_quad_train_423,"the quantity is also very good , you will come out satisfied .",1,['quantity'],2,"[[7.12, 7.25], [7.5, 7.62]]","['satisfied', 'very good']",['FOOD#STYLE_OPTIONS']
eng,restaurant,rest16_quad_train_436,"if you go , try the marinara / arrabiatta sauce , the mozzarella en carozza is mmmmmmmm . . . . . everything is just delicious .",1,['marinara / arrabiatta sauce'],2,"[[7.0, 7.17], [7.5, 7.67]]","['just delicious', 'try']",['FOOD#QUALITY']
eng,restaurant,rest16_quad_train_440,the service was excellent - friendly and attentive .,1,['service'],3,"[[7.67, 7.33], [7.83, 7.5], [8.0, 7.83]]","['attentive', 'excellent', 'friendly']",['SERVICE#GENERAL']
eng,restaurant,rest16_quad_train_454,i ate here a week ago and found most dishes average at best and too expensive .,1,['dishes'],2,"[[3.67, 5.17], [5.17, 5.33]]","['average at best', 'too expensive']","['FOOD#PRICES', 'FOOD#QUALITY']"
eng,restaurant,rest16_quad_train_467,the fish was not fresh and the rice tasted old and stale .,1,['rice'],2,"[[2.4, 7.5], [2.4, 7.6]]","['old', 'stale']",['FOOD#QUALITY']
eng,restaurant,rest16_quad_train_477,"both times i was extremely dissappointed by the service , which was boarderline rude .",1,['service'],2,"[[1.83, 8.0], [2.83, 6.5]]","['boarderline rude', 'extremely dissappointed']",['SERVICE#GENERAL']
eng,restaurant,rest16_quad_train_486,"try the pad thai , it ' s fabulous and their prices are so cheap !",1,['pad thai'],3,"[[8.0, 8.0], [8.12, 8.0], [8.5, 8.38]]","['fabulous', 'so cheap', 'try']",['FOOD#QUALITY']
eng,restaurant,rest16_quad_train_490,"overall , not worth the money .",1,[None],2,"[[2.88, 7.0], [3.0, 6.62]]",['not worth'],"['RESTAURANT#GENERAL', 'RESTAURANT#PRICES']"
eng,restaurant,rest16_quad_train_509,the lobster sandwich is $ 24 and although it was good it was not nearly enough to warrant that price .,1,['lobster sandwich'],2,"[[3.0, 5.5], [7.17, 7.5]]","['good', 'not nearly enough']","['FOOD#PRICES', 'FOOD#QUALITY']"
eng,restaurant,rest16_quad_train_524,cheese plate is a varied delight and great bargain at $ 10 .,1,['cheese plate'],3,"[[7.5, 7.5], [7.5, 7.67], [7.67, 7.67]]","['great bargain', 'varied delight']","['FOOD#PRICES', 'FOOD#QUALITY', 'FOOD#STYLE_OPTIONS']"
eng,restaurant,rest16_quad_train_527,"be sure to try the seasonal , and always delicious , specials .",1,['specials'],3,"[[7.12, 7.38], [7.38, 7.62], [7.75, 8.0]]","['always delicious', 'seasonal', 'try']",['FOOD#QUALITY']
eng,restaurant,rest16_quad_train_531,"i like cafe noir dont get me wrong , it is jsut that the people who work there are evil and incompetent ! !",1,['people'],2,"[[2.0, 8.0], [2.17, 7.5]]","['evil', 'incompetent']",['SERVICE#GENERAL']
eng,restaurant,rest16_quad_train_538,it is thick and slightly soggy .,1,[None],2,"[[4.0, 5.67], [5.17, 5.5]]","['slightly soggy', 'thick']",['FOOD#QUALITY']
eng,restaurant,rest16_quad_train_552,i think that it is absolutely brilliant and well runned business operation .,1,[None],2,"[[8.0, 8.17], [8.17, 8.33]]","['absolutely brilliant', 'well runned']",['RESTAURANT#GENERAL']
eng,restaurant,rest16_quad_train_555,the food is great and reasonably priced .,1,['food'],2,"[[7.5, 7.17], [7.67, 7.67]]","['great', 'reasonably priced']","['FOOD#PRICES', 'FOOD#QUALITY']"
eng,restaurant,rest16_quad_train_558,"the staff has been nice , but they seemed really stressed and the unisex bathroom needs to be cleaned more often .",1,['staff'],2,"[[3.83, 5.33], [6.83, 7.0]]","['nice', 'really stressed']",['SERVICE#GENERAL']
eng,restaurant,rest16_quad_train_561,"considering we were the last patrons there and it was after the closing time , the waitstaff did not rush us at all and made us feel comfortable and relaxed .",1,['waitstaff'],2,"[[7.5, 7.67], [7.67, 7.67]]","['comfortable', 'relaxed']",['SERVICE#GENERAL']
eng,restaurant,rest16_quad_train_567,"my friends settled for rice dishes , but we came back the following day to try the dim sum , which was good . . . not outstanding , but good .",1,['dim sum'],3,"[[4.5, 5.25], [6.25, 6.25]]","['good', 'not outstanding']",['FOOD#QUALITY']
eng,restaurant,rest16_quad_train_568,"we ate out in the back patio , which is worth it as it ' s cool and the music is hear well there .",1,['back patio'],2,"[[7.62, 7.38], [7.62, 7.5]]","['cool', 'worth']",['AMBIENCE#GENERAL']
eng,restaurant,rest16_quad_train_571,the place was nice and calm .,1,['place'],2,"[[6.83, 7.17], [7.0, 7.33]]","['calm', 'nice']",['AMBIENCE#GENERAL']
eng,restaurant,rest16_quad_train_584,it was $ 14 not really bad for a pound of pastrami - but it did n ' t have much taste - i ' ve had better for less elsewhere !,1,[None],2,"[[5.17, 5.17], [5.33, 5.5]]","['NULL', 'not really bad']","['FOOD#PRICES', 'FOOD#QUALITY']"
eng,restaurant,rest16_quad_train_588,if you want good authentic thai this place is not the place to go .,1,['thai'],2,"[[6.67, 6.67], [7.17, 7.17]]","['authentic', 'good']",['FOOD#QUALITY']
eng,restaurant,rest16_quad_train_598,it ' s the only place you can get yummy authentic japanese comfort food .,1,['japanese comfort food'],2,"[[7.5, 7.5], [7.5, 7.67]]","['authentic', 'yummy']",['FOOD#QUALITY']
eng,restaurant,rest16_quad_train_602,"the dishes offered were unique , very tasty and fresh from the lamb sausages , sardines with biscuits , large whole shrimp to the amazing pistachio ice cream ( the best and freshest i ' ve ever had ) .",1,['dishes'],3,"[[7.5, 7.25], [7.5, 7.5]]","['fresh', 'unique', 'very tasty']",['FOOD#QUALITY']
eng,restaurant,rest16_quad_train_604,"the freshest , best variety , and the fastest delivery .",1,[None],2,"[[7.75, 7.88], [8.0, 8.12]]","['best', 'freshest']","['FOOD#QUALITY', 'FOOD#STYLE_OPTIONS']"
eng,restaurant,rest16_quad_train_607,"we are very particular about sushi and were both please with every choice which included : ceviche mix ( special ) , crab dumplings , assorted sashimi , sushi and rolls , two types of sake , and the banana tempura .",1,['sushi'],2,"[[8.0, 8.0], [8.17, 8.17]]","['please', 'very particular']",['FOOD#QUALITY']
eng,restaurant,rest16_quad_train_613,"the food arrived 20 minutes after i called , cold and soggy .",1,['food'],2,"[[1.75, 8.25], [2.12, 8.12]]","['cold', 'soggy']",['FOOD#QUALITY']
eng,restaurant,rest16_quad_train_616,we were greeted promptly by the waiter who was very nice and cordial .,1,['waiter'],2,"[[7.33, 7.17], [7.5, 7.5]]","['cordial', 'very nice']",['SERVICE#GENERAL']
eng,restaurant,rest16_quad_train_618,the food looked very appetizing and delicious since it came on a variety of fancy plates .,1,['food'],2,"[[7.62, 7.75], [7.75, 8.0]]","['delicious', 'very appetizing']",['FOOD#STYLE_OPTIONS']
eng,restaurant,rest16_quad_train_625,"the food is outstanding and the service is quick , friendly and very professional .",1,['service'],3,"[[7.5, 7.5], [7.75, 7.62], [8.12, 8.25]]","['friendly', 'quick', 'very professional']",['SERVICE#GENERAL']
eng,restaurant,rest16_quad_train_626,"always a nice crowd , but never loud .",1,['crowd'],2,"[[6.5, 6.83], [7.0, 7.0]]","['never loud', 'nice']",['RESTAURANT#MISCELLANEOUS']
eng,restaurant,rest16_quad_train_644,"the first time the sushi was outstanding , the second time it was a little bland .",1,['sushi'],2,"[[4.5, 5.5], [7.5, 7.67]]","['a little bland', 'outstanding']",['FOOD#QUALITY']
eng,restaurant,rest16_quad_train_650,"not only is the cuisine the best around , the service has always been attentive and charming .",1,['service'],2,"[[7.62, 7.62], [7.75, 7.62]]","['attentive', 'charming']",['SERVICE#GENERAL']
eng,restaurant,rest16_quad_train_653,i expected quite a bit more from such an expensive menu .,1,['menu'],2,"[[3.67, 4.33], [5.0, 5.0]]","['NULL', 'expensive']","['FOOD#PRICES', 'FOOD#QUALITY']"
eng,restaurant,rest16_quad_train_658,authentic taiwanese food that ' s cheap . . . what more could you ask for ?,1,['taiwanese food'],2,"[[7.75, 7.75], [8.0, 7.75]]","['authentic', 'cheap']","['FOOD#PRICES', 'FOOD#QUALITY']"
eng,restaurant,rest16_quad_train_661,delicious simple food in nice outdoor atmosphere .,1,['food'],2,"[[6.83, 7.0], [7.83, 7.83]]","['delicious', 'simple']","['FOOD#QUALITY', 'FOOD#STYLE_OPTIONS']"
eng,restaurant,rest16_quad_train_662,"kind , attentive wait staff .",1,['wait staff'],2,"[[7.25, 7.25], [7.5, 7.38]]","['attentive', 'kind']",['SERVICE#GENERAL']
eng,restaurant,rest16_quad_train_668,this is a nice pizza place with good selection of thin crust pizza including the basil slice .,1,['selection of thin crust pizza'],2,"[[6.5, 6.5], [6.5, 6.67]]",['good'],"['FOOD#QUALITY', 'FOOD#STYLE_OPTIONS']"
eng,restaurant,rest16_quad_train_669,"their calzones are horrific , bad , vomit - inducing , yuck .",1,['calzones'],4,"[[1.38, 8.38], [1.5, 8.5], [1.62, 6.88], [1.75, 7.0]]","['bad', 'horrific', 'vomit - inducing', 'yuck']",['FOOD#QUALITY']
eng,restaurant,rest16_quad_train_673,"they ' re rude at times , and not very friendly .",1,[None],2,"[[2.75, 7.0], [3.0, 6.75]]","['not very friendly', 'rude']",['SERVICE#GENERAL']
eng,restaurant,rest16_quad_train_675,"anybody who likes this place must be from a different planet , where greasy , dry and tasteless are complimentary .",1,[None],3,"[[2.17, 7.33], [2.33, 7.33]]","['dry', 'greasy', 'tasteless']",['FOOD#QUALITY']
eng,restaurant,rest16_quad_train_676,"the dosas are skimpy , unattractive and drip with grease , and personally i ' d drink popcorn topping before i ' d eat another one of these .",1,['dosas'],2,"[[3.5, 6.5], [3.67, 6.33]]","['skimpy', 'unattractive']","['FOOD#QUALITY', 'FOOD#STYLE_OPTIONS']"
eng,restaurant,rest16_quad_train_677,"the sandwiches are dry , tasteless and way overpriced .",1,['sandwiches'],6,"[[2.75, 7.5], [3.25, 5.0], [3.5, 5.0]]","['dry', 'tasteless', 'way overpriced']","['FOOD#PRICES', 'FOOD#QUALITY']"
eng,restaurant,rest16_quad_train_683,"this is such a lovely , peaceful place to eat outside .",1,['place'],2,"[[6.83, 6.83], [7.0, 6.83]]","['lovely', 'peaceful']",['AMBIENCE#GENERAL']
eng,restaurant,rest16_quad_train_706,a little crowded but they move that line really fast !,1,[None],2,"[[5.5, 5.33], [7.67, 7.67]]","['NULL', 'really fast']","['RESTAURANT#MISCELLANEOUS', 'SERVICE#GENERAL']"
eng,restaurant,rest16_quad_train_707,a little pricey but it really hits the spot on a sunday morning !,1,[None],2,"[[6.75, 6.25], [7.75, 7.5]]","['a little pricey', 'really hits']","['RESTAURANT#GENERAL', 'RESTAURANT#PRICES']"
eng,restaurant,rest16_quad_train_714,the rice was poor quality and was cooked so badly it was hard .,1,['rice'],3,"[[3.0, 6.5], [3.33, 6.0], [3.5, 6.0]]","['cooked so badly', 'hard', 'poor quality']",['FOOD#QUALITY']
eng,restaurant,rest16_quad_train_715,"furthermore , the rice had no seasoning , so the sushi was bland and disgusting .",1,['sushi'],2,"[[2.25, 7.75], [3.75, 5.0]]","['bland', 'disgusting']",['FOOD#QUALITY']
eng,restaurant,rest16_quad_train_716,"the fish was adequate , but inexpertly sliced .",1,['fish'],2,"[[3.75, 4.75], [5.75, 5.5]]","['adequate', 'inexpertly sliced']",['FOOD#STYLE_OPTIONS']
eng,restaurant,rest16_quad_train_718,"good , fast service .",1,['service'],2,"[[6.5, 6.5], [6.88, 6.88]]","['fast', 'good']",['SERVICE#GENERAL']
eng,restaurant,rest16_quad_train_720,food is great and inexpensive .,1,['food'],2,"[[7.67, 7.5], [7.83, 7.83]]","['great', 'inexpensive']","['FOOD#PRICES', 'FOOD#QUALITY']"
eng,restaurant,rest16_quad_train_734,"the service was attentive , yet discreet .",1,['service'],2,"[[7.33, 7.17], [7.5, 7.17]]","['attentive', 'discreet']",['SERVICE#GENERAL']
eng,restaurant,rest16_quad_train_736,the brioche and lollies as party favors is a cute and sweet touch to a most memorable meal .,1,['brioche and lollies'],2,"[[6.67, 6.83], [7.0, 7.0]]","['cute', 'sweet']",['FOOD#QUALITY']
eng,restaurant,rest16_quad_train_738,the place was quiet and delightful .,1,['place'],2,"[[7.5, 7.12], [7.62, 7.25]]","['delightful', 'quiet']",['AMBIENCE#GENERAL']
eng,restaurant,rest16_quad_train_741,"the wait staff is pleasant , fun , and for the most part gorgeous ( in the wonderful aesthetic beautification way , not in that she ' s - way - cuter - than - me - that - b @ # $ * way ) .",1,['wait staff'],3,"[[6.83, 6.83], [7.0, 7.0], [7.33, 7.33]]","['fun', 'gorgeous', 'pleasant']",['SERVICE#GENERAL']
eng,restaurant,rest16_quad_train_760,the setting is casual and romantic .,1,['setting'],2,"[[6.38, 6.5], [7.25, 7.38]]","['casual', 'romantic']",['AMBIENCE#GENERAL']
eng,restaurant,rest16_quad_train_763,"if you ' re daring , try the balsamic vinegar over icecream , it ' s wonderful !",1,['balsamic vinegar over icecream'],2,"[[7.83, 8.0], [8.33, 8.67]]","['try', 'wonderful']",['FOOD#QUALITY']
eng,restaurant,rest16_quad_train_764,they were such a rip - off ( $ 8 . 95 for four small meat patties in steamed buns ) and not worth trying .,1,[None],3,"[[3.67, 3.83], [4.0, 4.5], [4.17, 4.5]]","['not worth', 'rip - off', 'small']","['FOOD#PRICES', 'FOOD#QUALITY', 'FOOD#STYLE_OPTIONS']"
eng,restaurant,rest16_quad_train_765,"the rest of the dim sum , though pricey by chinatown standards , is worth it .",1,['dim sum'],2,"[[4.5, 3.83], [8.0, 8.17]]","['pricey', 'worth']",['FOOD#PRICES']
eng,restaurant,rest16_quad_train_768,these are overpriced and you can get better just around the corner :,1,[None],2,"[[3.17, 7.0], [5.0, 5.0]]","['NULL', 'overpriced']","['FOOD#PRICES', 'FOOD#QUALITY']"
eng,restaurant,rest16_quad_train_769,i was pleasantly suprised .,1,[None],2,"[[7.5, 7.67], [7.67, 7.67]]","['pleasantly', 'suprised']",['RESTAURANT#GENERAL']
eng,restaurant,rest16_quad_train_773,the restaurant is a bit noisy but that is something that can be overlooked once you sit down and enjoy a great meal,1,['meal'],2,"[[5.0, 5.25], [7.25, 7.0]]","['enjoy', 'great']",['FOOD#QUALITY']
eng,restaurant,rest16_quad_train_783,"terrible , terrible management - deserves to be shut - down .",1,['management'],2,"[[1.5, 8.25], [1.75, 8.0]]",['terrible'],['SERVICE#GENERAL']
eng,restaurant,rest16_quad_train_786,spreads and toppings are great - though a bit pricey .,1,['spreads'],2,"[[5.0, 5.25], [7.0, 7.0]]","['a bit pricey', 'great']","['FOOD#PRICES', 'FOOD#QUALITY']"
eng,restaurant,rest16_quad_train_786,spreads and toppings are great - though a bit pricey .,1,['toppings'],2,"[[5.25, 5.5], [7.25, 7.5]]","['a bit pricey', 'great']","['FOOD#PRICES', 'FOOD#QUALITY']"
eng,restaurant,rest16_quad_train_793,"rao is a good restaurant , but it ' s nothing special .",1,['rao'],2,"[[5.25, 5.0], [7.5, 7.5]]","['good', 'nothing special']",['RESTAURANT#GENERAL']
eng,restaurant,rest16_quad_train_796,even my indian friend could n ' t believe how good and tasty everything was .,1,[None],2,"[[7.17, 7.0], [7.33, 7.33]]","['good', 'tasty']",['FOOD#QUALITY']
eng,restaurant,rest16_quad_train_799,"if you are looking for a good quality , cheap eats - this is the place .",1,['eats'],2,"[[7.33, 7.33], [7.83, 7.83]]","['cheap', 'good quality']","['FOOD#PRICES', 'FOOD#QUALITY']"
eng,restaurant,rest16_quad_train_801,i really loved the different and inovated touch that ' s the cheff gives to the food .,1,['cheff'],2,"[[7.88, 8.0], [8.0, 8.25]]","['inovated', 'really loved']",['FOOD#STYLE_OPTIONS']
eng,restaurant,rest16_quad_train_802,"also it ' s great to have dinner in a very romantic and comfortable place , the service it ' s just perfect . . . they ' re so frendly that we never want to live the place !",1,['place'],2,"[[7.0, 7.33], [7.12, 6.88]]","['comfortable', 'very romantic']",['AMBIENCE#GENERAL']
eng,restaurant,rest16_quad_train_803,"their bagels are fine , but they are a little overcooked , and not really a ' special ' bagel experience .",1,['bagels'],2,"[[4.25, 5.62], [5.62, 5.5]]","['a little overcooked', 'fine']",['FOOD#QUALITY']
eng,restaurant,rest16_quad_train_804,great bagels made the old - fashioned way .,1,['bagels'],2,"[[7.62, 7.62], [7.75, 7.75]]",['great'],"['FOOD#QUALITY', 'FOOD#STYLE_OPTIONS']"
eng,restaurant,rest16_quad_train_808,"the lamb was tender so full of flavor , the dessert was divine ! !",1,['lamb'],2,"[[8.17, 8.33], [8.5, 8.67]]","['so full of flavor', 'tender']",['FOOD#QUALITY']
eng,restaurant,rest16_quad_train_817,"still , any quibbles about the bill were off - set by the pour - your - own measures of liquers which were courtesey of the house . . .",1,['measures of liquers'],2,"[[6.83, 6.83], [7.0, 7.0]]","['courtesey', 'pour - your - own']",['DRINKS#STYLE_OPTIONS']
eng,restaurant,rest16_quad_train_821,lucky strike is a great casual place to just grab a bite to eat .,1,['lucky strike'],2,"[[6.83, 7.17], [7.17, 7.33]]","['casual', 'great']",['RESTAURANT#GENERAL']
eng,restaurant,rest16_quad_train_834,it is expensive but well worth the money .,1,[None],2,"[[5.5, 6.67], [7.0, 7.33]]","['expensive', 'worth']","['RESTAURANT#GENERAL', 'RESTAURANT#PRICES']"
eng,restaurant,rest16_quad_train_839,cozy romantic atomosphere with only around 15 tables at most .,1,['atomosphere'],2,"[[7.33, 7.33], [7.5, 7.5]]","['cozy', 'romantic']",['AMBIENCE#GENERAL']
eng,restaurant,rest16_quad_train_841,go here for a romantic dinner but not for an all out wow dining experience .,1,[None],2,"[[7.38, 7.12], [7.5, 7.38]]","['romantic', 'wow']","['AMBIENCE#GENERAL', 'RESTAURANT#MISCELLANEOUS']"
eng,restaurant,rest16_quad_train_850,this place has the best chinese style bbq ribs in the city .,1,['bbq ribs'],2,"[[7.25, 7.0], [7.38, 7.12]]",['best'],"['FOOD#QUALITY', 'FOOD#STYLE_OPTIONS']"
eng,restaurant,rest16_quad_train_857,"when you ' re sitting in their main dining room ( which has a spectacular , hand - painted high ceiling ) you ' d never know there was a world outside .",1,['ceiling'],2,"[[7.67, 8.0], [8.0, 8.33]]","['hand - painted high', 'spectacular']",['AMBIENCE#GENERAL']
eng,restaurant,rest16_quad_train_858,"the food is wonderful , tasty and filling , and the service is professional and friendly .",1,['food'],3,"[[7.5, 7.17], [7.67, 7.33]]","['filling', 'tasty', 'wonderful']","['FOOD#QUALITY', 'FOOD#STYLE_OPTIONS']"
eng,restaurant,rest16_quad_train_858,"the food is wonderful , tasty and filling , and the service is professional and friendly .",1,['service'],2,"[[7.5, 7.17], [7.5, 7.33]]","['friendly', 'professional']",['SERVICE#GENERAL']
eng,restaurant,rest16_quad_train_861,the service was fast and friendly and the food was very tasty and they had the best hot sauce to add to your meals .,1,['service'],2,"[[6.25, 6.12], [6.62, 6.5]]","['fast', 'friendly']",['SERVICE#GENERAL']
eng,restaurant,rest16_quad_train_870,warm and friendly in the winter and terrific outdoor seating in the warmer months .,1,[None],2,"[[7.38, 7.25], [7.62, 7.5]]","['friendly', 'warm']",['AMBIENCE#GENERAL']
eng,restaurant,rest16_quad_train_871,the food is great and they have a good selection of wines at reasonable prices .,1,['wines'],2,"[[7.38, 7.5], [7.5, 7.62]]","['good selection', 'reasonable']","['DRINKS#PRICES', 'DRINKS#STYLE_OPTIONS']"
eng,restaurant,rest16_quad_train_885,"the food was not fresh , the sauces were bland and very oily .",1,['sauces'],2,"[[3.33, 5.17], [3.33, 5.33]]","['bland', 'very oily']",['FOOD#QUALITY']
eng,restaurant,rest16_quad_train_894,"just straight up cheap , good food .",1,['food'],2,"[[6.62, 6.5], [6.62, 6.62]]","['cheap', 'good']","['FOOD#PRICES', 'FOOD#QUALITY']"
eng,restaurant,rest16_quad_train_897,bottles of wine are cheap and good .,1,['bottles of wine'],2,"[[7.12, 7.25], [7.62, 7.62]]","['cheap', 'good']","['DRINKS#PRICES', 'DRINKS#QUALITY']"
eng,restaurant,rest16_quad_train_909,the drinks are amazing and half off till 8pm .,1,['drinks'],2,"[[7.83, 7.83], [8.0, 8.0]]",['amazing'],"['DRINKS#PRICES', 'DRINKS#QUALITY']"
eng,restaurant,rest16_quad_train_912,i really recommend the very simple unda ( egg ) rolls .,1,['unda ( egg ) rolls'],2,"[[7.38, 7.12], [7.5, 7.38]]","['really recommend', 'very simple']",['FOOD#QUALITY']
eng,restaurant,rest16_quad_train_927,"we recently decided to try this location , and to our delight , they have outdoor seating , perfect since i had my yorkie with me .",1,['outdoor seating'],2,"[[7.75, 7.75], [8.25, 8.25]]","['delight', 'perfect']",['AMBIENCE#GENERAL']
eng,restaurant,rest16_quad_train_931,"excellent dumplings served amid clean , chic decor .",1,['decor'],2,"[[7.5, 7.83], [7.83, 8.17]]","['chic', 'clean']",['AMBIENCE#GENERAL']
eng,restaurant,rest16_quad_train_935,the decor is very simple but comfortable .,1,['decor'],2,"[[6.62, 6.38], [6.88, 6.62]]","['comfortable', 'very simple']",['AMBIENCE#GENERAL']
eng,restaurant,rest16_quad_train_939,the staff there is very attentive and down to earth .,1,['staff'],2,"[[7.5, 7.5], [7.67, 7.67]]","['down to earth', 'very attentive']",['SERVICE#GENERAL']
eng,restaurant,rest16_quad_train_948,"try the congee and the donut like deep fried dough they call ow ley soh , a delicious and sweet tasting bread .",1,['ow ley soh'],2,"[[6.67, 6.33], [6.67, 6.5]]","['delicious', 'sweet']",['FOOD#QUALITY']
eng,restaurant,rest16_quad_train_954,"its a little out of the way if you do n ' t live in the neighborhood , but definitely worth the trip from wherever you are .",1,[None],2,"[[4.5, 5.25], [6.5, 6.0]]","['NULL', 'definitely worth']","['LOCATION#GENERAL', 'RESTAURANT#GENERAL']"
eng,restaurant,rest16_quad_train_957,atmosphere is nice and relaxed too . . .,1,['atmosphere'],2,"[[7.0, 7.17], [7.17, 7.5]]","['nice', 'relaxed']",['AMBIENCE#GENERAL']
eng,restaurant,rest16_quad_train_965,"fabulous decor - makes you feel like you ' re in a trendy manhattan restaurant , very very good food , cheaply - priced , generally friendly staff , and if you ' re a manhattanite , or spend most of your time in manhattan , rice avenue will make you feel at home . . . . . very soho / village / upper west side minus the expensive prices and pretentious clientele . . . . . all on roosevelt avenue !",1,['rice avenue'],3,"[[5.25, 5.0], [5.25, 5.25], [5.5, 5.25]]",['NULL'],"['AMBIENCE#GENERAL', 'LOCATION#GENERAL', 'RESTAURANT#PRICES']"
eng,restaurant,rest16_quad_train_982,"the vibe is very relaxed and cozy , service was great and the food was excellent !",1,['vibe'],2,"[[7.17, 6.83], [7.5, 7.33]]","['cozy', 'very relaxed']",['AMBIENCE#GENERAL']
eng,restaurant,rest16_quad_train_991,the pizza was pretty good and huge .,1,['pizza'],2,"[[7.0, 6.67], [7.17, 7.0]]","['huge', 'pretty good']","['FOOD#QUALITY', 'FOOD#STYLE_OPTIONS']"
eng,restaurant,rest16_quad_train_995,"the pasta penne was pretty extra buttery , creamy which means a big task to diggest . . tasty at first but i would say that i was full with a slice of pizza and 7 to count , penne . . . got a little moody afterwards cause was stuffed . . . lol",1,['pasta penne'],2,"[[5.67, 5.33], [6.83, 6.67]]","['NULL', 'pretty extra buttery']","['FOOD#QUALITY', 'FOOD#STYLE_OPTIONS']"
eng,restaurant,rest16_quad_train_1000,"to me it exemplifies soho , cute , artsy , interesting .",1,[None],3,"[[7.5, 7.67], [7.67, 7.83], [7.83, 8.0]]","['artsy', 'cute', 'interesting']",['AMBIENCE#GENERAL']
eng,restaurant,rest16_quad_train_1003,the wine list is extensive and impressive .,1,['wine list'],2,"[[7.75, 7.5], [7.75, 7.62]]","['extensive', 'impressive']",['DRINKS#STYLE_OPTIONS']
eng,restaurant,rest16_quad_train_1019,overpriced and not tasty,1,[None],2,"[[2.25, 7.88], [2.5, 7.75]]","['not tasty', 'overpriced']","['FOOD#PRICES', 'FOOD#QUALITY']"
eng,restaurant,rest16_quad_train_1028,i was visiting new york city with a friend and we discovered this really warm and inviting restaurant .,1,['restaurant'],2,"[[7.0, 7.0], [7.17, 7.17]]","['inviting', 'really warm']",['AMBIENCE#GENERAL']
eng,restaurant,rest16_quad_train_1034,"reliable , fresh sushi",1,['sushi'],2,"[[7.0, 6.88], [7.25, 7.12]]","['fresh', 'reliable']",['FOOD#QUALITY']
eng,restaurant,rest16_quad_train_1035,the sashimi is always fresh and the rolls are innovative and delicious .,1,['rolls'],2,"[[7.33, 7.17], [7.5, 7.5]]","['delicious', 'innovative']","['FOOD#QUALITY', 'FOOD#STYLE_OPTIONS']"
eng,restaurant,rest16_quad_train_1041,"creative , consistent , fresh .",1,[None],3,"[[7.75, 7.88], [7.88, 8.0], [8.12, 8.25]]","['consistent', 'creative', 'fresh']","['FOOD#QUALITY', 'FOOD#STYLE_OPTIONS']"
eng,restaurant,rest16_quad_train_1043,not cheap but very yummy .,1,[None],2,"[[4.0, 6.25], [7.25, 7.5]]","['not cheap', 'very yummy']","['FOOD#PRICES', 'FOOD#QUALITY']"
eng,restaurant,rest16_quad_train_1054,excellent food for great prices,1,['food'],2,"[[7.75, 7.25], [7.88, 7.38]]","['excellent', 'great']","['FOOD#PRICES', 'FOOD#QUALITY']"
eng,restaurant,rest16_quad_train_1056,the wait staff is very courteous and accomodating .,1,['wait staff'],2,"[[7.25, 7.38], [7.38, 7.62]]","['accomodating', 'very courteous']",['SERVICE#GENERAL']
eng,restaurant,rest16_quad_train_1062,"im not necessarily fanatical about this place , but it was a fun time for low pirces .",1,['place'],2,"[[5.12, 5.62], [6.38, 6.38]]","['fanatical', 'low']","['RESTAURANT#GENERAL', 'RESTAURANT#PRICES']"
eng,restaurant,rest16_quad_train_1063,"lobster was good , nothing spectacular .",1,['lobster'],2,"[[4.5, 5.5], [6.25, 6.5]]","['good', 'nothing spectacular']",['FOOD#QUALITY']
eng,restaurant,rest16_quad_train_1065,had no flavor and the staff is rude and not attentive .,1,['staff'],2,"[[2.0, 8.5], [2.5, 8.0]]","['not attentive', 'rude']",['SERVICE#GENERAL']
eng,restaurant,rest16_quad_train_1071,the potato balls were not dry at all . . . in fact it was buttery .,1,['potato balls'],2,"[[6.5, 6.5], [7.0, 7.0]]","['buttery', 'not dry at all']",['FOOD#QUALITY']
eng,restaurant,rest16_quad_train_1076,i would never recommend this place to anybody even for a casual dinner .,1,['place'],2,"[[2.0, 8.0], [2.17, 7.83]]",['never recommend'],"['RESTAURANT#GENERAL', 'RESTAURANT#MISCELLANEOUS']"
eng,restaurant,rest16_quad_train_1090,"an unpretentious spot in park slope , the sushi is consistently good , the service is pleasant , effective and unassuming .",1,['service'],3,"[[7.33, 7.33], [7.5, 7.5], [7.67, 7.5]]","['effective', 'pleasant', 'unassuming']",['SERVICE#GENERAL']
eng,restaurant,rest16_quad_train_1097,and $ 11 for a plate of bland guacamole ?,1,['guacamole'],2,"[[2.75, 6.62], [2.88, 6.62]]",['bland'],"['FOOD#PRICES', 'FOOD#QUALITY']"
eng,restaurant,rest16_quad_train_1103,"the food was good , the place was clean and affordable .",1,['place'],2,"[[6.83, 6.83], [7.0, 7.17]]","['affordable', 'clean']","['AMBIENCE#GENERAL', 'RESTAURANT#PRICES']"
eng,restaurant,rest16_quad_train_1105,"this is one of my favorite spot , very relaxing the food is great all the times , celebrated my engagement and my wedding here , it was very well organized .",1,[None],2,"[[7.75, 7.75], [8.0, 8.0]]","['favorite', 'very relaxing']","['AMBIENCE#GENERAL', 'RESTAURANT#GENERAL']"
eng,restaurant,rest16_quad_train_1108,i highly recommend this beautiful place .,1,['place'],4,"[[7.0, 7.5], [7.25, 7.75], [7.5, 8.0], [7.75, 8.25]]","['beautiful', 'highly recommend']","['AMBIENCE#GENERAL', 'RESTAURANT#GENERAL']"
eng,restaurant,rest16_quad_train_1118,a beautifully designed dreamy egyptian restaurant that gets sceney at night .,1,['egyptian restaurant'],2,"[[7.75, 8.0], [8.0, 8.25]]","['beautifully', 'dreamy']",['AMBIENCE#GENERAL']
eng,restaurant,rest16_quad_train_1138,"fresh , mind blowing flavors .",1,[None],2,"[[8.0, 8.12], [8.38, 8.5]]","['fresh', 'mind blowing']",['FOOD#QUALITY']
eng,restaurant,rest16_quad_train_1140,"delicious , creative and fun .",1,[None],3,"[[7.62, 7.62], [7.75, 7.88], [7.88, 7.88]]","['creative', 'delicious', 'fun']","['FOOD#QUALITY', 'FOOD#STYLE_OPTIONS']"
eng,restaurant,rest16_quad_train_1144,"its dark , and cozy . . there is always jazz music playing when we go .",1,[None],2,"[[6.83, 6.83], [7.0, 7.0]]","['cozy . .', 'dark']",['AMBIENCE#GENERAL']
eng,restaurant,rest16_quad_train_1153,everyone was cheerfully cooperative and helpful .,1,[None],2,"[[7.62, 7.62], [7.75, 7.75]]","['cheerfully cooperative', 'helpful']",['SERVICE#GENERAL']
eng,restaurant,rest16_quad_train_1157,"service ok but unfriendly , filthy bathroom .",1,['service'],2,"[[3.5, 5.67], [5.5, 5.33]]","['ok', 'unfriendly']",['SERVICE#GENERAL']
eng,restaurant,rest16_quad_train_1166,the bread we received was horrible - rock hard and cold - and the ` ` free ' ' appetizer of olives was disappointing .,1,['bread'],3,"[[1.67, 8.67], [2.0, 8.33], [2.5, 7.83]]","['cold', 'horrible', 'rock hard']",['FOOD#QUALITY']
eng,restaurant,rest16_quad_train_1172,"short and sweet – seating is great : it ' s romantic , cozy and private .",1,['seating'],6,"[[6.5, 6.5], [7.67, 7.67], [7.83, 7.83]]","['cozy', 'great', 'private', 'romantic', 'short', 'sweet']",['AMBIENCE#GENERAL']
eng,restaurant,rest16_quad_train_1173,the boths are not as small as some of the reviews make them out to look they ' re perfect for 2 people .,1,['boths'],2,"[[6.5, 7.5], [8.5, 9.0]]","['not as small', 'perfect']",['AMBIENCE#GENERAL']
eng,restaurant,rest16_quad_train_1174,the service was extremely fast and attentive ( thanks to the service button on your table ) but i barely understood 1 word when the waiter took our order .,1,['service'],2,"[[7.33, 7.33], [7.5, 7.5]]","['attentive', 'extremely fast']",['SERVICE#GENERAL']
eng,restaurant,rest16_quad_train_1177,will prob . not return but it is a great dinning experience to try at least once .,1,[None],2,"[[5.0, 5.0], [7.0, 7.0]]","['NULL', 'great']",['RESTAURANT#GENERAL']
eng,restaurant,rest16_quad_train_1184,amazing fresh dogs but best of all endless toppings ! ! !,1,['dogs'],2,"[[8.0, 8.17], [8.17, 8.33]]","['amazing', 'fresh']",['FOOD#QUALITY']
eng,restaurant,rest16_quad_train_1184,amazing fresh dogs but best of all endless toppings ! ! !,1,['toppings'],2,"[[7.67, 7.83], [7.83, 8.0]]","['best', 'endless']",['FOOD#STYLE_OPTIONS']
eng,restaurant,rest16_quad_train_1190,highly impressed from the decor to the food to the hospitality to the great night i had !,1,[None],2,"[[7.75, 7.88], [8.0, 8.12]]","['great', 'hospitality']","['RESTAURANT#GENERAL', 'SERVICE#GENERAL']"
eng,restaurant,rest16_quad_train_1206,"the food is flavorful , plentiful and reasonably priced .",1,['food'],3,"[[7.25, 7.5], [7.5, 8.0], [8.0, 8.25]]","['flavorful', 'plentiful', 'reasonably']","['FOOD#PRICES', 'FOOD#QUALITY', 'FOOD#STYLE_OPTIONS']"
eng,restaurant,rest16_quad_train_1207,the atmosphere is relaxed and casual .,1,['atmosphere'],2,"[[6.75, 6.38], [6.75, 6.5]]","['casual', 'relaxed']",['AMBIENCE#GENERAL']
eng,restaurant,rest16_quad_train_1210,"inexpensive , unassuming , great time !",1,[None],3,"[[7.17, 7.17], [7.5, 7.5]]","['great', 'inexpensive', 'unassuming']","['AMBIENCE#GENERAL', 'RESTAURANT#GENERAL', 'RESTAURANT#PRICES']"
eng,restaurant,rest16_quad_train_1214,good creative rolls !,1,['rolls'],2,"[[6.83, 7.0], [7.0, 7.5]]","['creative', 'good']","['FOOD#QUALITY', 'FOOD#STYLE_OPTIONS']"
eng,restaurant,rest16_quad_train_1216,"they have great rolls , the triple color and norwegetan rolls , are awesome and filling .",1,['triple color and norwegetan rolls'],2,"[[7.33, 7.5], [8.0, 8.0]]","['awesome', 'filling']","['FOOD#QUALITY', 'FOOD#STYLE_OPTIONS']"
eng,restaurant,rest16_quad_train_1223,"the atmosphere was pretty nice but had a bit lacking , which it tries to make up for with a crazy scheme of mirrors .",1,['atmosphere'],2,"[[4.0, 5.25], [6.0, 5.5]]","['a bit lacking', 'pretty nice']",['AMBIENCE#GENERAL']
eng,restaurant,rest16_quad_train_1228,"the chicken lollipop is my favorite , most of the dishes ( i have to agree with a previous reviewer ) are quite oily and very spicy , espeically the chilli chicken .",1,['dishes'],2,"[[3.67, 6.83], [4.17, 6.17]]","['quite oily', 'very spicy']",['FOOD#QUALITY']
eng,restaurant,rest16_quad_train_1228,"the chicken lollipop is my favorite , most of the dishes ( i have to agree with a previous reviewer ) are quite oily and very spicy , espeically the chilli chicken .",1,['chilli chicken'],2,"[[3.67, 6.83], [4.17, 6.17]]","['quite oily', 'very spicy']",['FOOD#QUALITY']
eng,restaurant,rest16_quad_train_1229,"my mom originally introduced me to this place , but even she ( being indian ) feels the food can be somewhat over the top spicy and far too oily .",1,['food'],2,"[[3.5, 5.62], [3.88, 5.5]]","['spicy', 'too oily']",['FOOD#QUALITY']
eng,restaurant,rest16_quad_train_1246,the hot dogs were juicy and tender inside and had plenty of crunch and snap on the outside .,1,['hot dogs'],2,"[[7.25, 7.25], [7.38, 7.25]]","['juicy', 'tender']",['FOOD#QUALITY']
eng,restaurant,rest16_quad_train_1249,"great , original taste .",1,[None],2,"[[6.62, 6.5], [7.0, 6.62]]","['great', 'original']",['FOOD#QUALITY']
eng,restaurant,rest16_quad_train_1254,the flavors are amazing and the value is phenomenal .,1,[None],2,"[[7.83, 8.0], [8.0, 8.0]]","['amazing', 'phenomenal']","['FOOD#PRICES', 'FOOD#QUALITY']"
eng,restaurant,rest16_quad_train_1259,amazing my favorite ! ! !,1,[None],2,"[[7.25, 7.25], [7.5, 7.38]]","['amazing', 'favorite']",['RESTAURANT#GENERAL']
eng,restaurant,rest16_quad_train_1265,in the end you end up with a fair tab and nothing but a great time ! ! !,1,[None],2,"[[7.0, 6.83], [7.67, 7.5]]","['fair', 'great']","['RESTAURANT#GENERAL', 'RESTAURANT#PRICES']"
eng,restaurant,rest16_quad_train_1270,"wish ny had more of these kind of places : intimate , superb food , homey , top notch all the way around , certainly worth the wait .",1,['food'],2,"[[7.83, 7.83], [8.0, 8.0]]","['intimate', 'superb']",['FOOD#QUALITY']
eng,restaurant,rest16_quad_train_1270,"wish ny had more of these kind of places : intimate , superb food , homey , top notch all the way around , certainly worth the wait .",1,[None],2,"[[7.67, 7.83], [8.0, 8.0]]","['homey', 'top notch']","['AMBIENCE#GENERAL', 'RESTAURANT#GENERAL']"
eng,restaurant,rest16_quad_train_1276,"yes , the place is classy and beautiful , but they most certainly target the uber whealthy not the common joe that wants to go all out every once in a while .",1,['place'],2,"[[7.0, 7.0], [7.17, 7.0]]","['beautiful', 'classy']",['AMBIENCE#GENERAL']
eng,restaurant,rest16_quad_train_1279,vanison was good but not amazing .,1,['vanison'],2,"[[4.5, 5.33], [6.67, 6.5]]","['good', 'not amazing']",['FOOD#QUALITY']
eng,restaurant,rest16_quad_train_1283,some pineapple covered in a glaze of some kind and some pear tart thing not impressive at all .,1,[None],2,"[[2.6, 7.3], [2.7, 7.1]]",['not impressive'],"['FOOD#QUALITY', 'FOOD#STYLE_OPTIONS']"
eng,restaurant,rest16_quad_train_1290,terrible waste of money . . scammers,1,[None],2,"[[3.33, 5.83], [3.33, 6.0]]","['scammers', 'terrible']","['RESTAURANT#GENERAL', 'RESTAURANT#PRICES']"
eng,restaurant,rest16_quad_train_1292,i am actually offended to have spent so much money on such a bad experience .,1,[None],2,"[[2.83, 6.1], [3.67, 4.67]]","['actually offended', 'bad']","['RESTAURANT#GENERAL', 'RESTAURANT#PRICES']"
eng,restaurant,rest16_quad_train_1294,"our visit their to say the least , was an unpleasant and costly experience !",1,[None],2,"[[1.67, 8.17], [2.0, 7.67]]","['costly', 'unpleasant']","['RESTAURANT#GENERAL', 'RESTAURANT#PRICES']"
eng,restaurant,rest16_quad_train_1295,and even more so unpleasant because it was so costly for such an unpleasant experience .,1,[None],3,"[[1.67, 8.17], [1.67, 8.33], [1.83, 8.0]]","['so costly', 'so unpleasant']","['RESTAURANT#GENERAL', 'RESTAURANT#PRICES']"
eng,restaurant,rest16_quad_train_1316,my husbands birthday and my sons was not as it was intended . . . and we drove two hours to spend too much money to be treated terribly !,1,[None],3,"[[5.0, 5.0], [5.25, 5.0]]","['NULL', 'terribly']","['RESTAURANT#GENERAL', 'RESTAURANT#PRICES', 'SERVICE#GENERAL']"
eng,restaurant,rest16_quad_train_1323,the appetizers we ordered were served quickly - an order of fried oysters and clams were delicious but a tiny portion ( maybe 3 of each ) .,1,['fried oysters and clams'],2,"[[6.0, 6.5], [7.5, 7.25]]","['delicious', 'tiny']","['FOOD#QUALITY', 'FOOD#STYLE_OPTIONS']"
eng,restaurant,rest16_quad_train_1324,"the lobster knuckles ( special of the day ) were ok , but pretty tasteless .",1,['lobster knuckles'],2,"[[3.83, 5.33], [5.5, 5.5]]","['ok', 'pretty tasteless']",['FOOD#STYLE_OPTIONS']
eng,restaurant,rest16_quad_train_1329,"everyone seemed generally happy with their food , except my brother who had the grilled mahi mahi , seemingly drenched in grapfruit juice !",1,['grilled mahi mahi'],2,"[[5.25, 5.25], [5.5, 5.5]]",['NULL'],"['FOOD#QUALITY', 'FOOD#STYLE_OPTIONS']"
eng,restaurant,rest16_quad_train_1332,"all in all the food was good - a little on the expensive side , but fresh .",1,['food'],3,"[[4.83, 5.17], [6.67, 6.83], [7.33, 7.5]]","['expensive', 'fresh', 'good']","['FOOD#PRICES', 'FOOD#QUALITY']"
eng,restaurant,rest16_quad_train_1336,"food was amazing - i love indian food and eat it quite regularly , but i can say this is one of the best i ' ve had .",1,['food'],3,"[[8.0, 8.0], [8.5, 8.75]]","['amazing', 'best', 'love']",['FOOD#QUALITY']
eng,restaurant,rest16_quad_train_1337,"very ` ` normal indian food ' ' , but done really well .",1,['indian food'],2,"[[5.83, 5.33], [7.5, 7.33]]","['really well', 'very ` ` normal']","['FOOD#QUALITY', 'FOOD#STYLE_OPTIONS']"
eng,restaurant,rest16_quad_train_1342,the lunch buffet is expensive but is deff worth it .,1,['lunch buffet'],2,"[[5.75, 5.0], [7.75, 8.0]]","['expensive', 'worth']",['FOOD#PRICES']
eng,restaurant,rest16_quad_train_1345,wretched and retching,1,[None],2,"[[3.0, 4.83], [3.4, 4.5]]","['retching', 'wretched']",['RESTAURANT#GENERAL']
eng,restaurant,rest16_quad_train_1348,"however , once i received my predictably mediocre order of what dokebi thinks passes as korean fair , ( sometimes you have to settle when it ' s your only option ) , i got through about half my kimchee before i found a piece of random lettuce accompanied by a far more disgusting , slimy , clearly bad piece of fish skin .",1,['kimchee'],3,"[[1.5, 8.5], [1.83, 8.17]]","['clearly bad', 'far more disgusting', 'slimy']",['FOOD#QUALITY']
eng,restaurant,rest16_quad_train_1354,gorgeous place ideal for a romantic dinner,1,['place'],4,"[[7.5, 7.75], [7.62, 7.88]]","['gorgeous', 'ideal']","['AMBIENCE#GENERAL', 'RESTAURANT#MISCELLANEOUS']"
eng,restaurant,rest16_quad_train_1374,"it does n ' t look appetizing as it ' s covered in squid ink and it turns your lips and teeth black , but the taste was phenomenal .",1,[None],2,"[[4.75, 5.12], [7.25, 7.25]]","['NULL', 'phenomenal']","['FOOD#QUALITY', 'FOOD#STYLE_OPTIONS']"
eng,restaurant,rest16_quad_train_1379,"the crust has a great bite and a good chew , the sauce is light with a nice acidity to it , the salt from the cheese is great , really heightens the flavor of all the other components .",1,['crust'],2,"[[7.0, 6.75], [7.5, 7.25]]","['good', 'great']",['FOOD#QUALITY']
eng,restaurant,rest16_quad_train_1379,"the crust has a great bite and a good chew , the sauce is light with a nice acidity to it , the salt from the cheese is great , really heightens the flavor of all the other components .",1,['sauce'],2,"[[7.0, 6.75], [7.0, 7.0]]","['light', 'nice']",['FOOD#QUALITY']
eng,restaurant,rest16_quad_train_1380,"personally i like the margherita pizza better , but they are all good .",1,['margherita pizza'],2,"[[6.62, 6.88], [6.88, 7.12]]","['good', 'like']",['FOOD#QUALITY']
eng,restaurant,rest16_quad_train_1382,"this is undoubtedly my favorite modern japanese brasserie ( that don ’ t serve sushi ) , and in my opinion , one of the most romantic restaurants in the city !",1,['modern japanese brasserie'],4,"[[7.62, 7.88], [7.75, 8.0]]","['favorite', 'most romantic']","['AMBIENCE#GENERAL', 'RESTAURANT#GENERAL']"
eng,restaurant,rest16_quad_train_1386,"my party had the bbe $ 29 fixe prix menu , which was such a wonderful deal since it also came with a flight of sake !",1,['bbe $ 29 fixe prix menu'],2,"[[5.9, 5.8], [7.7, 7.7]]","['NULL', 'wonderful']","['FOOD#PRICES', 'FOOD#STYLE_OPTIONS']"
eng,restaurant,rest16_quad_train_1390,"for desserts , we tried the frozen black sesame mousse ( interesting but not extraordinary ) and matcha ( powdered green tea ) and blueberry cheesecake , which was phenomenal .",1,['frozen black sesame mousse'],2,"[[5.67, 4.67], [7.17, 7.5]]","['interesting', 'not extraordinary']",['FOOD#QUALITY']
eng,restaurant,rest16_quad_train_1391,"i do n ' t usually visit the same establishment more than once , what more twice , but i ' ll come to zenkichi anytime for a quiet , unhurried and memorable dinner .",1,['zenkichi'],3,"[[7.62, 7.75], [7.75, 7.88], [7.88, 8.12]]","['memorable', 'quiet', 'unhurried']","['AMBIENCE#GENERAL', 'RESTAURANT#GENERAL']"
eng,restaurant,rest16_quad_train_1395,we never ate because by close to 2 in the monring we were not served and were too upset ad tired to start eating .,1,[None],2,"[[2.83, 5.12], [4.0, 4.0]]","['tired', 'too upset']",['SERVICE#GENERAL']
eng,restaurant,rest16_quad_train_1407,"price is high but the food is good , so i would come back again .",1,['food'],2,"[[7.38, 7.25], [7.38, 7.5]]","['good', 'high']","['FOOD#PRICES', 'FOOD#QUALITY']"
eng,restaurant,rest16_quad_train_1410,"this place has totally weird decor , stairs going up with mirrored walls - i am surprised how no one yet broke their head or fall off the stairs - mirrored walls make you dizzy and delusional . . .",1,['mirrored walls'],2,"[[3.38, 6.0], [3.5, 6.0]]","['delusional', 'dizzy']",['AMBIENCE#GENERAL']
eng,restaurant,rest16_quad_train_1414,"the food was great and tasty , but the sitting space was too small , i do n ' t like being cramp in a corner .",1,['food'],2,"[[7.75, 7.5], [7.75, 7.75]]","['great', 'tasty']",['FOOD#QUALITY']
eng,restaurant,rest16_quad_train_1415,over all it was a very nice romantic place .,1,['place'],2,"[[7.5, 7.62], [8.0, 8.12]]","['romantic', 'very nice']","['AMBIENCE#GENERAL', 'RESTAURANT#GENERAL']"
eng,restaurant,rest16_quad_train_1420,"our waitress was n ' t mean , but not especially warm or attentive either .",1,['waitress'],2,"[[4.12, 6.12], [5.0, 5.88]]","[""n ' t mean"", 'not especially warm or attentive']",['SERVICE#GENERAL']
eng,restaurant,rest16_quad_train_1432,"at $ 120 for two people , however , this in no way represents value , unless you ' re looking to pay by the hour for passive - aggressive torture .",1,[None],3,"[[3.0, 6.75], [3.25, 6.5], [3.25, 6.75]]","['NULL', 'passive - aggressive']","['RESTAURANT#GENERAL', 'RESTAURANT#PRICES', 'SERVICE#GENERAL']"
eng,restaurant,rest16_quad_train_1454,cirspy crust margherita pizza,1,['margherita pizza'],2,"[[6.67, 6.67], [6.83, 6.83]]","['cirspy', 'crust']",['FOOD#QUALITY']
eng,restaurant,rest16_quad_train_1463,the decor however seems to be the distraction so you wo n ' t notice that you just payed 300 bucks for some cold eggplant that took 2 frickin hours to come ! ! ! !,1,['eggplant'],2,"[[1.83, 6.0], [4.17, 5.5]]","['NULL', 'cold']","['FOOD#PRICES', 'FOOD#QUALITY']"
eng,restaurant,rest16_quad_train_1483,"his response was smug , arrogant , and condescending , totally consistent with his deportment on display all evening .",1,[None],3,"[[2.33, 7.33], [2.67, 7.0]]","['arrogant', 'condescending', 'smug']",['SERVICE#GENERAL']
eng,restaurant,rest16_quad_train_1494,here the hot dog is elevated to the level of a real entree with numerous variations available .,1,['hot dog'],2,"[[7.17, 7.0], [7.83, 7.67]]","['elevated', 'numerous']","['FOOD#QUALITY', 'FOOD#STYLE_OPTIONS']"
eng,restaurant,rest16_quad_train_1502,the manager was rude and handled the situation extremely poorly .,1,['manager'],2,"[[1.5, 8.25], [1.88, 8.0]]","['extremely poorly', 'rude']",['SERVICE#GENERAL']
eng,restaurant,rest16_quad_train_1506,"the food is very good , but not outstanding .",1,['food'],2,"[[3.0, 7.5], [7.0, 7.25]]","['not outstanding', 'very good']",['FOOD#QUALITY']
jpn,hotel,hotel_quad_train_289,建物は少し年季が入っている感じでしたが、清掃がしっかりされていて清潔感がありお風呂もゆっくり湯船につかれてとても快適でした,2,"['風呂', 'とても快適']",2,"[[7.17, 6.67], [7.38, 6.88]]",['とても快適'],"['FACILITIES#COMFORT', 'HOTEL#COMFORT']"
jpn,hotel,hotel_quad_train_437,当日は天気も良く部屋も夜景が見える側だったので綺麗でした,2,"['夜景', '綺麗']",2,"[[7.0, 6.0], [7.17, 6.0]]",['綺麗'],"['LOCATION#GENERAL', 'ROOMS#QUALITY']"
jpn,hotel,hotel_quad_train_587,何回も利用させてもらっていますが、「駅から近くて便利」「近くにコンビニがある」「スタッフの対応も良い」と満足しています,2,"[None, '満足']",2,"[[7.0, 6.5], [7.0, 6.83]]",['満足'],"['HOTEL#GENERAL', 'HOTEL#QUALITY']"
jpn,hotel,hotel_quad_train_1373,駅から近く、周りには飲食店が多く、１階にはコンビニもあり、快適だった,2,"[None, '快適']",2,"[[6.25, 6.5], [6.62, 6.5]]",['快適'],"['HOTEL#COMFORT', 'HOTEL#QUALITY']"
jpn,hotel,hotel_quad_train_1377,朝食もサラダのトッピングが多く楽しめました,2,"['朝食', '楽しめました']",2,"[[6.5, 6.17], [6.5, 6.25]]",['楽しめました'],"['FOOD_DRINKS#GENERAL', 'FOOD_DRINKS#QUALITY']"
jpn,hotel,hotel_quad_train_2,ちょっぴり残念だったのは、2泊目の朝食…2泊目は、品数少なく、固形燃料で、食べるものもなく、寂しかったです,1,['朝食'],2,"[[2.62, 5.88], [3.0, 5.67]]","['ちょっぴり残念', '寂しかった']","['FOOD_DRINKS#COMFORT', 'FOOD_DRINKS#QUALITY']"
jpn,hotel,hotel_quad_train_11,ウェルカムバーがしっかりしていて、嬉しかったです,1,['ウェルカムバー'],2,"[[6.33, 5.5], [6.5, 7.0]]","['しっかりしていて', '嬉しかった']",['FOOD_DRINKS#QUALITY']
jpn,hotel,hotel_quad_train_14,過ごしやすく快適安心できました*,1,[None],3,"[[6.38, 7.0], [6.5, 7.25], [6.88, 6.12]]","['安心', '快適', '過ごしやすく']",['HOTEL#COMFORT']
jpn,hotel,hotel_quad_train_15,山側の部屋を川側に変更していただき、きれいな景色を楽しむことができました,1,['景色'],2,"[[6.83, 6.83], [7.0, 6.62]]","['きれい', '楽しむことができました']",['HOTEL#QUALITY']
jpn,hotel,hotel_quad_train_16,部屋も広く、とても使いやすかったです,1,['部屋'],2,"[[6.38, 5.5], [6.5, 7.12]]","['とても使いやすかった', '広く']","['ROOMS#DESIGN_FEATURES', 'ROOMS#QUALITY']"
jpn,hotel,hotel_quad_train_17,立地も駅近の便利なところでした,1,['立地'],2,"[[5.67, 6.0], [6.0, 5.3]]","['便利', '駅近']",['LOCATION#GENERAL']
jpn,hotel,hotel_quad_train_24,お風呂が大きくてよかったです,1,['風呂'],2,"[[6.0, 5.5], [6.0, 6.17]]","['よかった', '大きくて']","['FACILITIES#DESIGN_FEATURES', 'FACILITIES#QUALITY']"
jpn,hotel,hotel_quad_train_27,施設は少し古いですが部屋は綺麗に清掃されており、朝食が何より素晴らしく美味しいです,1,['朝食'],2,"[[6.5, 6.75], [6.75, 7.38]]","['素晴らしく', '美味しい']",['FOOD_DRINKS#QUALITY']
jpn,hotel,hotel_quad_train_34,車で走っていくと遠くからでも目立っていて、新しく綺麗なホテルでした,1,['ホテル'],2,"[[5.83, 6.0], [6.38, 5.5]]","['新しく', '綺麗']","['HOTEL#CLEANLINESS', 'HOTEL#DESIGN_FEATURES']"
jpn,hotel,hotel_quad_train_47,朝ごはんは決して豪華なビュッフェではありませんが、混み合うこともなくゆっくり食べられ、和風にも洋風にも出来て嬉しかったです,1,['朝ごはん'],3,"[[6.3, 5.7], [6.33, 7.33], [6.5, 6.0]]","['ゆっくり', '嬉しかった', '混み合うこともなく']","['FOOD_DRINKS#COMFORT', 'FOOD_DRINKS#STYLE_OPTIONS']"
jpn,hotel,hotel_quad_train_60,2月15日に宿泊しましたが、駅近で便利でした,1,[None],2,"[[6.25, 5.5], [6.83, 5.83]]","['便利', '駅近']",['LOCATION#GENERAL']
jpn,hotel,hotel_quad_train_70,部屋も綺麗で文句なしです,1,['部屋'],2,"[[6.5, 5.83], [6.7, 5.8]]","['文句なし', '綺麗']","['ROOMS#CLEANLINESS', 'ROOMS#QUALITY']"
jpn,hotel,hotel_quad_train_74,イベントの為宿泊させていただきましたが値段の割にお部屋の広さ、清潔さ共に次回は利用したくないと思いました,1,['部屋'],2,"[[5.75, 4.88], [5.88, 5.0]]","['広さ', '清潔さ']","['ROOMS#CLEANLINESS', 'ROOMS#COMFORT']"
jpn,hotel,hotel_quad_train_77,部屋がとても広くて良かったです お風呂もシティーホテル並でとても良かったです,1,['部屋'],2,"[[6.5, 6.5], [6.75, 6.62]]","['とても広くて', '良かった']","['ROOMS#COMFORT', 'ROOMS#QUALITY']"
jpn,hotel,hotel_quad_train_78,朝食はホテルで頂きましたが、とても美味しくて満足でした、ウエルカムドリンクにも満足です,1,['朝食'],2,"[[6.88, 6.88], [7.25, 6.88]]","['とても美味しくて', '満足']",['FOOD_DRINKS#QUALITY']
jpn,hotel,hotel_quad_train_79,部屋も静かでゆっくりでき、朝食も美味しく、機会があれば、是非、利用したいと思います,1,['部屋'],2,"[[6.25, 5.5], [6.75, 6.0]]","['ゆっくり', '静か']",['ROOMS#COMFORT']
jpn,hotel,hotel_quad_train_82,ディズニーランドで 家族利用大きな温泉が魅力朝食も大変満足  又利用したい,1,['温泉'],2,"[[6.6, 6.8], [6.75, 6.0]]","['大きな', '魅力']","['FACILITIES#COMFORT', 'FACILITIES#QUALITY']"
jpn,hotel,hotel_quad_train_84,部屋もキレイでベッドが1つ壁にくっついていて、添い寝の赤ちゃんも安心して利用できました,1,['部屋'],2,"[[6.4, 6.0], [6.67, 6.0]]","['キレイ', '安心']","['ROOMS#CLEANLINESS', 'ROOMS#QUALITY']"
jpn,hotel,hotel_quad_train_87,大浴場も清潔感があり、リラックスできました,1,['大浴場'],2,"[[6.62, 5.75], [6.75, 6.62]]","['リラックス', '清潔感']","['FACILITIES#CLEANLINESS', 'FACILITIES#COMFORT']"
jpn,hotel,hotel_quad_train_95,お部屋は水周りがリニューアルされていて綺麗だったのと、ベッドが大きくて乳児2人と親2人で寝ても余裕があり良かったのとで満足です,1,['ベッド'],3,"[[6.3, 5.5], [6.33, 5.5], [6.33, 6.0]]","['大きく', '大きくて', '良かった']","['FACILITIES#COMFORT', 'FACILITIES#QUALITY']"
jpn,hotel,hotel_quad_train_95,お部屋は水周りがリニューアルされていて綺麗だったのと、ベッドが大きくて乳児2人と親2人で寝ても余裕があり良かったのとで満足です,1,['お部屋'],2,"[[6.5, 5.75], [6.62, 6.75]]","['満足', '綺麗']","['ROOMS#CLEANLINESS', 'ROOMS#QUALITY']"
jpn,hotel,hotel_quad_train_105,ベッドが大きいので部屋はそんなに広くはないけど、ラウンジでウエルカムバーを飲みながら寛ぐことができたのが良かったです,1,['ラウンジ'],2,"[[6.0, 5.75], [6.5, 6.2]]","['寛ぐことができた', '良かった']","['SERVICE#COMFORT', 'SERVICE#QUALITY']"
jpn,hotel,hotel_quad_train_110,お風呂場が清潔で広かったので、とてもリラックスができました,1,['お風呂場'],3,"[[6.38, 7.12], [6.4, 6.3], [6.62, 6.12]]","['とてもリラックス', '広かった', '清潔']","['FACILITIES#CLEANLINESS', 'FACILITIES#COMFORT']"
jpn,hotel,hotel_quad_train_111,朝夕のご飯は自分達で作る必要がなく、美味しい料理に見映えもあり満足でした,1,['料理'],3,"[[6.88, 6.0], [7.0, 6.12], [7.12, 7.25]]","['満足', '美味しい', '見映えもあり']","['FOOD_DRINKS#COMFORT', 'FOOD_DRINKS#QUALITY']"
jpn,hotel,hotel_quad_train_115,朝食は品数が多いわけではありませんが基本的なメニューはちゃんとあり美味しかったし私にはちょうどいい感じでした,1,['朝食'],2,"[[6.17, 6.5], [6.38, 5.5]]","['ちょうどいい感じ', '美味しかった']",['FOOD_DRINKS#QUALITY']
jpn,hotel,hotel_quad_train_118,清掃されてないし酷すぎた、有り得ない,1,[None],2,"[[2.25, 7.88], [3.0, 6.25]]","['清掃されてない', '酷すぎ']","['HOTEL#CLEANLINESS', 'HOTEL#QUALITY']"
jpn,hotel,hotel_quad_train_126,アメニティが充実していたのと、お部屋がとても広くて快適に過ごせました,1,['お部屋'],2,"[[6.5, 6.25], [7.0, 6.75]]","['とても広くて', '快適']",['ROOMS#COMFORT']
jpn,hotel,hotel_quad_train_132,お風呂も広く、沢山歩いた後にゆったり浸かれてよかったです,1,['風呂'],2,"[[6.25, 5.75], [6.5, 6.0]]","['よかった', '広く']",['FACILITIES#COMFORT']
jpn,hotel,hotel_quad_train_133,立地も駅直結で、外に出たらレインボーブリッジと東京タワーも見えるしとても良かったです,1,['立地'],2,"[[5.88, 5.38], [6.12, 5.5]]","['良かった', '駅直結']",['LOCATION#GENERAL']
jpn,hotel,hotel_quad_train_140,お部屋もお風呂も食事も満足いくもので、従業員の方の対応も親切ですばらしかったです,1,['対応'],2,"[[6.83, 6.33], [7.0, 6.75]]","['すばらしかった', '親切']",['SERVICE#QUALITY']
jpn,hotel,hotel_quad_train_143,夕食付でしたが、ちょっと少なくがっかりしました,1,['夕食'],2,"[[3.33, 6.17], [3.75, 5.75]]","['がっかり', 'ちょっと少なく']","['FOOD_DRINKS#QUALITY', 'FOOD_DRINKS#STYLE_OPTIONS']"
jpn,hotel,hotel_quad_train_150,ユニットバスの入り口の段差がなく、部屋も綺麗に清掃されていてとても過ごしやすかったです,1,['部屋'],2,"[[6.6, 6.3], [7.12, 6.75]]","['とても過ごしやすかった', '綺麗']","['ROOMS#CLEANLINESS', 'ROOMS#COMFORT']"
jpn,hotel,hotel_quad_train_152,みなさん親切で丁寧な応対をされており気持ちの良い時間を過ごすことができました,1,['応対'],2,"[[6.12, 6.12], [6.38, 6.12]]","['丁寧', '親切']",['SERVICE#QUALITY']
jpn,hotel,hotel_quad_train_156,部屋が大きくとても綺麗に清掃されており、とても良いホテルだと思います,1,['部屋'],2,"[[6.75, 6.62], [7.38, 7.12]]","['とても綺麗', '大きく']","['ROOMS#CLEANLINESS', 'ROOMS#COMFORT']"
jpn,hotel,hotel_quad_train_157,ここの室内風呂は真湯ですが檜のお風呂でとても温ったまりまるで温泉のように感じていたのですが、今回お湯の温度が以前のように熱くなく足し湯をしながら入ってもなかなか温ったまりませんでした,1,['風呂'],2,"[[3.5, 5.17], [3.62, 5.5]]","['温ったまりません', '熱くなく']","['FACILITIES#GENERAL', 'FACILITIES#QUALITY']"
jpn,hotel,hotel_quad_train_158,ホテル全体が綺麗でとても過ごしやすかったです,1,['ホテル'],2,"[[6.38, 5.88], [6.5, 6.12]]","['綺麗', '過ごしやすかった']","['HOTEL#CLEANLINESS', 'HOTEL#COMFORT']"
jpn,hotel,hotel_quad_train_161,飛行機の欠航に伴う突然の予約ながら、良いお部屋で大満足です,1,['部屋'],2,"[[6.38, 5.88], [7.17, 7.33]]","['大満足', '良い']",['ROOMS#QUALITY']
jpn,hotel,hotel_quad_train_164,お風呂も綺麗で泉質も良く疲れが取れました,1,['風呂'],2,"[[6.5, 6.38], [6.83, 6.17]]","['疲れが取れました', '綺麗']","['FACILITIES#CLEANLINESS', 'FACILITIES#COMFORT']"
jpn,hotel,hotel_quad_train_168,温泉も良かったですし、なによりも食事がおいしくボリュームもあり大変満足しています,1,['食事'],3,"[[6.5, 5.83], [6.67, 6.0], [7.17, 7.33]]","['おいしく', 'ボリュームもあり', '大変満足']","['FOOD_DRINKS#COMFORT', 'FOOD_DRINKS#QUALITY']"
jpn,hotel,hotel_quad_train_171,駅からすぐの所でお部屋も広くて綺麗でした,1,['部屋'],2,"[[6.38, 6.0], [6.5, 6.12]]","['広くて', '綺麗']","['ROOMS#CLEANLINESS', 'ROOMS#COMFORT']"
jpn,hotel,hotel_quad_train_174,話しながらゆっくり出来たので良かったです,1,[None],2,"[[6.25, 5.88], [6.67, 6.33]]","['ゆっくり', '良かった']","['HOTEL#COMFORT', 'HOTEL#GENERAL']"
jpn,hotel,hotel_quad_train_178,部屋は狭くて使いづらかったです,1,['部屋'],2,"[[3.5, 6.0], [3.67, 6.0]]","['使いづらかった', '狭くて']","['ROOMS#COMFORT', 'ROOMS#DESIGN_FEATURES']"
jpn,hotel,hotel_quad_train_181,キレイな部屋で大満足でした,1,['部屋'],2,"[[7.0, 6.33], [7.17, 7.33]]","['キレイな', '大満足']","['ROOMS#CLEANLINESS', 'ROOMS#COMFORT']"
jpn,hotel,hotel_quad_train_182,駐車場が広いのはgood,1,['駐車場'],2,"[[6.38, 6.0], [6.5, 6.3]]","['good', '広い']","['FACILITIES#COMFORT', 'FACILITIES#QUALITY']"
jpn,hotel,hotel_quad_train_186,温泉にも朝と夕2回入ってそれぞれの大浴場でゆっくり満喫しました,1,['温泉'],2,"[[6.62, 6.12], [6.62, 6.5]]","['ゆっくり', '満喫']",['FACILITIES#COMFORT']
jpn,hotel,hotel_quad_train_191,朝のビュッフェは混雑していたが子供は好きな物が食べれて満足していた,1,['ビュッフェ'],2,"[[4.0, 5.5], [7.0, 6.5]]","['混雑', '満足']",['FOOD_DRINKS#COMFORT']
jpn,hotel,hotel_quad_train_196,お部屋も大人3人、子供1人でしたが充分過ぎるほど広くて快適に過ごすことが出来ました,1,['部屋'],2,"[[6.5, 6.0], [7.12, 6.5]]","['広くて', '快適']",['ROOMS#COMFORT']
jpn,hotel,hotel_quad_train_201,食事は夕食、朝食とも味も良く、内容も十分で良かったです,1,['食事'],2,"[[6.5, 5.88], [6.62, 6.12]]","['十分', '良く']",['FOOD_DRINKS#QUALITY']
jpn,hotel,hotel_quad_train_203,部屋が広くゆったり過ごすことができました,1,['部屋'],2,"[[6.17, 6.0], [6.5, 6.0]]","['ゆったり', '広く']",['ROOMS#COMFORT']
jpn,hotel,hotel_quad_train_204,部屋も広いし、お風呂もちょっと大きめで快適でした,1,['風呂'],2,"[[6.38, 5.62], [7.0, 6.75]]","['ちょっと大きめ', '快適']",['FACILITIES#COMFORT']
jpn,hotel,hotel_quad_train_205,エステも利用したんですがとっても丁寧で癒されました,1,['エステ'],2,"[[6.83, 6.0], [6.88, 6.38]]","['丁寧', '癒されました']","['SERVICE#COMFORT', 'SERVICE#QUALITY']"
jpn,hotel,hotel_quad_train_211,浴衣を選べるのですが、迷ってしまい女性スタッフの方にお声かけした所一緒に選んで下さり、とても親切で丁寧で優しかったです,1,['スタッフ'],3,"[[6.7, 6.3], [7.0, 6.5], [7.5, 6.67]]","['とても親切', '丁寧', '優しかった']",['SERVICE#QUALITY']
jpn,hotel,hotel_quad_train_217,駅近で、新幹線まで遠くなく、夜の会食も便利で良かった,1,[None],3,"[[6.25, 5.88], [6.25, 6.0], [6.33, 6.0]]","['便利', '良かった', '駅近']","['HOTEL#QUALITY', 'LOCATION#GENERAL']"
jpn,hotel,hotel_quad_train_223,多少古さは感じるものの最近のホテルにはない重厚感があり部屋に居る間は良かったです,1,['ホテル'],2,"[[4.17, 5.67], [6.88, 6.25]]","['多少古さ', '重厚感']","['HOTEL#DESIGN_FEATURES', 'HOTEL#QUALITY']"
jpn,hotel,hotel_quad_train_224,大浴場にも近くて気軽に利用できるのが良いところでした,1,['大浴場'],2,"[[6.38, 5.88], [6.38, 6.0]]","['良い', '近く']","['FACILITIES#GENERAL', 'FACILITIES#QUALITY']"
jpn,hotel,hotel_quad_train_230,朝食は朝からたくさん新鮮な野菜がたべられ、サンドイッチもスムージーもほんと美味しかったです,1,['野菜'],2,"[[6.5, 6.25], [6.83, 6.67]]","['たくさん', '新鮮']",['FOOD_DRINKS#QUALITY']
jpn,hotel,hotel_quad_train_233,リニューアル後のお部屋でしたのでキレイで申し分ありませんでした,1,['部屋'],2,"[[6.5, 5.83], [7.0, 6.0]]","['キレイ', '申し分ありません']","['ROOMS#CLEANLINESS', 'ROOMS#QUALITY']"
jpn,hotel,hotel_quad_train_239,とてもリーズナブルで良かったです,1,[None],2,"[[6.12, 5.88], [7.0, 6.62]]","['とてもリーズナブル', '良かった']","['HOTEL#PRICE', 'HOTEL#QUALITY']"
jpn,hotel,hotel_quad_train_241,無料でアップグレードして下さり、京都タワーの見える素敵なお部屋で大変満足です,1,['部屋'],2,"[[6.25, 6.0], [7.38, 7.25]]","['大変満足', '素敵']","['ROOMS#DESIGN_FEATURES', 'ROOMS#QUALITY']"
jpn,hotel,hotel_quad_train_244,朝食がおいしく、種類も多く良かった,1,['朝食'],2,"[[6.17, 6.0], [6.25, 5.75]]","['おいしく', '良かった']",['FOOD_DRINKS#QUALITY']
jpn,hotel,hotel_quad_train_252,宿泊前後に荷物を預けた際も、とてもスマートな対応で好感が持てます,1,['対応'],2,"[[6.25, 6.0], [6.5, 6.17]]","['とてもスマート', '好感']",['SERVICE#QUALITY']
jpn,hotel,hotel_quad_train_255,お風呂が広くて良かったです,1,['風呂'],2,"[[6.12, 5.75], [6.17, 6.33]]","['広く', '良かった']","['FACILITIES#DESIGN_FEATURES', 'FACILITIES#QUALITY']"
jpn,hotel,hotel_quad_train_256,お部屋はこだわりの木工芸コンセプトで完璧にコーデイネートされており清潔さとともに素晴らしかったです,1,['部屋'],3,"[[6.5, 6.25], [6.75, 7.0], [7.0, 6.88]]","['完璧', '清潔', '素晴らしかった']","['ROOMS#CLEANLINESS', 'ROOMS#DESIGN_FEATURES', 'ROOMS#QUALITY']"
jpn,hotel,hotel_quad_train_260,大浴場は狭くなく、きれいで満足でした,1,['大浴場'],3,"[[5.25, 5.88], [6.88, 6.25], [7.0, 7.0]]","['きれい', '満足', '狭くなく']","['FACILITIES#CLEANLINESS', 'FACILITIES#DESIGN_FEATURES', 'FACILITIES#QUALITY']"
jpn,hotel,hotel_quad_train_262,とてもきれいでよかったです,1,[None],2,"[[6.17, 6.0], [7.25, 6.88]]","['とてもきれい', 'よかった']","['HOTEL#CLEANLINESS', 'HOTEL#QUALITY']"
jpn,hotel,hotel_quad_train_266,３階の部屋に泊まりました きれいな色の部屋でドライヤーも良いもので設備良かったし充電器も置いてあり大変満足でした,1,['部屋'],2,"[[6.5, 6.0], [7.5, 7.5]]","['きれい', '大変満足']","['ROOMS#DESIGN_FEATURES', 'ROOMS#QUALITY']"
jpn,hotel,hotel_quad_train_273,利便性も良く静かで快適でした,1,[None],2,"[[6.0, 6.0], [6.5, 6.25]]","['快適', '静か']","['HOTEL#COMFORT', 'HOTEL#GENERAL']"
jpn,hotel,hotel_quad_train_279,施設自体は昔ながらというか、言葉を選ばずに言うと古い印象でしたが、部屋の設備などは新しくされており、快適に過ごすことができました,1,['施設'],2,"[[4.0, 5.75], [5.25, 5.62]]","['古い', '昔ながら']",['FACILITIES#DESIGN_FEATURES']
jpn,hotel,hotel_quad_train_283,長湯してしまいました（笑）アメニティの髭剃り、カミソリ負けしない良品で、とてもよかったです,1,['アメニティ'],2,"[[6.33, 6.0], [6.88, 7.0]]","['とてもよかった', '良品']",['ROOM_AMENITIES#QUALITY']
jpn,hotel,hotel_quad_train_286,テレビのリモコンから音がしてたまに接触が悪かったので確認お願いします,1,['リモコン'],2,"[[4.0, 5.38], [4.12, 5.62]]","['接触が悪かった', '音がして']",['FACILITIES#QUALITY']
jpn,hotel,hotel_quad_train_289,建物は少し年季が入っている感じでしたが、清掃がしっかりされていて清潔感がありお風呂もゆっくり湯船につかれてとても快適でした,1,['風呂'],2,"[[7.17, 6.67], [7.38, 6.88]]",['とても快適'],"['FACILITIES#COMFORT', 'HOTEL#COMFORT']"
jpn,hotel,hotel_quad_train_289,建物は少し年季が入っている感じでしたが、清掃がしっかりされていて清潔感がありお風呂もゆっくり湯船につかれてとても快適でした,1,['建物'],2,"[[5.33, 5.33], [6.88, 6.62]]","['建物', '清潔感']","['HOTEL#CLEANLINESS', 'HOTEL#DESIGN_FEATURES']"
jpn,hotel,hotel_quad_train_295,駐車場もホテル横に契約駐車場があり近くて良かったです,1,['駐車場'],2,"[[6.17, 5.83], [6.33, 6.17]]","['良かった', '近くて']",['LOCATION#GENERAL']
jpn,hotel,hotel_quad_train_302,部屋も綺麗でお風呂もユニットバスではなく広くて快適でした,1,['風呂'],2,"[[6.67, 5.83], [6.88, 6.62]]","['広く', '快適']","['FACILITIES#COMFORT', 'FACILITIES#DESIGN_FEATURES']"
jpn,hotel,hotel_quad_train_305,立地が良いのでこれまで、複数回利用しているが、レセプションの対応が円滑でないというか気が利かないイメージである,1,['対応'],2,"[[3.67, 6.17], [3.83, 6.33]]","['円滑でない', '気が利かない']",['SERVICE#QUALITY']
jpn,hotel,hotel_quad_train_308,部屋も清潔で気持ち良く眠れました,1,['部屋'],2,"[[6.5, 6.0], [7.0, 6.83]]","['気持ち良く', '清潔']","['ROOMS#CLEANLINESS', 'ROOMS#COMFORT']"
jpn,hotel,hotel_quad_train_309,部屋は落ち着きの有る和風的なお部屋で夜の会席料理と朝食のバイキングもとても美味しかったです,1,['部屋'],2,"[[6.25, 5.88], [7.0, 6.5]]","['和風', '落ち着き']",['ROOMS#DESIGN_FEATURES']
jpn,hotel,hotel_quad_train_313,不潔眺望無しの部屋だったので、カーテンはあるものの、開かないようになっていて、外は暗いので、薄暗い感じはある,1,['部屋'],3,"[[2.88, 6.25], [3.83, 5.67], [4.62, 5.88]]","['不潔', '眺望無し', '薄暗い']","['ROOMS#CLEANLINESS', 'ROOMS#DESIGN_FEATURES']"
jpn,hotel,hotel_quad_train_315,夕食はボリュームあり、大満足でした,1,['夕食'],2,"[[6.67, 6.17], [7.25, 7.0]]","['ボリュームあり', '大満足']",['FOOD_DRINKS#QUALITY']
jpn,hotel,hotel_quad_train_320,大阪マラソンの関係で大阪城で近いところで新しいホテルと思いましたが、パーフェクトでした,1,['ホテル'],2,"[[6.5, 6.12], [7.67, 6.83]]","['パーフェクト', '新しい']","['HOTEL#DESIGN_FEATURES', 'HOTEL#GENERAL']"
jpn,hotel,hotel_quad_train_324,部屋も広く浴槽も大きくゆっくり～寛げました,1,['浴槽'],3,"[[6.12, 5.75], [6.83, 6.33], [7.0, 6.33]]","['ゆっくり', '大きく', '寛げました']","['FACILITIES#COMFORT', 'FACILITIES#DESIGN_FEATURES']"
jpn,hotel,hotel_quad_train_328,部屋の広さも充分で大浴場もあり、新しいこともあり大変綺麗でした,1,[None],2,"[[6.5, 6.33], [7.62, 6.75]]","['大変綺麗', '新しい']","['HOTEL#CLEANLINESS', 'HOTEL#DESIGN_FEATURES']"
jpn,hotel,hotel_quad_train_332,初めて利用しましたが、設備は驚くほど綺麗で過不足なく、スタッフの方々も丁寧な対応いただき、とても気持ちよく滞在できました,1,['設備'],2,"[[7.12, 7.0], [7.38, 7.12]]","['過不足なく', '驚くほど綺麗']","['FACILITIES#CLEANLINESS', 'FACILITIES#QUALITY']"
jpn,hotel,hotel_quad_train_337,建物は古いですが、部屋は比較的広く、ゆったりと過ごせます,1,['部屋'],2,"[[6.8, 6.3], [7.0, 6.5]]","['ゆったり', '広く']","['ROOMS#COMFORT', 'ROOMS#DESIGN_FEATURES']"
jpn,hotel,hotel_quad_train_338,駅近で最高の立地、部屋もキレイでベッドも大きく、ゆっくり休むことができました,1,['立地'],2,"[[6.33, 6.17], [7.5, 7.25]]","['最高', '駅近']",['LOCATION#GENERAL']
jpn,hotel,hotel_quad_train_340,きれいで駅も近いし、いいホテルでした,1,['ホテル'],2,"[[6.5, 5.88], [7.0, 6.4]]","['いい', 'きれい']","['HOTEL#CLEANLINESS', 'HOTEL#GENERAL']"
jpn,hotel,hotel_quad_train_345,部屋は年代を感じましたがゆっくり過ごせました,1,['部屋'],2,"[[4.25, 5.5], [6.62, 6.0]]","['ゆっくり', '年代を感じました']","['ROOMS#COMFORT', 'ROOMS#DESIGN_FEATURES']"
jpn,hotel,hotel_quad_train_347,シャワーのお湯のでがあまり良くない場所はありましたが 透明な良いお湯を十分堪能でしました,1,['お湯'],3,"[[6.5, 6.0], [6.62, 6.0], [7.0, 7.0]]","['十分堪能', '良い', '透明']","['FACILITIES#COMFORT', 'FACILITIES#DESIGN_FEATURES', 'FACILITIES#QUALITY']"
jpn,hotel,hotel_quad_train_352,朝食も十分な種類で美味しかったです,1,['朝食'],2,"[[7.0, 6.5], [7.12, 6.88]]","['十分な種類', '美味しかった']","['FOOD_DRINKS#QUALITY', 'FOOD_DRINKS#STYLE_OPTIONS']"
jpn,hotel,hotel_quad_train_362,忙しいのもわかりますが、立地もよくお部屋も綺麗で良かったのに残念です,1,['部屋'],2,"[[6.88, 6.5], [7.0, 6.0]]","['綺麗', '良かった']","['ROOMS#CLEANLINESS', 'ROOMS#QUALITY']"
jpn,hotel,hotel_quad_train_370,非日常感を味わえていいホテルだと思ったホテルの方々も優しく安心して泊まることが出来た,1,['ホテル'],2,"[[6.62, 6.0], [7.0, 6.5]]","['いい', '安心']",['HOTEL#GENERAL']
jpn,hotel,hotel_quad_train_377,部屋は一人旅には十分広くゆっくりできた,1,['部屋'],2,"[[6.83, 6.17], [7.17, 6.33]]","['ゆっくり', '十分広く']","['ROOMS#COMFORT', 'ROOMS#DESIGN_FEATURES']"
jpn,hotel,hotel_quad_train_382,小野川の町並みもコンパクトで風情があり心地よい滞在となりました,1,['町並み'],2,"[[6.62, 6.5], [7.25, 7.25]]","['コンパクト', '風情があり']",['HOTEL#DESIGN_FEATURES']
jpn,hotel,hotel_quad_train_384,お部屋は広く、全体的にカラフルな色使いのお部屋でしたので、子供たちは二段ベッドに上ったり降りたりして、とても楽しんで過ごせたようです,1,['部屋'],3,"[[6.5, 5.88], [6.88, 6.5], [7.17, 7.0]]","['とても楽しんで', 'カラフル', '広く']",['ROOMS#DESIGN_FEATURES']
jpn,hotel,hotel_quad_train_388,初めて利用いたしましたが、きれいな部屋で、気持ちよく過ごせました,1,['部屋'],2,"[[7.0, 6.17], [7.0, 6.33]]","['きれい', '気持ちよく']","['ROOMS#CLEANLINESS', 'ROOMS#COMFORT']"
jpn,hotel,hotel_quad_train_396,駅からは少し遠いですが、部屋も広くて快適です,1,['部屋'],2,"[[6.8, 6.4], [7.0, 6.33]]","['広くて', '快適']","['ROOMS#COMFORT', 'ROOMS#DESIGN_FEATURES']"
jpn,hotel,hotel_quad_train_399,リニューアルして間もないのか空調や水廻りも綺麗で、どこか落ち着くいい感じのホテルでした,1,['ホテル'],2,"[[6.75, 6.38], [7.0, 6.17]]","['いい', '落ち着く']","['HOTEL#COMFORT', 'HOTEL#GENERAL']"
jpn,hotel,hotel_quad_train_406,立地が良く、その上サウナまでついて、リーズナブルで最高でした,1,[None],2,"[[6.75, 6.12], [7.25, 7.0]]","['リーズナブル', '最高']","['HOTEL#GENERAL', 'HOTEL#PRICE']"
jpn,hotel,hotel_quad_train_408,フロント、レストラン、清掃の各スタッフの対応・挨拶が丁寧で素晴らしいです,1,['対応'],2,"[[6.83, 6.17], [7.0, 6.88]]","['丁寧', '素晴らしい']",['SERVICE#QUALITY']
jpn,hotel,hotel_quad_train_408,フロント、レストラン、清掃の各スタッフの対応・挨拶が丁寧で素晴らしいです,1,['挨拶'],2,"[[6.83, 6.17], [7.0, 6.88]]","['丁寧', '素晴らしい']",['SERVICE#QUALITY']
jpn,hotel,hotel_quad_train_417,比較的綺麗で、近くにも飲食店があり、良かったです,1,[None],2,"[[6.38, 5.88], [6.83, 5.83]]","['綺麗', '良かった']","['HOTEL#CLEANLINESS', 'HOTEL#GENERAL']"
jpn,hotel,hotel_quad_train_418,イベントの行き帰りが近くて便利でした,1,['行き帰り'],2,"[[6.38, 6.0], [6.5, 6.17]]","['便利', '近く']",['LOCATION#GENERAL']
jpn,hotel,hotel_quad_train_421,多機能シャワーは腰まで温められたのでシャワー派の私は手軽で良かったです,1,['多機能シャワー'],2,"[[6.67, 6.0], [6.83, 6.0]]","['手軽', '良かった']",['FACILITIES#QUALITY']
jpn,hotel,hotel_quad_train_423,シンプルで必要十分なホテルです,1,['ホテル'],2,"[[6.25, 5.75], [6.75, 6.5]]","['シンプル', '必要十分']","['HOTEL#DESIGN_FEATURES', 'HOTEL#GENERAL']"
jpn,hotel,hotel_quad_train_433,部屋もリホームされていて綺麗でしたが風呂が故障との事で寒かったのが残念です,1,['風呂'],2,"[[3.33, 6.0], [3.5, 6.17]]","['寒かった', '残念']","['FACILITIES#COMFORT', 'FACILITIES#QUALITY']"
jpn,hotel,hotel_quad_train_434,部屋は、シングルにしては広くキレイに掃除してありました,1,['部屋'],2,"[[6.67, 6.0], [7.0, 6.17]]","['キレイ', '広く']","['ROOMS#CLEANLINESS', 'ROOMS#DESIGN_FEATURES']"
jpn,hotel,hotel_quad_train_437,当日は天気も良く部屋も夜景が見える側だったので綺麗でした,1,['夜景'],2,"[[7.0, 6.0], [7.17, 6.0]]",['綺麗'],"['LOCATION#GENERAL', 'ROOMS#QUALITY']"
jpn,hotel,hotel_quad_train_443,ゆっくりと夕食を楽しむことができました,1,['夕食'],2,"[[6.67, 6.0], [6.83, 6.33]]","['ゆっくり', '楽しむことができました']","['FOOD_DRINKS#COMFORT', 'FOOD_DRINKS#QUALITY']"
jpn,hotel,hotel_quad_train_446,朝食は、1階の居酒屋が会場となり、かなりの種類のおかずが取り揃えられ、腹一杯で満足できました,1,['朝食'],2,"[[6.83, 6.67], [7.0, 6.75]]","['かなりの種類', '満足']","['FOOD_DRINKS#QUALITY', 'FOOD_DRINKS#STYLE_OPTIONS']"
jpn,hotel,hotel_quad_train_449,色々とトラブルがありましたが丁寧に対応していただきました、対応が良かった,1,['対応'],2,"[[6.83, 6.0], [6.83, 6.17]]","['丁寧', '良かった']",['SERVICE#QUALITY']
jpn,hotel,hotel_quad_train_454,清掃なし朝食付きの土日連泊プランがお手頃なのが大変魅力的でこちらに宿泊しましたが大正解でした,1,['プラン'],3,"[[6.62, 6.75], [7.0, 6.67], [7.0, 7.5]]","['お手頃', '大変魅力的', '大正解']","['HOTEL#PRICE', 'HOTEL#QUALITY']"
jpn,hotel,hotel_quad_train_458,ゲレンデ前の立地に加え、駐車場～スキーロッカー～フロントの移動が楽で、ストレスフリーでした,1,['移動'],2,"[[6.5, 6.0], [6.88, 6.75]]","['ストレスフリー', '楽']",['LOCATION#GENERAL']
jpn,hotel,hotel_quad_train_459,とても綺麗で部屋でものんびりできてよかったです,1,['部屋'],2,"[[7.0, 6.33], [7.33, 6.5]]","['とても綺麗', 'のんびり']","['ROOMS#CLEANLINESS', 'ROOMS#COMFORT']"
jpn,hotel,hotel_quad_train_470,ドライヤーの風量は強く、ヘアアイロンは温まりが早くて良いものが揃っていました。,1,['ヘアアイロン'],2,"[[6.38, 6.0], [6.67, 6.0]]","['温まりが早くて', '良い']",['ROOM_AMENITIES#QUALITY']
jpn,hotel,hotel_quad_train_474,部屋も部屋風呂も広くて快適に過ごせます。,1,['部屋'],2,"[[6.5, 5.67], [6.75, 6.62]]","['広くて', '快適']",['ROOMS#COMFORT']
jpn,hotel,hotel_quad_train_474,部屋も部屋風呂も広くて快適に過ごせます。,1,['部屋風呂'],2,"[[6.5, 5.67], [6.75, 6.62]]","['広くて', '快適']","['FACILITIES#COMFORT', 'ROOMS#COMFORT']"
jpn,hotel,hotel_quad_train_476,シャワーの水量も満足出来て大きめのバスタブもGOODでした。,1,['バスタブ'],2,"[[6.5, 5.67], [6.5, 6.0]]","['GOODで', '大きめ']","['FACILITIES#DESIGN_FEATURES', 'FACILITIES#QUALITY']"
jpn,hotel,hotel_quad_train_480,バイキングは、それなりに種類があり美味しかったです,1,['バイキング'],2,"[[6.38, 5.75], [6.5, 6.0]]","['種類があり', '美味しかった']","['FOOD_DRINKS#QUALITY', 'FOOD_DRINKS#STYLE_OPTIONS']"
jpn,hotel,hotel_quad_train_487,お部屋は広くて綺麗でした。,1,['お部屋'],2,"[[6.25, 5.75], [7.0, 6.0]]","['広くて', '綺麗']","['ROOMS#CLEANLINESS', 'ROOMS#COMFORT']"
jpn,hotel,hotel_quad_train_491,前回来た時よりも外壁、お風呂、お部屋等手が入れられキレイで快適でした。,1,['お風呂'],2,"[[7.0, 6.0], [7.0, 6.75]]","['キレイ', '快適']","['FACILITIES#CLEANLINESS', 'HOTEL#COMFORT']"
jpn,hotel,hotel_quad_train_491,前回来た時よりも外壁、お風呂、お部屋等手が入れられキレイで快適でした。,1,['お部屋'],2,"[[7.0, 6.0], [7.0, 6.75]]","['キレイ', '快適']","['ROOMS#CLEANLINESS', 'ROOMS#COMFORT']"
jpn,hotel,hotel_quad_train_495,立地が良く、その上サウナまでついて、リーズナブルで最高でした,1,[None],2,"[[6.83, 6.83], [7.0, 7.33]]","['リーズナブル', '最高']","['HOTEL#GENERAL', 'HOTEL#PRICE']"
jpn,hotel,hotel_quad_train_498,駅に近くて便利です。,1,['駅'],2,"[[6.25, 5.62], [6.25, 6.0]]","['便利', '近くて']",['LOCATION#GENERAL']
jpn,hotel,hotel_quad_train_510,お料理も想像以上に良くて手作りの美味しいお料理でした。,1,['お料理'],2,"[[6.5, 6.17], [7.0, 6.62]]","['美味しい', '良くて']",['FOOD_DRINKS#QUALITY']
jpn,hotel,hotel_quad_train_511,食事はプラン通り少し少なめでしたがとても美味しかったです。,1,['食事'],2,"[[3.75, 5.62], [7.38, 7.0]]","['とても美味しかった', '少し少なめ']",['FOOD_DRINKS#QUALITY']
jpn,hotel,hotel_quad_train_514,建物は古過ぎず新し過ぎず、室内は広くて綺麗だった。,1,['室内'],3,"[[5.0, 5.0], [6.75, 6.5], [7.0, 6.17]]","['広くて', '新し過ぎず', '綺麗']","['FACILITIES#DESIGN_FEATURES', 'ROOMS#CLEANLINESS', 'ROOMS#COMFORT']"
jpn,hotel,hotel_quad_train_516,予想よりもかなり綺麗で、水周りもピカピカで最高でした,1,[None],2,"[[7.17, 7.17], [7.3, 6.8]]","['かなり綺麗', '最高']","['HOTEL#CLEANLINESS', 'HOTEL#GENERAL']"
jpn,hotel,hotel_quad_train_518,フロントの方の対応は良かったが、その他の方の対応が悪いというか冷たい。,1,['対応'],2,"[[3.2, 6.3], [6.38, 5.88]]","['悪い', '良かった']",['SERVICE#QUALITY']
jpn,hotel,hotel_quad_train_521,子連れ旅行でロイヤルコーナーツインに泊まったのですが、部屋広くて広いソファもありYouTubeなども観れるのでとても快適でした！,1,['部屋'],2,"[[6.5, 6.0], [7.17, 7.0]]","['とても快適', '広くて']","['HOTEL#COMFORT', 'ROOMS#DESIGN_FEATURES']"
jpn,hotel,hotel_quad_train_523,全体的に綺麗で清潔感のあるホテルでした。,1,['ホテル'],2,"[[6.88, 6.5], [7.0, 6.0]]","['清潔感', '綺麗']",['HOTEL#CLEANLINESS']
jpn,hotel,hotel_quad_train_529,お湯もよく浴場その他も清潔で安心です。,1,['浴場'],2,"[[6.83, 6.0], [7.0, 6.17]]","['安心', '清潔']","['FACILITIES#CLEANLINESS', 'FACILITIES#QUALITY']"
jpn,hotel,hotel_quad_train_529,お湯もよく浴場その他も清潔で安心です。,1,['その他'],2,"[[6.83, 6.17], [7.0, 6.62]]","['安心', '清潔']","['HOTEL#CLEANLINESS', 'HOTEL#COMFORT']"
jpn,hotel,hotel_quad_train_533,近隣に飲食店も多くおすすめは地元のお寿司屋さん、たくさんお寿司屋さんがあり楽しいです。,1,['お寿司屋さん'],2,"[[6.5, 5.83], [6.5, 6.5]]","['たくさん', '楽しい']","['FOOD_DRINKS#GENERAL', 'FOOD_DRINKS#STYLE_OPTIONS']"
jpn,hotel,hotel_quad_train_544,ひとりお膳を用意していただいたのですが、お膳が低くて食べずらかった,1,['お膳'],2,"[[3.17, 6.67], [3.38, 6.38]]","['低くて', '食べずらかった']",['FOOD_DRINKS#QUALITY']
jpn,hotel,hotel_quad_train_556,各観光地へも行きやすい立地で大浴場もあり、フロントの対応も手際が良く丁寧です。,1,['フロントの対応'],2,"[[7.0, 6.5], [7.0, 6.62]]","['丁寧', '手際が良く']",['SERVICE#QUALITY']
jpn,hotel,hotel_quad_train_562,お部屋は隅々までとても綺麗に掃除され、広くて大満足でした！,1,['部屋'],3,"[[7.0, 6.88], [7.5, 7.12], [7.83, 7.17]]","['とても綺麗', '大満足', '広くて']","['ROOMS#CLEANLINESS', 'ROOMS#DESIGN_FEATURES', 'ROOMS#GENERAL']"
jpn,hotel,hotel_quad_train_575,良かったですフロントの対応が親切で良かったのと、お部屋の感じが良かったです,1,['フロント'],2,"[[6.67, 6.17], [6.83, 6.0]]","['良かった', '親切']",['SERVICE#QUALITY']
jpn,hotel,hotel_quad_train_578,清潔感もあり、部屋も綺麗でいいです,1,['部屋'],2,"[[6.83, 6.17], [7.0, 6.25]]","['いい', '綺麗']","['ROOMS#CLEANLINESS', 'ROOMS#QUALITY']"
jpn,hotel,hotel_quad_train_579,子供にやさしくてすごくよかった,1,[None],2,"[[6.88, 6.5], [7.33, 6.67]]","['すごくよかった', 'やさしく']",['HOTEL#GENERAL']
jpn,hotel,hotel_quad_train_585,少し古いですが、部屋も広く快適に過ごせました三宮まで送迎バスがありとても便利でした,1,['部屋'],2,"[[6.83, 6.17], [7.0, 6.33]]","['広く', '快適']","['ROOMS#COMFORT', 'ROOMS#DESIGN_FEATURES']"
jpn,hotel,hotel_quad_train_587,何回も利用させてもらっていますが、「駅から近くて便利」「近くにコンビニがある」「スタッフの対応も良い」と満足しています,1,[None],2,"[[7.0, 6.5], [7.0, 6.83]]",['満足'],"['HOTEL#GENERAL', 'HOTEL#QUALITY']"
jpn,hotel,hotel_quad_train_587,何回も利用させてもらっていますが、「駅から近くて便利」「近くにコンビニがある」「スタッフの対応も良い」と満足しています,1,['駅'],2,"[[6.5, 6.0], [6.83, 6.0]]","['便利', '近く']",['LOCATION#GENERAL']
jpn,hotel,hotel_quad_train_590,大浴場も手入れが行き届いているだけでなく、常にどなたかスタッフの方が清掃メンテナンスされており、綺麗な状態を保たれており、本当に清潔で気持ちよく利用させていただきました,1,['大浴場'],2,"[[7.0, 6.17], [7.0, 6.5]]","['清潔', '綺麗']",['FACILITIES#CLEANLINESS']
jpn,hotel,hotel_quad_train_591,2階だったのでハウステンボスの景色が見える訳ではないのですが、専用入り口もあり近くて便利です,1,[None],2,"[[6.5, 6.0], [6.67, 6.33]]","['便利', '近くて']",['LOCATION#GENERAL']
jpn,hotel,hotel_quad_train_593,駅近くで部屋も広く綺麗でよかったです,1,['部屋'],3,"[[6.12, 5.88], [6.5, 6.0], [6.67, 6.17]]","['よかった', '広く', '綺麗']","['ROOMS#CLEANLINESS', 'ROOMS#DESIGN_FEATURES', 'ROOMS#QUALITY']"
jpn,hotel,hotel_quad_train_601,とても綺麗で駐車場もあり便利でした,1,[None],2,"[[6.33, 6.17], [7.5, 6.75]]","['とても綺麗', '便利']","['FACILITIES#QUALITY', 'HOTEL#CLEANLINESS']"
jpn,hotel,hotel_quad_train_605,品数が結構あり美味しく、食事スペースも清潔感があり落ち着いて食事が出来たので十分満足でした,1,[None],2,"[[6.75, 6.25], [7.33, 7.0]]","['十分満足', '美味しく']","['FOOD_DRINKS#QUALITY', 'HOTEL#GENERAL']"
jpn,hotel,hotel_quad_train_608,綺麗でよかったですスタッフも良い感じでした,1,[None],2,"[[6.67, 6.17], [6.75, 6.12]]","['よかった', '綺麗']","['HOTEL#CLEANLINESS', 'HOTEL#QUALITY']"
jpn,hotel,hotel_quad_train_613,宿泊が、安く心配していましたが部屋も綺麗で良かったし直ぐに23号線に利用できて通院には良かったです,1,['部屋'],2,"[[6.5, 6.0], [6.62, 6.25]]","['綺麗', '良かった']","['ROOMS#CLEANLINESS', 'ROOMS#GENERAL']"
jpn,hotel,hotel_quad_train_617,フロントの対応がとても丁寧で気持ちがよく、宿泊に豪華さを求めない自分としては　シンプルで大満足,1,['フロントの対応'],2,"[[7.0, 6.67], [7.5, 6.75]]","['とても丁寧', '気持ちがよく']","['SERVICE#COMFORT', 'SERVICE#QUALITY']"
jpn,hotel,hotel_quad_train_621,街中にあるにもかかわらず、びっくりするぐらい静かで、よく眠れました,1,[None],2,"[[6.5, 6.17], [6.7, 6.5]]","['よく眠れました', '静かで']",['HOTEL#COMFORT']
jpn,hotel,hotel_quad_train_634,広々として快適でした,1,[None],2,"[[6.75, 6.5], [6.83, 6.17]]","['広々', '快適']","['HOTEL#COMFORT', 'HOTEL#DESIGN_FEATURES']"
jpn,hotel,hotel_quad_train_635,大浴場がきれいで気持ちよかったし朝は9時まで入れたので朝もゆっくり出来た,1,['大浴場'],2,"[[6.5, 6.0], [6.67, 6.17]]","['きれい', '気持ちよかった']","['FACILITIES#CLEANLINESS', 'FACILITIES#COMFORT']"
jpn,hotel,hotel_quad_train_635,大浴場がきれいで気持ちよかったし朝は9時まで入れたので朝もゆっくり出来た,1,[None],2,"[[6.33, 6.0], [6.5, 6.17]]","['ゆっくり', 'ゆっくり出来た']",['HOTEL#COMFORT']
jpn,hotel,hotel_quad_train_638,駅からも近く、新しくてきれいで使いよかったですまた機会があれば利用したいです,1,[None],3,"[[6.62, 6.38], [6.67, 6.17], [6.75, 6.5]]","['きれい', '使いよかった', '新しくて']","['HOTEL#CLEANLINESS', 'HOTEL#DESIGN_FEATURES', 'HOTEL#GENERAL']"
jpn,hotel,hotel_quad_train_640,お部屋も大浴場の温泉も清潔感があって気持ちよく過ごすことが出来ました,1,['温泉'],2,"[[6.8, 6.5], [6.83, 6.67]]","['気持ちよく', '清潔']","['FACILITIES#CLEANLINESS', 'FACILITIES#COMFORT']"
jpn,hotel,hotel_quad_train_644,静かな山の中で、美味しいごはんをお腹いっぱい食べて、ゆったり温泉につかって、のんびりリフレッシュできました,1,[None],2,"[[6.83, 6.33], [6.88, 6.75]]","['のんびり', 'リフレッシュできました']",['HOTEL#COMFORT']
jpn,hotel,hotel_quad_train_648,スタッフみなさまもとてもあたたかく感じのいい方ばかりで、心地よい時間を過ごすことができました,1,['スタッフ'],2,"[[6.38, 6.0], [7.12, 6.75]]","['とてもあたたかく', '感じのいい']",['SERVICE#QUALITY']
jpn,hotel,hotel_quad_train_671,駅からも近く、新しくてきれいで使いよかったですまた機会があれば利用したいです,1,[None],3,"[[6.38, 6.0], [6.67, 6.17], [6.75, 6.62]]","['きれい', '使いよかった', '新しくて']","['HOTEL#CLEANLINESS', 'HOTEL#DESIGN_FEATURES', 'HOTEL#QUALITY']"
jpn,hotel,hotel_quad_train_676,歴史を感じる建物ではありますが 掃除が行き届いていて清潔感があり快適に過ごすことができました,1,[None],2,"[[6.38, 6.25], [6.88, 6.5]]","['快適', '清潔']","['HOTEL#CLEANLINESS', 'HOTEL#COMFORT']"
jpn,hotel,hotel_quad_train_682,落ち着いた感じで、ゆっくりと過ごすことができました。,1,[None],2,"[[6.5, 6.25], [6.67, 6.0]]","['ゆっくり', '落ち着いた']",['HOTEL#COMFORT']
jpn,hotel,hotel_quad_train_684,片町から近く過ごしやすかった,1,[None],2,"[[6.33, 5.67], [6.83, 6.17]]","['近く', '過ごしやすかった']","['LOCATION#COMFORT', 'LOCATION#GENERAL']"
jpn,hotel,hotel_quad_train_690,申し分なく快適に過ごせました,1,[None],2,"[[6.33, 5.83], [7.0, 6.75]]","['快適', '申し分なく']","['HOTEL#COMFORT', 'HOTEL#QUALITY']"
jpn,hotel,hotel_quad_train_697,静かでゆっくり眠れました,1,[None],2,"[[6.67, 5.83], [6.83, 6.5]]","['ゆっくり眠れました', '静か']",['HOTEL#COMFORT']
jpn,hotel,hotel_quad_train_724,お風呂が10階にありこちらも広々まったりすることができました,1,['お風呂'],2,"[[6.38, 6.12], [6.67, 6.17]]","['まったり', '広々']","['FACILITIES#COMFORT', 'FACILITIES#DESIGN_FEATURES']"
jpn,hotel,hotel_quad_train_728,とても広く清潔感のある部屋でくつろげました,1,['部屋'],2,"[[6.62, 6.25], [7.25, 7.0]]","['とても広く', '清潔感']","['ROOMS#CLEANLINESS', 'ROOMS#DESIGN_FEATURES']"
jpn,hotel,hotel_quad_train_732,今回もカウラに宿泊しましたが、清潔で広々としていて柴犬二頭と2人でとても快適でした,1,['カウラ'],3,"[[6.67, 6.33], [7.0, 6.75], [7.33, 6.67]]","['とても快適', '広々', '清潔']","['ROOMS#CLEANLINESS', 'ROOMS#COMFORT', 'ROOMS#DESIGN_FEATURES']"
jpn,hotel,hotel_quad_train_734,清潔で市内のほぼ中心地でアーケードを歩けば買い物もできて便利でした,1,[None],2,"[[6.75, 6.25], [7.0, 6.33]]","['便利', '清潔']","['HOTEL#CLEANLINESS', 'LOCATION#GENERAL']"
jpn,hotel,hotel_quad_train_735,部屋もお風呂もとても綺麗で、お風呂最高でした,1,['風呂'],2,"[[7.75, 7.25], [8.0, 7.83]]","['とても綺麗', '最高']","['FACILITIES#CLEANLINESS', 'FACILITIES#QUALITY']"
jpn,hotel,hotel_quad_train_736,スタッフ一人一人がとても丁寧親切で心も体も癒されました,1,['スタッフ'],2,"[[6.88, 6.5], [7.25, 6.88]]","['とても丁寧', '親切']",['SERVICE#QUALITY']
jpn,hotel,hotel_quad_train_741,特にレストランでは食べ終わった食器を回収してくださるタイミングが絶妙で助かりました,1,['タイミング'],2,"[[6.5, 6.3], [6.7, 6.6]]","['助かりました', '絶妙']",['SERVICE#QUALITY']
jpn,hotel,hotel_quad_train_747,ホテルは新しくてモダンで気分上々なのですが、TVがスマートTVでないのがとても残念,1,['ホテル'],2,"[[6.33, 6.0], [6.5, 6.17]]","['モダン', '新しく']",['HOTEL#DESIGN_FEATURES']
jpn,hotel,hotel_quad_train_755,部屋の露天風呂も熱くて凄く温まりました,1,['露天風呂'],2,"[[6.38, 6.25], [7.5, 7.25]]","['凄く温まりました', '熱く']","['FACILITIES#COMFORT', 'FACILITIES#QUALITY']"
jpn,hotel,hotel_quad_train_764,値段も安く泊まれたし、とにかく部屋が広くて綺麗,1,['部屋'],2,"[[6.67, 6.17], [6.83, 6.17]]","['広く', '綺麗']","['ROOMS#CLEANLINESS', 'ROOMS#DESIGN_FEATURES']"
jpn,hotel,hotel_quad_train_771,大浴場は2箇所にあるのでゆっくり入浴できました、(露天風呂も最高)とても温まる良い温泉でした,1,['温泉'],2,"[[6.5, 6.0], [7.12, 6.75]]","['とても温まる', '良い']","['FACILITIES#COMFORT', 'FACILITIES#QUALITY']"
jpn,hotel,hotel_quad_train_789,デザイナーズツインのお部屋もソファーや椅子の座り心地も良くとても快適に過ごせました,1,['お部屋'],2,"[[6.12, 5.75], [7.12, 6.88]]","['とても快適', '良く']",['ROOMS#COMFORT']
jpn,hotel,hotel_quad_train_806,エントランスから雰囲気があり、お部屋もコンパクトながら広く落ち着きのあるお部屋でした,1,['部屋'],3,"[[6.62, 6.5], [6.75, 6.38], [6.83, 6.5]]","['コンパクト', '広く', '落ち着きのある']","['ROOMS#DESIGN_FEATURES', 'ROOMS#QUALITY']"
jpn,hotel,hotel_quad_train_810,高級感がありゆったりくつろげます,1,[None],3,"[[6.7, 6.4], [6.8, 6.3], [7.2, 6.8]]","['くつろげます', 'ゆったり', '高級感']","['HOTEL#COMFORT', 'HOTEL#DESIGN_FEATURES']"
jpn,hotel,hotel_quad_train_816,大浴場もいろいろなお風呂があり楽しめました,1,['風呂'],2,"[[6.83, 6.17], [7.0, 6.5]]","['いろいろ', '楽しめました']","['FACILITIES#QUALITY', 'FACILITIES#STYLE_OPTIONS']"
jpn,hotel,hotel_quad_train_833,新しいだけでなく、電子化・合理化を進めながらも心配りができていると思いました。,1,[None],3,"[[6.75, 6.0], [6.75, 6.38], [6.88, 6.38]]","['合理化', '心配りができている', '新しい']","['HOTEL#DESIGN_FEATURES', 'SERVICE#QUALITY']"
jpn,hotel,hotel_quad_train_834,外国人の従業員さんも何人かいらして、とても丁寧で親切にしていただきました,1,['従業員'],2,"[[6.8, 6.5], [7.5, 7.0]]","['とても丁寧', '親切']",['SERVICE#QUALITY']
jpn,hotel,hotel_quad_train_845,今回は少し広い部屋に案内されたのでとてもゆったり過ごす事が出来て良かった,1,['部屋'],3,"[[6.5, 5.88], [6.5, 6.0], [7.0, 6.75]]","['とてもゆったり', '少し広い', '良かった']","['ROOMS#COMFORT', 'ROOMS#DESIGN_FEATURES', 'ROOMS#QUALITY']"
jpn,hotel,hotel_quad_train_851,ただ、夕食でのお部屋食のごはんに付いてくるお味噌汁が冷え冷えでとっても残念でした,1,['味噌汁'],2,"[[1.83, 7.67], [2.88, 6.12]]","['とっても残念', '冷え冷え']",['FOOD_DRINKS#QUALITY']
jpn,hotel,hotel_quad_train_860,部屋は思っていた通り広く快適で夜景がきれいでした,1,['部屋'],2,"[[6.5, 6.12], [6.67, 6.17]]","['広く', '快適']","['ROOMS#COMFORT', 'ROOMS#DESIGN_FEATURES']"
jpn,hotel,hotel_quad_train_865,白良浜は目と鼻の先で、すぐに散歩できて、とても良かったです,1,['白良浜'],2,"[[6.12, 5.62], [7.12, 6.62]]","['とても良かった', '目と鼻の先']",['LOCATION#GENERAL']
jpn,hotel,hotel_quad_train_867,天理駅の目の前でとても便利でした,1,['天理駅'],2,"[[6.12, 5.5], [6.75, 6.25]]","['とても便利', '目の前']",['LOCATION#GENERAL']
jpn,hotel,hotel_quad_train_868,立地も良く満足でした,1,['立地'],2,"[[6.5, 6.12], [6.83, 6.0]]","['満足', '良く']",['LOCATION#GENERAL']
jpn,hotel,hotel_quad_train_869,部屋も過不足なく満足してます,1,['部屋'],2,"[[6.2, 5.8], [7.17, 6.33]]","['満足', '過不足なく']",['ROOMS#QUALITY']
jpn,hotel,hotel_quad_train_876,繁華街も近く、大浴場も清潔でゆったりと過ごせました,1,['大浴場'],2,"[[6.62, 5.88], [6.67, 6.0]]","['ゆったり', '清潔']","['FACILITIES#CLEANLINESS', 'FACILITIES#COMFORT']"
jpn,hotel,hotel_quad_train_880,今回で2回目の宿泊です 駅近で部屋もコンパクトながらとてもリラックスして過ごす事が出来たのでですが　ひとつだけ気になったのがベッド周りの匂いでした,1,['部屋'],2,"[[6.33, 5.83], [7.12, 7.0]]","['とてもリラックス', 'コンパクト']","['ROOMS#COMFORT', 'ROOMS#DESIGN_FEATURES']"
jpn,hotel,hotel_quad_train_883,部屋の風呂もそれなりに広くゆったりしてよいのですがドアーが透けて中の人が何してるのかがわかるのとアメニティーにシャワーキャップがあったらうれしかったです,1,['風呂'],2,"[[6.25, 6.0], [6.62, 5.75]]","['それなりに広く', 'ゆったり']","['FACILITIES#COMFORT', 'FACILITIES#STYLE_OPTIONS']"
jpn,hotel,hotel_quad_train_889,食事は個室でいただけて小さな子供がいましたが他の方へ迷惑になることを気にせずゆっくりとおいしくいただけました,1,['食事'],2,"[[6.17, 6.0], [6.17, 6.17]]","['おいしく', 'ゆっくり']","['FOOD_DRINKS#COMFORT', 'FOOD_DRINKS#QUALITY']"
jpn,hotel,hotel_quad_train_890,立地は奈良公園には若干遠いですが、散歩を兼ねて行くことを考えたら不満なしです,1,['立地'],2,"[[3.88, 5.5], [6.33, 5.5]]","['不満なし', '若干遠い']",['LOCATION#GENERAL']
jpn,hotel,hotel_quad_train_891,若草山山焼き当日に特別なプライスで宿泊出来ただけでも満足なのに、お部屋も綺麗広くとてもくつろげました,1,['部屋'],3,"[[6.17, 6.0], [6.38, 5.88], [7.0, 6.67]]","['とてもくつろげました', '広く', '綺麗']","['ROOMS#CLEANLINESS', 'ROOMS#COMFORT', 'ROOMS#DESIGN_FEATURES']"
jpn,hotel,hotel_quad_train_895,ホテルの近くにコンビニとIKEAが有るので便利でした,1,['コンビニ'],2,"[[6.25, 5.62], [6.5, 6.17]]","['便利', '近く']",['LOCATION#GENERAL']
jpn,hotel,hotel_quad_train_896,ホテル自体は素敵でしたし、オールインクルーシブで飲み放題でしたので、大変満足しました,1,['ホテル'],2,"[[7.17, 6.5], [7.5, 7.5]]","['大変満足', '素敵']",['HOTEL#QUALITY']
jpn,hotel,hotel_quad_train_911,朝食美味しく、部屋も綺麗でくつろげました,1,['部屋'],2,"[[6.5, 6.0], [6.5, 6.25]]","['くつろげました', '綺麗']","['ROOMS#CLEANLINESS', 'ROOMS#COMFORT']"
jpn,hotel,hotel_quad_train_913,部屋は若干古いですが清潔な感じでした,1,['部屋'],2,"[[4.5, 5.67], [6.5, 6.0]]","['清潔', '若干古い']","['ROOMS#CLEANLINESS', 'ROOMS#DESIGN_FEATURES']"
jpn,hotel,hotel_quad_train_917,部屋は広く、快適に過ごせましたBSが映らなかったのが残念です,1,['部屋'],2,"[[6.17, 6.0], [6.5, 5.88]]","['広く', '快適']","['ROOMS#COMFORT', 'ROOMS#DESIGN_FEATURES']"
jpn,hotel,hotel_quad_train_950,駅前の立地、部屋も綺麗で広く、夜食のラーメンは毎回楽しみにしています,1,['部屋'],2,"[[6.33, 5.67], [6.5, 6.0]]","['広く', '綺麗']","['ROOMS#CLEANLINESS', 'ROOMS#DESIGN_FEATURES']"
jpn,hotel,hotel_quad_train_962,部屋も広く大変使いやすい仕様となっている,1,['部屋'],2,"[[6.75, 6.38], [7.0, 7.0]]","['大変使いやすい', '広く']",['ROOMS#DESIGN_FEATURES']
jpn,hotel,hotel_quad_train_964,食事も豪華で大満足でした,1,['食事'],2,"[[7.0, 7.0], [7.33, 7.17]]","['大満足', '豪華']",['FOOD_DRINKS#QUALITY']
jpn,hotel,hotel_quad_train_974,食事は和食の料理大会で入賞された料理長が作られた料理は美味しい、素晴らしい,1,['料理'],2,"[[7.0, 6.75], [7.25, 7.25]]","['素晴らしい', '美味しい']",['FOOD_DRINKS#QUALITY']
jpn,hotel,hotel_quad_train_990,朝食もすごく種類があり、口コミ通りですごく美味しかったです,1,['朝食'],2,"[[7.0, 7.0], [7.38, 7.62]]","['すごく種類があり', 'すごく美味しかった']","['FOOD_DRINKS#QUALITY', 'FOOD_DRINKS#STYLE_OPTIONS']"
jpn,hotel,hotel_quad_train_999,古い町並みまでは少し距離はありますが、新しくキレイでした,1,[None],2,"[[6.33, 5.83], [6.75, 6.38]]","['キレイ', '新しく']","['HOTEL#CLEANLINESS', 'HOTEL#QUALITY']"
jpn,hotel,hotel_quad_train_1016,スタッフの方が全員明るくご対応いただき、とても気持ちよかったです,1,['対応'],2,"[[7.0, 6.75], [7.0, 7.5]]","['とても気持ちよかった', '明るく']",['SERVICE#QUALITY']
jpn,hotel,hotel_quad_train_1017,お部屋から滝が見えて素敵ですお湯も柔らかくて心地良いですお食事も美味しいです,1,['湯'],2,"[[6.5, 6.17], [6.5, 6.33]]","['心地良い', '柔らかくて']","['FACILITIES#COMFORT', 'FACILITIES#DESIGN_FEATURES']"
jpn,hotel,hotel_quad_train_1026,初めて利用させてもらいましたが、部屋もとてもきれいで快適でした,1,['部屋'],2,"[[6.33, 6.0], [7.33, 7.17]]","['とてもきれい', '快適']","['ROOMS#CLEANLINESS', 'ROOMS#COMFORT']"
jpn,hotel,hotel_quad_train_1038,初めての日航さんでしたが 案内の方が親切で聞き取りやすかったです,1,['案内'],2,"[[6.67, 6.17], [6.75, 6.62]]","['聞き取りやすかった', '親切']",['SERVICE#QUALITY']
jpn,hotel,hotel_quad_train_1040,立地良く、朝食付き、ウェルカムドリンクあり、部屋にミネラルウォーターあり、室内も落ち着いた雰囲気で良いイメージでした,1,['室内'],2,"[[6.25, 5.88], [6.67, 6.0]]","['良いイメージ', '落ち着いた雰囲気']","['ROOMS#DESIGN_FEATURES', 'ROOMS#QUALITY']"
jpn,hotel,hotel_quad_train_1047,大通りから大きな駐車場の奥がホテルなので夜も静かで快適に過ごせた,1,['ホテル'],2,"[[6.75, 6.38], [6.83, 6.17]]","['快適', '静か']",['HOTEL#COMFORT']
jpn,hotel,hotel_quad_train_1053,館内、部屋もきれいで大浴場も浴槽が沢山あり楽しむことができ、癒されました,1,['大浴場'],2,"[[6.5, 6.0], [6.5, 6.5]]","['楽しむことができ', '癒されました']",['FACILITIES#COMFORT']
jpn,hotel,hotel_quad_train_1059,バイキング料理が種類豊富でステーキや天ぷらのライブキッチンもあり、アツアツメニューがとても美味しかったです,1,['バイキング料理'],2,"[[7.17, 7.5], [7.25, 7.25]]","['とても美味しかった', '種類豊富']","['FOOD_DRINKS#QUALITY', 'FOOD_DRINKS#STYLE_OPTIONS']"
jpn,hotel,hotel_quad_train_1061,朝のブッフェはその地の牛乳にジャムなどが味わえて、美味しくて満足でした,1,['ブッフェ'],2,"[[6.67, 6.5], [7.0, 6.75]]","['満足', '美味しくて']",['FOOD_DRINKS#QUALITY']
jpn,hotel,hotel_quad_train_1070,館内はとてもおしゃれな感じできれいでした,1,['館内'],2,"[[7.0, 7.25], [7.67, 7.17]]","['きれい', 'とてもおしゃれ']","['HOTEL#CLEANLINESS', 'HOTEL#DESIGN_FEATURES']"
jpn,hotel,hotel_quad_train_1071,部屋も広く十分に満足できました,1,['部屋'],2,"[[6.88, 6.75], [7.0, 6.75]]","['広く', '満足']","['ROOMS#DESIGN_FEATURES', 'ROOMS#QUALITY']"
jpn,hotel,hotel_quad_train_1073,食事は朝夕ともにバイキングでとっても美味しく夜はお刺身、鯛茶漬け、ステーキ、焼き鳥、ラーメンなどあり、朝食は目玉焼き、フレンチトースト、とろろご飯などありとても充実していました,1,['食事'],2,"[[7.25, 7.75], [7.5, 7.75]]","['とっても美味しく', 'とても充実していました']","['FOOD_DRINKS#QUALITY', 'FOOD_DRINKS#STYLE_OPTIONS']"
jpn,hotel,hotel_quad_train_1078,可愛い浴衣もレンタルで頼めるシステムだったが、基本の浴衣がとても素敵で、子供用も80から置いてあり、感激しました,1,['浴衣'],2,"[[7.0, 7.25], [7.33, 7.0]]","['とても素敵', '感激']","['SERVICE#DESIGN_FEATURES', 'SERVICE#STYLE_OPTIONS']"
jpn,hotel,hotel_quad_train_1082,アメニティも自分で取るかたちですが、シャンプーや化粧水、美容液などたくさんあって助かりました,1,['アメニティ'],2,"[[6.5, 5.83], [7.0, 6.5]]","['たくさん', '助かりました']",['ROOM_AMENITIES#STYLE_OPTIONS']
jpn,hotel,hotel_quad_train_1083,ホテル自体も綺麗で清潔感もあり気持ちよく泊まれるかと思います,1,['ホテル自体'],3,"[[6.5, 5.88], [6.67, 5.83], [6.75, 6.5]]","['気持ちよく', '清潔', '綺麗']","['HOTEL#CLEANLINESS', 'HOTEL#COMFORT']"
jpn,hotel,hotel_quad_train_1092,大浴場があり静かで良いホテルでした,1,['ホテル'],2,"[[6.12, 5.88], [6.75, 6.62]]","['良い', '静か']","['HOTEL#COMFORT', 'HOTEL#GENERAL']"
jpn,hotel,hotel_quad_train_1094,部屋はきれいでしたが狭かった,1,['部屋'],2,"[[3.67, 5.67], [6.5, 6.0]]","['きれい', '狭かった']","['ROOMS#CLEANLINESS', 'ROOMS#DESIGN_FEATURES']"
jpn,hotel,hotel_quad_train_1102,食事はブュッフェで色んな種類があり、お刺身なども豊富で美味しい,1,['お刺身'],2,"[[6.5, 6.0], [6.83, 6.5]]","['美味しい', '豊富']","['FOOD_DRINKS#QUALITY', 'FOOD_DRINKS#STYLE_OPTIONS']"
jpn,hotel,hotel_quad_train_1105,駐車場も広くて良かった,1,['駐車場'],2,"[[6.67, 6.17], [6.88, 6.5]]","['広くて', '良かった']","['FACILITIES#DESIGN_FEATURES', 'FACILITIES#GENERAL']"
jpn,hotel,hotel_quad_train_1107,朝食はしっかりとしたお料理で大変美味しく頂きました,1,['朝食'],2,"[[6.25, 5.88], [7.17, 7.67]]","['しっかり', '大変美味しく']",['FOOD_DRINKS#QUALITY']
jpn,hotel,hotel_quad_train_1118,お部屋はシングルルームですが、狭苦しくなくゆったりしてくつろげます,1,['部屋'],3,"[[6.0, 5.62], [6.12, 5.88], [6.33, 5.83]]","['くつろげます', 'ゆったりして', '狭苦しくなく']",['ROOMS#COMFORT']
jpn,hotel,hotel_quad_train_1119,1/24雪対策で宿泊、部屋もきれいで、快適,1,['部屋'],2,"[[6.0, 5.88], [6.62, 6.62]]","['きれい', '快適']","['ROOMS#CLEANLINESS', 'ROOMS#COMFORT']"
jpn,hotel,hotel_quad_train_1122,露天風呂が気に入っています広くはないですが、いつも清潔で落ち着いた雰囲気です特に露天風呂は空を見ながらゆっくり入れて仕事終わりは格別ただ洗い場に鏡は欲しいです,1,['露天風呂'],4,"[[5.0, 5.25], [6.88, 6.75], [7.0, 6.67], [7.75, 7.38]]","['広くはない', '格別', '清潔', '落ち着いた雰囲気']","['FACILITIES#CLEANLINESS', 'FACILITIES#COMFORT', 'FACILITIES#QUALITY']"
jpn,hotel,hotel_quad_train_1126,ホテル自体はそこそこ年数はたっているかもですが、シャンプー、トリートメントを貸して頂けたりホテルマンの方々が皆さんとてもご対応が丁寧でお優しいので、ここに滞在して良かったです,1,['対応'],2,"[[6.62, 6.12], [6.67, 6.17]]","['丁寧', '優しい']",['SERVICE#QUALITY']
jpn,hotel,hotel_quad_train_1126,ホテル自体はそこそこ年数はたっているかもですが、シャンプー、トリートメントを貸して頂けたりホテルマンの方々が皆さんとてもご対応が丁寧でお優しいので、ここに滞在して良かったです,1,['ホテル'],2,"[[4.25, 5.38], [6.25, 5.88]]","['そこそこ年数はたっている', '良かった']","['HOTEL#DESIGN_FEATURES', 'HOTEL#QUALITY']"
jpn,hotel,hotel_quad_train_1129,駅からの送迎バスから接客がとても親切で丁寧なのが印象的でした,1,['接客'],2,"[[6.88, 6.75], [7.12, 7.0]]","['とても親切', '丁寧']",['SERVICE#QUALITY']
jpn,hotel,hotel_quad_train_1130,ただ、部屋の感じは古いので、トイレとお風呂が一緒のユニットなので、狭く、お化粧など朝の身支度もしにくいのでそれは残念でした,1,['トイレとお風呂'],2,"[[2.67, 6.67], [3.62, 5.88]]","['残念', '狭く']","['FACILITIES#DESIGN_FEATURES', 'FACILITIES#QUALITY']"
jpn,hotel,hotel_quad_train_1131,期待していた朝食もスタッフの方が丁寧にトッピングの説明をしてくれて嬉しかったです,1,['説明'],2,"[[6.67, 6.33], [6.67, 6.5]]","['丁寧に', '嬉しかった']",['SERVICE#QUALITY']
jpn,hotel,hotel_quad_train_1134,食事がとても美味しく大変満足しました,1,['食事'],2,"[[7.0, 7.5], [7.17, 7.33]]","['とても美味しく', '大変満足']",['FOOD_DRINKS#QUALITY']
jpn,hotel,hotel_quad_train_1143,鳴門大橋も大塚美術館も、近くて便利で良かったです,1,[None],2,"[[6.88, 6.5], [7.0, 7.0]]","['便利', '良かった']",['HOTEL#QUALITY']
jpn,hotel,hotel_quad_train_1145,お食事も美味しくてとっても良かったです♪宿泊当日の土鍋でたいたごはんは、格別美味しかったですが少しやわらかすちただ外装やお風呂が古かったのが残念でした,1,['お食事'],2,"[[7.0, 6.75], [7.5, 8.0]]","['とっても良かった', '美味しくて']",['FOOD_DRINKS#QUALITY']
jpn,hotel,hotel_quad_train_1158,露天風呂は広くて本当に満足しました,1,['露天風呂'],2,"[[7.0, 6.7], [7.17, 8.0]]","['広くて', '本当に満足']","['FACILITIES#DESIGN_FEATURES', 'FACILITIES#QUALITY']"
jpn,hotel,hotel_quad_train_1166,とても広く広いお部屋で、快適に過ごす事ができました。,1,['お部屋'],2,"[[7.0, 7.17], [7.33, 7.67]]","['とても広く', '快適']","['ROOMS#COMFORT', 'ROOMS#DESIGN_FEATURES']"
jpn,hotel,hotel_quad_train_1169,大浴場は設備が古く使用不能なものばかりで痛々しかった,1,['大浴場'],2,"[[2.25, 7.25], [3.0, 6.5]]","['古く', '痛々しかった']",['FACILITIES#DESIGN_FEATURES']
jpn,hotel,hotel_quad_train_1181,部屋もいつも清潔で快適ですし、チェックアウトも11時と、翌日予定がない場合はゆっくりくつろげます,1,['部屋'],2,"[[6.38, 6.12], [7.0, 6.67]]","['いつも清潔', '快適']","['ROOMS#CLEANLINESS', 'ROOMS#COMFORT']"
jpn,hotel,hotel_quad_train_1187,朝食は和食をいただきましたが、品数が多く、どれもおいしくて大満足でした,1,['朝食'],2,"[[6.62, 6.75], [7.12, 7.0]]","['おいしくて', '大満足']",['FOOD_DRINKS#QUALITY']
jpn,hotel,hotel_quad_train_1191,2間続きの和室だったのが前回利用時に和洋室になっており、お風呂も綺麗になってとても快適に過ごさせていただきました,1,['風呂'],2,"[[6.62, 6.5], [6.67, 6.5]]","['快適', '綺麗']","['FACILITIES#CLEANLINESS', 'HOTEL#COMFORT']"
jpn,hotel,hotel_quad_train_1194,自分は広いお風呂に行きましたが、綺麗に掃除も行き届いていて、気持ちよかったです,1,['風呂'],3,"[[6.5, 6.33], [6.5, 6.67], [6.75, 6.62]]","['広い', '気持ちよかった', '綺麗']","['FACILITIES#CLEANLINESS', 'FACILITIES#COMFORT', 'FACILITIES#DESIGN_FEATURES']"
jpn,hotel,hotel_quad_train_1195,部屋が広くてきれいで良かったです,1,['部屋'],3,"[[6.25, 5.88], [6.25, 6.12], [6.38, 6.0]]","['きれい', '広くて', '良かった']","['ROOMS#CLEANLINESS', 'ROOMS#DESIGN_FEATURES', 'ROOMS#QUALITY']"
jpn,hotel,hotel_quad_train_1212,上層階の部屋で綺麗で良かったです,1,['部屋'],2,"[[6.33, 6.5], [6.5, 6.33]]","['綺麗', '良かった']","['ROOMS#CLEANLINESS', 'ROOMS#QUALITY']"
jpn,hotel,hotel_quad_train_1218,スタッフの方も親切でありがたかったです,1,['スタッフ'],2,"[[6.38, 6.5], [6.88, 7.0]]","['ありがたかった', '親切']",['SERVICE#QUALITY']
jpn,hotel,hotel_quad_train_1221,朝のバイキングも沢山種類があって満足でした,1,['朝のバイキング'],2,"[[6.83, 6.83], [7.0, 6.67]]","['沢山種類があって', '満足']","['FOOD_DRINKS#QUALITY', 'FOOD_DRINKS#STYLE_OPTIONS']"
jpn,hotel,hotel_quad_train_1225,特に食べなれているたたきのたれが絶妙でとても美味しかったのが印象的です,1,['たたきのたれ'],2,"[[7.5, 7.62], [7.62, 7.38]]","['とても美味しかった', '絶妙']",['FOOD_DRINKS#QUALITY']
jpn,hotel,hotel_quad_train_1226,ホテルは改装済みで、部屋は大変綺麗で気持ち良く過ごす事ができました,1,['部屋'],2,"[[6.5, 6.5], [6.88, 6.88]]","['大変綺麗', '気持ち良く']","['ROOMS#CLEANLINESS', 'ROOMS#COMFORT']"
jpn,hotel,hotel_quad_train_1230,楽天セールに広島割も使え広々した部屋に朝食も付きでお安く泊まることが出来てとても満足しています,1,[None],2,"[[6.67, 6.17], [7.5, 7.33]]","['とても満足', '安く']","['HOTEL#PRICE', 'HOTEL#QUALITY']"
jpn,hotel,hotel_quad_train_1236,部屋も清潔感があり広くて快適に過ごせました,1,['部屋'],3,"[[6.5, 6.25], [6.62, 6.25]]","['広くて', '快適', '清潔']","['ROOMS#CLEANLINESS', 'ROOMS#COMFORT', 'ROOMS#DESIGN_FEATURES']"
jpn,hotel,hotel_quad_train_1246,高級感ある最高のホテルです,1,['ホテル'],2,"[[6.83, 6.5], [7.5, 7.5]]","['最高', '高級感ある']","['HOTEL#DESIGN_FEATURES', 'HOTEL#QUALITY']"
jpn,hotel,hotel_quad_train_1248,部屋は狭めですが、清潔です,1,['部屋'],2,"[[4.12, 5.5], [6.5, 6.17]]","['清潔', '狭め']","['ROOMS#CLEANLINESS', 'ROOMS#DESIGN_FEATURES']"
jpn,hotel,hotel_quad_train_1251,スタッフさん皆さん、親切で良かったです,1,['スタッフ'],2,"[[6.5, 6.0], [6.67, 6.33]]","['良かった', '親切で']",['SERVICE#QUALITY']
jpn,hotel,hotel_quad_train_1259,駅近で、セキュリティキーなどによる安全面の考慮、部屋も清潔感があり快適でした,1,['部屋'],2,"[[6.5, 6.0], [6.83, 6.33]]","['快適', '清潔']","['ROOMS#CLEANLINESS', 'ROOMS#COMFORT']"
jpn,hotel,hotel_quad_train_1264,とてもお財布に優しい、利用しやすいホテルでした,1,['ホテル'],2,"[[7.0, 6.5], [7.38, 7.12]]","['とてもお財布に優しい', '利用しやすい']","['HOTEL#DESIGN_FEATURES', 'HOTEL#PRICE']"
jpn,hotel,hotel_quad_train_1270,建物が新しくきれい,1,['建物'],2,"[[6.5, 6.25], [7.0, 6.33]]","['きれい', '新しく']","['HOTEL#CLEANLINESS', 'HOTEL#DESIGN_FEATURES']"
jpn,hotel,hotel_quad_train_1288,駅から近くてとても便利でした,1,['駅'],2,"[[6.5, 6.5], [7.0, 7.17]]","['とても便利', '近く']",['LOCATION#GENERAL']
jpn,hotel,hotel_quad_train_1291,部屋も思っていたより広く快適でした,1,['部屋'],2,"[[6.75, 6.38], [6.88, 6.88]]","['広く', '快適']","['ROOMS#COMFORT', 'ROOMS#DESIGN_FEATURES']"
jpn,hotel,hotel_quad_train_1292,広くて清潔で落ち着く部屋でした(*^▽^*)充実した館内設備は利用しませんでしたが、リゾート気分を味わいました,1,['部屋'],3,"[[6.62, 6.5], [6.67, 6.5], [7.0, 6.75]]","['広くて', '清潔', '落ち着く']","['ROOMS#CLEANLINESS', 'ROOMS#COMFORT', 'ROOMS#DESIGN_FEATURES']"
jpn,hotel,hotel_quad_train_1298,また、チェックイン時に対応頂いた女性スタッフの方が明るく丁寧でとても気持ちの良い対応でした,1,['女性スタッフ'],2,"[[6.75, 6.62], [6.88, 6.5]]","['丁寧', '明るく']","['SERVICE#COMFORT', 'SERVICE#QUALITY']"
jpn,hotel,hotel_quad_train_1306,2歳子連れの宿泊の為、部屋食は食事処で食べるより気を使わずにゆっくり過ごせるので、このプランがリーズナブルでとても気に入っています,1,['プラン'],2,"[[6.5, 6.33], [7.0, 7.0]]","['とても気に入っています', 'リーズナブル']","['SERVICE#COMFORT', 'SERVICE#PRICE']"
jpn,hotel,hotel_quad_train_1307,親族の能登地震災害支援後に宿泊したので、チェックインも遅くゆっくり出来なかったのが残念,1,[None],2,"[[4.0, 5.5], [4.0, 5.62]]","['ゆっくり出来なかった', '残念']","['HOTEL#COMFORT', 'HOTEL#GENERAL']"
jpn,hotel,hotel_quad_train_1313,アメニティが豊富で特に入浴剤やシャンプーなどの種類が多くて大満足です,1,['入浴剤やシャンプー'],2,"[[6.5, 6.12], [6.62, 6.38]]","['多くて', '大満足']","['ROOM_AMENITIES#COMFORT', 'ROOM_AMENITIES#STYLE_OPTIONS']"
jpn,hotel,hotel_quad_train_1314,お部屋は綺麗で清潔でした,1,['お部屋'],2,"[[6.38, 6.25], [6.5, 6.12]]","['清潔', '綺麗']",['ROOMS#CLEANLINESS']
jpn,hotel,hotel_quad_train_1315,ただ、会場がとても狭く、たまに料理補充の方が出てくるくらいでお客様の案内はしないため、席取り合戦のようになってしまって落ち着きませんでした,1,['会場'],2,"[[2.88, 6.38], [3.12, 6.62]]","['とても狭く', '落ち着きませんでした']",['FACILITIES#COMFORT']
jpn,hotel,hotel_quad_train_1316,子供もいるので食事はあえて会席ではなくビュッフェにしましたが、種類も豊富で美味しく、ビールやお酒もフリードリンク状態なのが素晴らしいと思いました,1,['食事'],2,"[[6.5, 6.38], [7.38, 6.88]]","['美味しく', '豊富']","['FOOD_DRINKS#QUALITY', 'FOOD_DRINKS#STYLE_OPTIONS']"
jpn,hotel,hotel_quad_train_1317,ウォーターサーバーありますがコップとかないので使いにくくて歯磨きする時用のコップもないので洗面台使うのは水が冷たすぎるし不便かな,1,['ウォーターサーバー'],2,"[[2.88, 6.38], [3.38, 6.0]]","['不便', '使いにくく']","['FACILITIES#DESIGN_FEATURES', 'FACILITIES#GENERAL']"
jpn,hotel,hotel_quad_train_1318,綺麗で快適でした,1,[None],2,"[[7.12, 6.62], [7.17, 6.33]]","['快適', '綺麗']","['HOTEL#CLEANLINESS', 'HOTEL#COMFORT']"
jpn,hotel,hotel_quad_train_1319,お食事はお部屋前までワゴンで持ってきてくれますが、温かいものは温かく量も十分でとてもおいしかったです,1,['お食事'],3,"[[6.88, 6.88], [7.0, 6.8], [7.5, 7.25]]","['とてもおいしかった', '温かく', '量も十分']",['FOOD_DRINKS#QUALITY']
jpn,hotel,hotel_quad_train_1322,スタッフの方はみな親切で、心地よく過ごすことができました,1,['スタッフ'],2,"[[6.67, 6.5], [6.83, 6.5]]","['心地よく', '親切']",['SERVICE#QUALITY']
jpn,hotel,hotel_quad_train_1323,お部屋もきれいでしたし、お部屋から富士山と富士急ハイランドが見えて、子どもが喜んでいました,1,['お部屋'],2,"[[6.25, 6.12], [6.25, 6.25]]","['きれい', '喜んでいました']","['LOCATION#GENERAL', 'ROOMS#CLEANLINESS']"
jpn,hotel,hotel_quad_train_1325,大浴場は広く露天もあり快適でした,1,['大浴場'],2,"[[6.38, 6.25], [6.5, 6.5]]","['広く', '快適でした']","['FACILITIES#COMFORT', 'FACILITIES#DESIGN_FEATURES']"
jpn,hotel,hotel_quad_train_1331,朝食メニューが豊富で楽しめました,1,['朝食メニュー'],2,"[[6.75, 6.0], [6.75, 6.25]]","['楽しめました', '豊富']","['FOOD_DRINKS#QUALITY', 'FOOD_DRINKS#STYLE_OPTIONS']"
jpn,hotel,hotel_quad_train_1334,お部屋や大浴場も綺麗で清潔感があり、設備も充実、水道からイオン水が出るというのも魅力的でした,1,['大浴場'],2,"[[6.83, 6.33], [6.83, 6.5]]","['清潔感', '綺麗']",['FACILITIES#CLEANLINESS']
jpn,hotel,hotel_quad_train_1334,お部屋や大浴場も綺麗で清潔感があり、設備も充実、水道からイオン水が出るというのも魅力的でした,1,['お部屋'],2,"[[6.38, 6.25], [6.83, 6.33]]","['清潔感', '綺麗']",['ROOMS#CLEANLINESS']
jpn,hotel,hotel_quad_train_1336,福井駅からは徒歩十数分程度、福井城址大名町駅から4～5分とアクセスは少々遠めですが、一般のホテルの大浴場と比べてかなり広く、のんびりと浸かることができました,1,['大浴場'],2,"[[6.25, 6.25], [7.12, 7.12]]","['かなり広く', 'のんびり']","['FACILITIES#CLEANLINESS', 'FACILITIES#DESIGN_FEATURES']"
jpn,hotel,hotel_quad_train_1343,前日の予約で訳ありプランでしたが、部屋から富士山も見る事ができ、とてもいい部屋をご用意いただけて大変満足しました,1,['部屋'],2,"[[7.33, 7.0], [7.75, 7.5]]","['とてもいい', '大変満足']",['ROOMS#QUALITY']
jpn,hotel,hotel_quad_train_1357,とても綺麗でおしゃれなログハウスです,1,['ログハウス'],2,"[[6.75, 6.0], [7.5, 6.83]]","['おしゃれ', 'とても綺麗']","['HOTEL#CLEANLINESS', 'HOTEL#DESIGN_FEATURES']"
jpn,hotel,hotel_quad_train_1365,レトロなゲームコーナーも格別（笑）落ち着けますし少し古いけど（笑　失礼,1,['ゲームコーナー'],4,"[[4.17, 5.33], [6.12, 5.88], [6.67, 6.0], [7.0, 6.33]]","['レトロ', '少し古い', '格別', '落ち着けます']","['FACILITIES#COMFORT', 'FACILITIES#DESIGN_FEATURES', 'FACILITIES#QUALITY']"
jpn,hotel,hotel_quad_train_1366,ワイン好きにはたまらない試飲タイムに参加しまして楽しかったです,1,['試飲タイム'],2,"[[6.83, 6.5], [6.83, 6.67]]","['たまらない', '楽しかった']",['SERVICE#QUALITY']
jpn,hotel,hotel_quad_train_1368,近くに道の駅があり、お土産を買うときに便利でした,1,['道の駅'],2,"[[6.12, 6.0], [6.5, 6.5]]","['便利', '近く']",['LOCATION#GENERAL']
jpn,hotel,hotel_quad_train_1373,駅から近く、周りには飲食店が多く、１階にはコンビニもあり、快適だった,1,[None],2,"[[6.25, 6.5], [6.62, 6.5]]",['快適'],"['HOTEL#COMFORT', 'HOTEL#QUALITY']"
jpn,hotel,hotel_quad_train_1374,スタッフの方も全員がとても感じが良く、天候には恵まれませんでしたが最高の滞在でした,1,['スタッフ'],2,"[[6.75, 6.25], [7.5, 6.83]]","['とても感じが良く', '良く']",['SERVICE#QUALITY']
jpn,hotel,hotel_quad_train_1375,ここのホテルはいつ泊まってもとても綺麗で快適に過ごせます,1,['ホテル'],2,"[[7.0, 6.33], [7.5, 7.0]]","['とても綺麗', '快適']","['HOTEL#CLEANLINESS', 'HOTEL#COMFORT']"
jpn,hotel,hotel_quad_train_1377,朝食もサラダのトッピングが多く楽しめました,1,['朝食'],2,"[[6.5, 6.17], [6.5, 6.25]]",['楽しめました'],"['FOOD_DRINKS#GENERAL', 'FOOD_DRINKS#QUALITY']"
jpn,hotel,hotel_quad_train_1382,部屋は想像以上に広く素晴らしかったです,1,['部屋'],2,"[[7.38, 8.25], [7.67, 7.67]]","['想像以上に広く', '素晴らしかった']","['ROOMS#DESIGN_FEATURES', 'ROOMS#QUALITY']"
jpn,hotel,hotel_quad_train_1390,夕食は少し高いけど、美味しかったです,1,['夕食'],2,"[[3.83, 5.67], [6.88, 6.88]]","['少し高い', '美味しかった']","['FOOD_DRINKS#PRICE', 'FOOD_DRINKS#QUALITY']"
jpn,hotel,hotel_quad_train_1394,経年劣化で汚れて部分はありますが、清潔に保たれており、疲れを癒し、また翌日頑張ろうと思えました,1,[None],2,"[[6.67, 6.17], [6.67, 6.33]]","['清潔', '癒し']","['HOTEL#CLEANLINESS', 'HOTEL#COMFORT']"
jpn,hotel,hotel_quad_train_1396,他のチェーンと比較して、ダイワロイネットホテルは、館内・室内がキレイで快適に過ごせる印象でしたが、こちらは特にそのように感じました,1,['館内'],2,"[[6.62, 6.12], [6.75, 6.38]]","['キレイ', '快適']","['HOTEL#CLEANLINESS', 'HOTEL#COMFORT']"
jpn,hotel,hotel_quad_train_1396,他のチェーンと比較して、ダイワロイネットホテルは、館内・室内がキレイで快適に過ごせる印象でしたが、こちらは特にそのように感じました,1,['室内'],2,"[[6.62, 6.12], [6.75, 6.38]]","['キレイ', '快適']","['ROOMS#CLEANLINESS', 'ROOMS#COMFORT']"
jpn,hotel,hotel_quad_train_1400,宿泊の決め手は駅から近いこと、ホテル外観のかっこよさでしたが実際泊まるとお部屋も綺麗で水回りも綺麗で快適でした,1,['水回り'],2,"[[6.67, 6.5], [7.0, 6.83]]","['快適', '綺麗']","['FACILITIES#CLEANLINESS', 'FACILITIES#COMFORT']"
jpn,hotel,hotel_quad_train_1400,宿泊の決め手は駅から近いこと、ホテル外観のかっこよさでしたが実際泊まるとお部屋も綺麗で水回りも綺麗で快適でした,1,['部屋'],2,"[[6.62, 6.25], [6.75, 6.5]]","['快適', '綺麗']","['ROOMS#CLEANLINESS', 'ROOMS#COMFORT']"
jpn,hotel,hotel_quad_train_1425,部屋も広く快適にお過ごす事が出来ました,1,['部屋'],2,"[[6.38, 6.12], [6.5, 6.0]]","['広く', '快適']","['ROOMS#COMFORT', 'ROOMS#DESIGN_FEATURES']"
jpn,hotel,hotel_quad_train_1428,部屋はリフォームされてとてもキレイで総合的にはとても良いと思いましたが、ベット周りに前に泊まられた方が付けたシミなのか、拭き取れば落ちるはずの清掃が、細かい所の行き届きが少し足りないと思いました,1,['部屋'],2,"[[6.75, 6.25], [7.12, 6.75]]","['とても良い', 'キレイ']","['ROOMS#CLEANLINESS', 'ROOMS#QUALITY']"
jpn,hotel,hotel_quad_train_1430,スタッフはとても礼儀正しくて素敵でした,1,['スタッフ'],2,"[[6.88, 6.75], [7.17, 7.17]]","['とても礼儀正しく', '素敵']",['SERVICE#QUALITY']
jpn,hotel,hotel_quad_train_1431,部屋もなかなかきれいで、朝食もシンプルだけど明太子やお茶漬け、シジミの味噌汁が良かった,1,['朝食'],2,"[[6.17, 5.67], [6.5, 6.17]]","['シンプル', '良かった']",['FOOD_DRINKS#QUALITY']
jpn,hotel,hotel_quad_train_1440,スタッフの対応もよく、部屋も清潔で快適でした,1,['部屋'],2,"[[6.5, 6.5], [6.5, 6.67]]","['快適', '清潔']","['ROOMS#CLEANLINESS', 'ROOMS#COMFORT']"
jpn,hotel,hotel_quad_train_1442,温泉がとても気持ちが良くて最高です,1,['温泉'],2,"[[7.12, 7.12], [7.25, 7.0]]","['とても気持ちが良くて', '最高']","['FACILITIES#COMFORT', 'FACILITIES#QUALITY']"
jpn,hotel,hotel_quad_train_1447,アメニティがとても充実しており嬉しかったです,1,['アメニティ'],2,"[[6.75, 6.38], [7.17, 6.83]]","['とても充実', '嬉しかった']","['ROOM_AMENITIES#GENERAL', 'ROOM_AMENITIES#QUALITY']"
jpn,hotel,hotel_quad_train_1453,部屋は良かったし、清潔でした,1,['部屋'],2,"[[6.33, 6.5], [6.5, 6.25]]","['清潔', '良かった']","['ROOMS#CLEANLINESS', 'ROOMS#QUALITY']"
jpn,hotel,hotel_quad_train_1454,ちょっと高めですが、満足ホテルでした,1,['ホテル'],2,"[[3.67, 6.17], [6.67, 6.5]]","['ちょっと高め', '満足']","['HOTEL#COMFORT', 'HOTEL#PRICE']"
jpn,hotel,hotel_quad_train_1463,スタッフもみんな優しくて最高でした,1,['スタッフ'],2,"[[6.67, 6.5], [7.67, 7.17]]","['優しく', '最高']",['SERVICE#QUALITY']
jpn,hotel,hotel_quad_train_1473,チェックアウトゆっくりできるのが素晴らしいです,1,['チェックアウト'],2,"[[6.17, 6.33], [7.33, 6.83]]","['ゆっくり', '素晴らしい']",['SERVICE#QUALITY']
jpn,hotel,hotel_quad_train_1476,博多駅から近くて便利です,1,['駅'],2,"[[6.33, 6.33], [6.67, 6.33]]","['便利', '近くて']",['LOCATION#GENERAL']
jpn,hotel,hotel_quad_train_1478,食事の内容が思っていた以上に良く、ビックリでした,1,['食事'],2,"[[6.88, 6.38], [6.88, 6.62]]","['ビックリ', '良く']",['SERVICE#QUALITY']
jpn,hotel,hotel_quad_train_1480,他の方も書かれていましたが、浴槽にお湯を張ったらゴミが浮いてきて、一度シャワーで流して再度お湯を張ったら、お湯が溢れるのを防止する排水口に茶褐色の汚れがこびりついていて、とても気持ち悪かったです,1,['浴槽'],2,"[[1.5, 7.75], [2.9, 6.3]]","['とても気持ち悪かった', 'ゴミ']","['FACILITIES#COMFORT', 'FACILITIES#QUALITY']"
jpn,hotel,hotel_quad_train_1494,・お風呂にサウナがないのは考えようでシンプルでいいのかもしれない,1,['風呂'],2,"[[6.0, 6.17], [6.17, 6.17]]","['いい', 'シンプル']",['FACILITIES#QUALITY']
jpn,hotel,hotel_quad_train_1513,朝食の「サバのみそ煮」とお味噌汁がおいしく、家庭的なお味でした,1,['朝食'],2,"[[6.17, 6.17], [6.33, 6.17]]","['おいしく', '家庭的なお味']","['FOOD_DRINKS#QUALITY', 'FOOD_DRINKS#STYLE_OPTIONS']"
jpn,hotel,hotel_quad_train_1515,部屋からのロケーションも良く、静かでリラックスして宿泊する事ができました,1,[None],2,"[[6.0, 5.83], [6.17, 6.0]]","['リラックスして', '静か']",['HOTEL#COMFORT']
jpn,hotel,hotel_quad_train_1516,スタッフの皆さん、にこやかに応対していただきとてもよかったです,1,['スタッフの皆さん'],2,"[[6.88, 7.0], [7.67, 7.17]]","['とてもよかった', 'にこやかに']",['SERVICE#QUALITY']
jpn,hotel,hotel_quad_train_1520,私は静かなひっそりとした場所で客室の温泉とこじんまりとした空間で料理を楽しみたい人なのでとても良かった,1,['場所'],3,"[[6.17, 6.17], [6.5, 6.12], [6.5, 7.33]]","['とても良かった', 'ひっそり', '静かな']","['LOCATION#COMFORT', 'LOCATION#QUALITY']"
jpn,hotel,hotel_quad_train_1530,その割に、ホテル内は静かで安眠できた,1,['ホテル内'],2,"[[6.17, 6.0], [6.33, 6.17]]","['安眠', '静か']",['HOTEL#COMFORT']
jpn,hotel,hotel_quad_train_1542,ツインルームでありながら、かなり広いスペースで大変満足です,1,['ツインルーム'],2,"[[7.5, 7.5], [7.62, 7.5]]","['かなり広いスペース', '大変満足']","['ROOMS#COMFORT', 'ROOMS#QUALITY']"
jpn,hotel,hotel_quad_train_1554,部屋は広かったのですが椅子一つも余分なものはなく、コンビニで買ったオヤツやコーヒーをひとりは立って食べました,1,['部屋'],2,"[[6.25, 6.0], [6.62, 6.5]]","['余分なものはなく', '広かった']","['ROOMS#DESIGN_FEATURES', 'ROOMS#STYLE_OPTIONS']"
jpn,hotel,hotel_quad_train_1555,夕食のお刺身舟盛りや焼き魚も、とても美味しくて感動しました,1,['夕食'],2,"[[6.83, 6.5], [7.17, 7.17]]","['とても美味しくて', '感動しました']","['FOOD_DRINKS#COMFORT', 'FOOD_DRINKS#QUALITY']"
jpn,hotel,hotel_quad_train_1559,食事会や懇親会でも利用することが多く、活気のある、親切でお勧めできるホテルです,1,['ホテル'],2,"[[6.88, 6.5], [7.0, 7.0]]","['活気のある', '親切で']","['HOTEL#COMFORT', 'HOTEL#QUALITY']"
jpn,hotel,hotel_quad_train_1560,とにかく温泉が良くて最高でした,1,['温泉'],2,"[[7.0, 6.62], [7.83, 7.33]]","['最高', '良くて']",['FACILITIES#QUALITY']
jpn,hotel,hotel_quad_train_1565,建物は古いけどきちんと清掃してあるので風情もあっていいですご飯は美味しくて量も満足でした朝食はご飯おかわりをしました中心からは少し歩くけれど十分歩いて散策出来るしちょうどいい運動になると思います部屋から川が眺める事が出来るので癒されましたちょうど花火が上がるのが見られてラッキーでした,1,['建物'],3,"[[4.67, 5.67], [6.0, 6.0], [6.17, 6.17]]","['古い', '清掃してある', '風情もあって']","['HOTEL#CLEANLINESS', 'HOTEL#QUALITY']"
jpn,hotel,hotel_quad_train_1566,ドーミーインを利用するのは初めてでしたが、朝食メニューの豊富さは評判どおりで素晴らしく、スタッフの対応も皆さんしっかりしていて感心しました,1,['朝食メニュー'],2,"[[6.88, 6.88], [7.25, 6.75]]","['素晴らしく', '豊富']",['FOOD_DRINKS#QUALITY']
jpn,hotel,hotel_quad_train_1571,お祝いケーキも甘すぎず美味でした◎窓際の席だったので、ライトアップされている雪を見ながらの食事はとても新鮮でうっとりな時間でした,1,['お祝いケーキ'],2,"[[6.0, 6.17], [6.38, 5.88]]","['甘すぎず', '美味でした']",['FOOD_DRINKS#QUALITY']
jpn,hotel,hotel_quad_train_1579,きれいで助かります,1,[None],2,"[[6.38, 5.75], [6.38, 5.88]]","['きれい', '助かります']","['HOTEL#CLEANLINESS', 'HOTEL#COMFORT']"
rus,restaurant,225:13_3,"Мясо было прожарено чуть сильнее,чем заказывала, но,тем не менее, вкусным и нежным.",1,['мясо'],2,"[[6.9, 6.2], [7.0, 6.2]]","['вкусным', 'нежным']",['FOOD#QUALITY']
rus,restaurant,280:4_7,"Интерьер ресторана выполнен в приятных светлых тонах, есть удобные (интересные) столики возле стен, Но вот места в центре ресторана немного разочаровывают, т.к. они весьма неуютные.",1,['интерьер'],2,"[[6.67, 6.0], [7.12, 6.75]]","['в приятных светлых тонах', 'приятных']",['AMBIENCE#GENERAL']
rus,restaurant,280:4_7,"Интерьер ресторана выполнен в приятных светлых тонах, есть удобные (интересные) столики возле стен, Но вот места в центре ресторана немного разочаровывают, т.к. они весьма неуютные.",1,['места в центре ресторана'],2,"[[3.12, 6.75], [3.6, 6.0]]","['весьма неуютные', 'немного разочаровывают']",['AMBIENCE#GENERAL']
rus,restaurant,280:8_10,Спасибо ресторану La Fabrik за приятный вечер!),1,['ресторану la fabrik'],2,"[[7.12, 6.88], [7.33, 7.33]]","['Спасибо', 'приятный вечер']",['RESTAURANT#GENERAL']
rus,restaurant,1032:4_12,"К большому удивлению пицца (ещё раз - из детского меню!) была на столько острая, что и взрослые не смогли её есть, не говоря уже о ребенке.",1,['пицца'],2,"[[2.33, 8.0], [2.38, 7.75]]","['на столько острая', 'не смогли её есть']",['FOOD#QUALITY']
rus,restaurant,1032:12_17,"За сервис 3, т.к. официант путала заказы, не могла помочь с выбором (или не хотела, когда клиент просит помочь определиться, он не хочет услышать ""все вкусное, берите все"").",1,['официант'],2,"[[2.5, 6.62], [2.8, 6.6]]","['не могла помочь с выбором', 'путала заказы']",['SERVICE#GENERAL']
rus,restaurant,1032:14_18,"Из плюсов хочу отметить няню в детской комнате, очень милая девушка, ребенку очень понравилась.",1,['девушка'],2,"[[7.88, 7.5], [8.0, 8.0]]","['очень милая', 'очень понравилась']",['SERVICE#GENERAL']
rus,restaurant,1052:7_25,"Навсегда останется в памяти официант, который обращался к нам исключительно на ""ты"", дерзил, а когда ему было сделано замечание, он нам сообщил, что он поругался со своей девушкой и у него отвратительное настроение!",1,['официант'],2,"[[1.67, 8.33], [1.7, 8.3]]","['дерзил', 'обращался к нам исключительно на ""ты""']",['SERVICE#GENERAL']
rus,restaurant,1052:11_27,"Резюме следующее: место в целом отличное, цены не кусаются, но следует серьезно задуматься о замене персонала...",1,['место'],2,"[[7.0, 6.67], [8.0, 7.67]]","['отличное', 'цены не кусаются']","['RESTAURANT#GENERAL', 'RESTAURANT#PRICES']"
rus,restaurant,1105:3_29,"Все всегда все очень вкусное: борщ с копченостями, роллы на гриле, обалденная филадельфия.",1,['филадельфия'],2,"[[8.0, 8.0], [8.75, 8.38]]","['обалденная', 'очень вкусное']",['FOOD#QUALITY']
rus,restaurant,1105:6_31,Любимый салат цезарь с креветками тоже был хорош.,1,['салат цезарь с креветками'],2,"[[7.2, 7.0], [8.0, 8.0]]","['Любимый', 'хорош']",['FOOD#QUALITY']
rus,restaurant,1105:12_35,"Интерьер достаточно спокойный, в бежево-коричневых тонах, но не дешевый, не скажешь, что это какое то кафе у ""черта на куличках"".",1,['интерьер'],2,"[[5.5, 4.17], [6.0, 4.67]]","['достаточно спокойный', 'не дешевый']",['AMBIENCE#GENERAL']
rus,restaurant,1200:0_37,"Праздновали день рождения,все понравилось, удалось найти место,которое сочетало бы в себе уютный интерьер (первый зал), вкусную еду,приятный персонал и оооочень демократичные цены ( на счет скидка 33% в честь дня рождения),но все таки было несколько очень странных моментов.1.",1,['место'],2,"[[7.33, 7.33], [8.5, 8.5]]","['оооочень демократичные цены', 'понравилось']","['RESTAURANT#GENERAL', 'RESTAURANT#PRICES']"
rus,restaurant,1308:7_55,"Спокойный и стильный интерьер, приятная атмосфера, внимательное, но ненавязчивое обслуживание, отличная еда - все на твердую 10!",1,['интерьер'],2,"[[7.0, 6.25], [7.3, 7.0]]","['Спокойный', 'стильный']",['AMBIENCE#GENERAL']
rus,restaurant,1308:7_55,"Спокойный и стильный интерьер, приятная атмосфера, внимательное, но ненавязчивое обслуживание, отличная еда - все на твердую 10!",1,['обслуживание'],2,"[[7.12, 6.75], [7.5, 7.25]]","['внимательное', 'ненавязчивое']",['SERVICE#GENERAL']
rus,restaurant,1368:1_57,"Очень понравился интерьер - чисто пабовский, но при этом ненавязчивый и комфортный.",1,['интерьер'],3,"[[6.62, 6.5], [6.75, 6.75], [7.67, 7.33]]","['Очень понравился', 'комфортный', 'ненавязчивый']",['AMBIENCE#GENERAL']
rus,restaurant,1368:2_58,Атмосфера что надо - располагает к веселью и дружескому общению.,1,['атмосфера'],2,"[[7.0, 6.7], [7.17, 7.0]]","['располагает', 'что надо']",['AMBIENCE#GENERAL']
rus,restaurant,1368:17_68,"По ценам, кстати, тоже нормально все – средние для подобных заведений, не завышенные как у многих.",1,['заведений'],3,"[[5.0, 3.12], [5.17, 3.5], [5.25, 3.75]]","['не завышенные', 'нормально', 'средние']",['RESTAURANT#PRICES']
rus,restaurant,1427:3_71,"Зашли к вам вечером,уставшие, оказалось что все залы забиты а на веранде все же прохладно сидеть с ребенком, встретил нас молодой человек предложил несколько столов куда можно было присесть,Проводила нас до столика уже девушка(имени к сожалению не запомнила) судя по внешнему виду администратор,она же и подала меню,что больше всего удивило нам налили абсолютно бесплатной воды по бокалам, было очень приятно.",1,['молодой человек'],2,"[[6.17, 5.67], [6.67, 6.67]]","['встретил', 'предложил']",['SERVICE#GENERAL']
rus,restaurant,1427:5_72,"Обслуживание ненавязчивое, почувствовали себя как дома.",1,['обслуживание'],2,"[[6.5, 6.3], [7.62, 7.62]]","['как дома', 'ненавязчивое']",['SERVICE#GENERAL']
rus,restaurant,1434:2_76,"И интерьер меня не разочаровал,а, наоборот, очень обрадовал.",1,['интерьер'],2,"[[6.17, 5.33], [7.83, 7.67]]","['не разочаровал', 'очень обрадовал']",['AMBIENCE#GENERAL']
rus,restaurant,1434:3_77,Очень красивое и уютное место.,1,['место'],2,"[[7.5, 7.1], [8.1, 7.7]]","['Очень красивое', 'уютное']",['AMBIENCE#GENERAL']
rus,restaurant,1563:5_93,"Если уж паб, то пусть бы он оставался пабом… Но на свой страх и риск, я не удержалась от соблазна и заказала мои любимые суши, хотя много раз зарекалась… Если особо не придираться, то суши, в общем то были обычными, но.. как то чуть –чуть недотягивали до уровня чтобы ими можно было действительно наслаждаться.",1,['суши'],2,"[[4.62, 4.62], [5.0, 3.5]]","['обычными', 'чуть –чуть недотягивали до уровня чтобы ими можно было действительно наслаждаться']",['FOOD#QUALITY']
rus,restaurant,1563:7_95,"Пиво также всем понравилось , да и выбор достаточно большой- как и должно быть в Пабе.",1,['пиво'],2,"[[7.17, 7.17], [7.5, 7.0]]","['выбор достаточно большой', 'понравилось']","['DRINKS#QUALITY', 'DRINKS#STYLE_OPTIONS']"
rus,restaurant,1666:5_100,"С обслуживанием повезло,попалась милая девушка,которая подробно рассказывала и отвечала на все вопросы с улыбкой.",1,['девушка'],3,"[[7.0, 6.8], [7.33, 7.33], [7.38, 7.25]]","['милая', 'отвечала на все вопросы с улыбкой', 'подробно рассказывала']",['SERVICE#GENERAL']
rus,restaurant,1749:0_101,"Хорошее место, где можно посидеть большой компанией и отлично отдохнуть.",1,['место'],2,"[[7.1, 6.8], [8.0, 7.67]]","['Хорошее', 'отлично отдохнуть']",['RESTAURANT#GENERAL']
rus,restaurant,1749:6_106,"Такой я пробовала только в Италии, на удивление торт оказался нежный и воздушный, просто пальчики оближешь!",1,['торт'],3,"[[7.3, 7.5], [8.88, 8.5]]","['воздушный', 'нежный', 'пальчики оближешь']",['FOOD#QUALITY']
rus,restaurant,1751:2_112,"Зал очень просторный и атмосферный, свободного места предостаточно.",1,['зал'],2,"[[7.4, 7.2], [7.9, 7.5]]","['атмосферный', 'очень просторный']",['AMBIENCE#GENERAL']
rus,restaurant,1751:12_117,"Кофе-десерт – тоже без претензий, все вкусно.",1,['кофе-десерт'],2,"[[6.5, 5.67], [7.25, 7.0]]","['без претензий', 'вкусно']",['FOOD#QUALITY']
rus,restaurant,2006:2_125,"В ресторане спокойная, уютная атмосфера.",1,['атмосфера'],2,"[[6.7, 6.0], [7.0, 6.4]]","['спокойная', 'уютная']",['AMBIENCE#GENERAL']
rus,restaurant,2006:3_126,Особенно мне понравилось как вкусно был приготовлен десерт тирамису.,1,['десерт тирамису'],2,"[[7.0, 6.33], [7.12, 6.62]]","['вкусно', 'понравилось']",['FOOD#QUALITY']
rus,restaurant,2013:0_128,Ресторан Атлантис остается на протяжении многих лет одним из самых приятных и уютных мест.,1,['ресторан атлантис'],2,"[[7.12, 6.62], [8.17, 8.0]]","['самых приятных', 'уютных']",['RESTAURANT#GENERAL']
rus,restaurant,2013:4_132,"Бланманже и Декуаз мои фавориты, очень рекомендую!",1,['бланманже'],2,"[[7.8, 7.4], [8.5, 8.33]]","['очень рекомендую', 'фавориты']",['FOOD#QUALITY']
rus,restaurant,2013:4_132,"Бланманже и Декуаз мои фавориты, очень рекомендую!",1,['декуаз'],2,"[[7.8, 7.4], [8.5, 8.33]]","['очень рекомендую', 'фавориты']",['FOOD#QUALITY']
rus,restaurant,2013:5_133,"Суши, для тех кто любит, просто супер вкусные, пожалуй, самые вкусные в городе, ну и за его пределами, на мой взгляд!:)",1,['суши'],2,"[[8.3, 8.1], [9.0, 8.67]]","['самые вкусные', 'супер вкусные']",['FOOD#QUALITY']
rus,restaurant,2013:10_137,Очень его рекомендую и благодарна ресторану за качественную работу на протяжении многих лет!,1,['ресторану'],2,"[[7.0, 6.33], [8.33, 8.17]]","['Очень его рекомендую', 'качественную']",['RESTAURANT#GENERAL']
rus,restaurant,2073:10_142,"Хороший певец, с хорошим голосом... но для такого маленького помещения - это просто тихий ужас.",1,['помещения'],2,"[[1.17, 8.5], [2.83, 6.33]]","['просто тихий ужас', 'такого маленького']",['AMBIENCE#GENERAL']
rus,restaurant,2168:4_148,"На первом этаже открытая кухня, все выложено плиточкой и много столов - не очень уютно, но интерьер и правда интересный, хотя бы что-то оригинальное для такого формата.",1,['интерьер'],2,"[[7.0, 6.75], [7.17, 7.0]]","['интересный', 'что-то оригинальное для такого формата']",['AMBIENCE#GENERAL']
rus,restaurant,2364:6_164,"И обслуживание официантов понравилось, т. к. они не навязчивы и не заметны, но не смотря на это бокалы всегда были полны, посуда убрана вовремя.",1,['официантов'],4,"[[6.8, 6.0], [6.9, 6.2], [7.33, 6.83], [7.38, 7.12]]","['бокалы всегда были полны', 'не заметны', 'не навязчивы', 'посуда убрана вовремя']",['SERVICE#GENERAL']
rus,restaurant,2468:2_166,"Наверное, я консерватор, т.к. люблю заведения именно такого плана: хороший интерьер, негромкая музыка, спокойная атмосфера, вежливый и учтивый персонал.",1,['персонал'],2,"[[6.88, 6.12], [6.9, 6.5]]","['вежливый', 'учтивый']",['SERVICE#GENERAL']
rus,restaurant,2468:10_171,"Официантка следила за столом и вовремя меняла пепельницу и добавляла вина, т.е.",1,['официантка'],2,"[[6.75, 5.75], [6.83, 6.17]]","['вовремя', 'следила за столом']",['SERVICE#GENERAL']
rus,restaurant,2468:11_172,сервис как он должен быть - в классическом стиле.,1,['сервис'],2,"[[7.0, 5.88], [7.5, 7.17]]","['в классическом стиле', 'как он должен быть']",['SERVICE#GENERAL']
rus,restaurant,2495:6_175,"Спасибо огромное за хорошее обслуживание, приятную атмосферу и гостеприимных официантов!",1,['обслуживание'],2,"[[6.75, 6.5], [8.17, 7.83]]","['Спасибо огромное', 'хорошее']",['SERVICE#GENERAL']
rus,restaurant,2495:7_176,"Надеемся еще не раз посетить это замечательное, уютное место с великолепной кухней и доброжелательным персоналом.",1,['место'],2,"[[7.1, 6.5], [7.7, 7.3]]","['замечательное', 'уютное']",['RESTAURANT#GENERAL']
rus,restaurant,2606:2_177,"Местечко уютное, интерьер - интересный и качественно сделанный, кухня хорошая.",1,['интерьер'],2,"[[6.9, 6.4], [7.0, 6.33]]","['интересный', 'качественно']",['AMBIENCE#GENERAL']
rus,restaurant,2606:4_179,"Потом официантка как будто пропала, было не дозваться, чтобы что-то дозаказать, очень долго приходилось ждать, в итоге посчитали неправильно, в счет внесли на 2 пункта больше, чем мы заказывали.",1,['официантка'],4,"[[2.0, 7.33], [2.0, 7.75], [2.67, 7.33], [2.9, 6.7]]","['как будто пропала', 'не дозваться', 'очень долго приходилось ждать', 'посчитали неправильно']",['SERVICE#GENERAL']
rus,restaurant,2606:5_180,"И эта официантка вместо, того чтобы вежливо разобраться, поступила по-хамски, в итоге принесла новый счет, со словами, не знаю...я не помню, что вы заказывали, но будь по-вашему...короче, подпортила настроение....так что приду я в это заведение еще не скоро снова",1,['официантка'],2,"[[1.83, 8.17], [2.67, 7.17]]","['по-хамски', 'подпортила настроение']",['SERVICE#GENERAL']
rus,restaurant,2616:3_183,"Интерьер аккуратный, спокойный, комфортный.",1,['интерьер'],3,"[[6.7, 6.0], [6.8, 6.2]]","['аккуратный', 'комфортный', 'спокойный']",['AMBIENCE#GENERAL']
rus,restaurant,2616:8_187,"Сервис: быстро, по делу, без ошибок.",1,['сервис'],3,"[[6.88, 6.38], [6.88, 6.5], [7.0, 6.5]]","['без ошибок', 'быстро', 'по делу']",['SERVICE#GENERAL']
rus,restaurant,2692:1_193,"Это место, чтобы хорошо, вкусно и просто поесть.",1,['место'],3,"[[7.0, 6.0], [7.0, 6.25], [7.33, 6.67]]","['вкусно', 'просто поесть', 'хорошо']",['RESTAURANT#GENERAL']
rus,restaurant,2692:4_195,"Из года в год ресторан не становится хуже, что не может не радовать.",1,['ресторан'],2,"[[6.38, 5.62], [7.25, 7.12]]","['не может не радовать', 'не становится хуже']",['RESTAURANT#GENERAL']
rus,restaurant,2747:3_200,Все три раза сидели в зале для курящих - очень милые и удобные диванчики-купе.,1,['диванчики-купе'],2,"[[7.2, 6.6], [7.4, 6.9]]","['очень милые', 'удобные']",['AMBIENCE#GENERAL']
rus,restaurant,2747:8_204,"Из блюд, которые брала, больше всего понравился салат ""Кавказский"" - нежный с оригинальной кислинкой грейпфрута.",1,"['салат ""кавказский""']",2,"[[7.2, 6.6], [8.5, 8.12]]","['больше всего понравился', 'нежный']",['FOOD#QUALITY']
rus,restaurant,2747:10_206,Вкусно - оригинально подан овощной гарнир.,1,['овощной гарнир'],2,"[[6.88, 6.38], [7.25, 7.0]]","['Вкусно', 'оригинально']","['FOOD#QUALITY', 'FOOD#STYLE_OPTIONS']"
rus,restaurant,2747:11_207,"Форель, запеченная с овощами с соусом из петрушки - вкусное, легкое и красиво оформленное блюдо.",1,"['форель,']",2,"[[6.75, 6.0], [7.1, 6.5]]","['вкусное', 'легкое']",['FOOD#QUALITY']
rus,restaurant,2747:11_207,"Форель, запеченная с овощами с соусом из петрушки - вкусное, легкое и красиво оформленное блюдо.",1,['соусом из петрушки'],2,"[[6.75, 6.0], [7.1, 6.5]]","['вкусное', 'легкое']",['FOOD#QUALITY']
rus,restaurant,2747:11_207,"Форель, запеченная с овощами с соусом из петрушки - вкусное, легкое и красиво оформленное блюдо.",1,['блюдо'],3,"[[6.83, 6.17], [7.17, 6.83], [7.38, 7.12]]","['вкусное', 'красиво оформленное', 'легкое']","['FOOD#QUALITY', 'FOOD#STYLE_OPTIONS']"
rus,restaurant,2747:15_208,"Легкое тонкое тесто, сочное мясо - прекрасно.",1,['тесто'],3,"[[6.75, 6.25], [7.17, 7.17], [8.12, 7.88]]","['Легкое', 'прекрасно', 'тонкое']",['FOOD#QUALITY']
rus,restaurant,2747:15_208,"Легкое тонкое тесто, сочное мясо - прекрасно.",1,['мясо'],2,"[[7.1, 6.4], [8.12, 7.88]]","['прекрасно', 'сочное']",['FOOD#QUALITY']
rus,restaurant,2747:18_211,В общем мы отлично провели время и вкусно поели в этом уютном ресторане.,1,['ресторане'],3,"[[7.25, 6.5], [7.75, 7.12]]","['вкусно', 'отлично', 'уютном']","['AMBIENCE#GENERAL', 'FOOD#QUALITY', 'RESTAURANT#GENERAL']"
rus,restaurant,2965:6_215,"Обслуживание не навязчивое,я бы сказала незаметное,очень приятные официанты,сразу принесли вазу для цветов,приняли заказ,все очень вежливо,с хорошим знанием меню и доброжелательностью.",1,['обслуживание'],2,"[[6.7, 5.9], [6.75, 6.12]]","['не навязчивое', 'незаметное']",['SERVICE#GENERAL']
rus,restaurant,2965:7_216,"Кухня порадовала разнообразием,хорошим,информативным меню,по которому легко можно было выбрать блюдо на любой вкус,так как представлена японская,русская ,грузинская кухня.",1,['меню'],2,"[[6.9, 6.3], [7.0, 6.4]]","['информативным', 'хорошим']",['FOOD#STYLE_OPTIONS']
rus,restaurant,2965:10_218,"Очень приятно провели время,очень рады что выбрали этот ресторан ,довольны остались уровнем сервиса и кухней.",1,['ресторан'],2,"[[7.75, 7.12], [8.0, 7.83]]","['Очень приятно', 'очень рады']",['RESTAURANT#GENERAL']
rus,restaurant,10099:5_220,"Еда вкусная, необычная.",1,['еда'],2,"[[7.0, 6.6], [7.0, 6.75]]","['вкусная', 'необычная']",['FOOD#QUALITY']
rus,restaurant,10099:7_221,"По поводу интерьера: место спокойное, шумных компаний нет (не было, по крайней мере, в момент нашего посещения), очень приятная и уютная атмосфера, все в лучших традициях.",1,['атмосфера'],2,"[[7.1, 6.9], [8.0, 7.3]]","['очень приятная', 'уютная']",['AMBIENCE#GENERAL']
rus,restaurant,10239:3_223,"Интерьер в легком французском стиле с приятным освещением на столиках, обслуживание без навязывания лишних блюд и напитков (официантка Анна), все происходило четко и быстро.",1,['обслуживание'],3,"[[7.25, 6.5], [7.5, 7.0], [7.5, 7.17]]","['без навязывания', 'быстро', 'четко']",['SERVICE#GENERAL']
rus,restaurant,10239:3_223,"Интерьер в легком французском стиле с приятным освещением на столиках, обслуживание без навязывания лишних блюд и напитков (официантка Анна), все происходило четко и быстро.",1,['официантка'],3,"[[7.17, 6.83], [7.33, 7.0], [7.5, 6.83]]","['без навязывания', 'быстро', 'четко']",['SERVICE#GENERAL']
rus,restaurant,10239:9_228,Большое спасибо персоналу ресторана за душевный и качественный прием.,1,['прием'],2,"[[7.4, 7.0], [7.5, 7.3]]","['душевный', 'качественный']",['SERVICE#GENERAL']
rus,restaurant,10354:0_229,"Я не ходила в этот ресторан в детстве, не знаю, как всё было когда-то, но сейчас это вполне симпатичное и уютное заведение с хорошей кухней.",1,['заведение'],2,"[[6.75, 6.25], [6.83, 6.67]]","['симпатичное', 'уютное']",['RESTAURANT#GENERAL']
rus,restaurant,10354:2_230,"Администрация любезно предоставила нам новый банкетный зал, где мы закрылись, включили свою музыку, курили кальян, веселились, и нам никто не мешал.",1,['банкетный зал'],2,"[[6.67, 5.83], [7.0, 6.67]]","['никто не мешал', 'новый']",['AMBIENCE#GENERAL']
rus,restaurant,10354:4_232,"Меня же больше всего порадовало, что администрация пошла нам навстречу и сделала хорошую скидку на банкет :)",1,['администрация'],2,"[[7.25, 6.88], [8.0, 8.0]]","['больше всего порадовало', 'пошла нам навстречу']",['SERVICE#GENERAL']
rus,restaurant,10354:11_235,"Из кухни могу порекомендовать: чебуреки с сыром сулугуни и зеленью (волшебные!), сациви из баклажан, суп чанахи, конечно же, хинкали, ну и, наверное, бараньи ножки (не помню точное название блюда).",1,['чебуреки с сыром сулугуни и зеленью'],2,"[[7.5, 7.17], [8.62, 8.62]]","['волшебные', 'порекомендовать']",['FOOD#QUALITY']
rus,restaurant,10625:7_239,"Интерьер спокойный, сделано со вкусом, но без особых изысков.",1,['интерьер'],3,"[[5.33, 4.17], [6.5, 5.7], [6.7, 6.4]]","['без особых изысков', 'со вкусом', 'спокойный']",['AMBIENCE#GENERAL']
rus,restaurant,10645:2_243,"Про сервис ничего негативного не скажешь- быстро подходят, все улябаются, подходят спрашивают, всё ли нравится.",1,['сервис'],3,"[[5.83, 4.67], [6.75, 6.25], [6.88, 6.38]]","['быстро подходят', 'все улябаются', 'ничего негативного']",['SERVICE#GENERAL']
rus,restaurant,10645:4_244,"Интерьер на любителя, но мило и удобно.",1,['интерьер'],3,"[[5.25, 5.0], [6.6, 6.0], [6.7, 6.3]]","['мило', 'на любителя', 'удобно']",['AMBIENCE#GENERAL']
rus,restaurant,10645:11_247,"С другой стороны по одному шашлыку есть из каждого вида мяса, в принципе хватает, но хочется чего то необычное увидеть..",1,['шашлыку'],2,"[[5.0, 3.8], [5.0, 4.33]]","['в принципе хватает', 'хочется чего то необычное']",['FOOD#STYLE_OPTIONS']
rus,restaurant,10663:2_249,Очень вежливый и приятный мужчина из гардероба.,1,['мужчина из гардероба'],2,"[[7.1, 6.6], [7.88, 7.5]]","['Очень вежливый', 'приятный']",['SERVICE#GENERAL']
rus,restaurant,10663:4_250,"Вызвал нам администратора, наиприятнейшая девушка, все рассказала, показала, никаких вопросов не возникло ,даже заглянули краем глаза в малый зал (в это время там начинался банкет).",1,['администратора'],2,"[[6.67, 6.5], [8.17, 8.5]]","['наиприятнейшая', 'никаких вопросов не возникло']",['SERVICE#GENERAL']
rus,restaurant,10663:6_251,"Девушки официантки все здороваются и улыбаются, интерьер потрясающий.",1,['девушки официантки'],2,"[[6.75, 6.5], [7.0, 7.0]]","['здороваются', 'улыбаются']",['SERVICE#GENERAL']
rus,restaurant,10663:9_253,"Приятный комплимент в холодную погоду, пока ждали заказ попили горячего чая, потрясающе!",1,['чая'],2,"[[7.17, 6.83], [8.1, 8.3]]","['горячего', 'потрясающе']",['DRINKS#QUALITY']
rus,restaurant,10663:10_254,"Девушка официантка (в чеке было написано Луиза) вежливая, обслуживание ненавязчивое, качественное.",1,['обслуживание'],2,"[[6.5, 5.8], [6.8, 6.2]]","['качественное', 'ненавязчивое']",['SERVICE#GENERAL']
rus,restaurant,10663:12_256,"Мясо из своей коптильни потрясающее, вкуснятина!",1,['мясо'],2,"[[8.6, 8.6], [8.8, 8.4]]","['вкуснятина', 'потрясающее']",['FOOD#QUALITY']
rus,restaurant,10663:16_259,Всем советую сходить в это замечательное место!,1,['место'],2,"[[7.17, 7.0], [8.0, 8.0]]","['замечательное', 'советую сходить']",['RESTAURANT#GENERAL']
rus,restaurant,10778:3_261,"Затем-Внимательный персонал,адекватные цены,уютный и красивый интерьер, центр города.",1,['интерьер'],2,"[[7.0, 6.6], [7.0, 6.8]]","['красивый', 'уютный']",['AMBIENCE#GENERAL']
rus,restaurant,10778:6_263,"Хорошая энергетика в этом ресторане,которую создают внимательные и профессиональные люди.",1,['люди'],2,"[[7.0, 6.6], [7.2, 6.8]]","['внимательные', 'профессиональные']",['SERVICE#GENERAL']
rus,restaurant,10778:10_267,Таких хороших и уютных мест в Питере не так много.,1,['мест'],2,"[[7.0, 6.5], [7.12, 6.62]]","['уютных', 'хороших']",['RESTAURANT#GENERAL']
rus,restaurant,10798:1_269,"Могу сказать одно - нашли место, куда действительно стоит зайти каждому и приятно провести время в тихой, уютной обстановке.",1,['обстановке'],2,"[[6.6, 6.2], [6.9, 6.5]]","['тихой', 'уютной']",['AMBIENCE#GENERAL']
rus,restaurant,10798:4_272,"Европейская кухня не отстает..)все по высшему разрду. за достаточно низкие цены очень вкусно.и сервис..приятные девушки, очень быстро принесли заказ, все здорово.",1,['европейская кухня'],3,"[[6.67, 6.33], [7.75, 7.38], [8.5, 8.0]]","['все по высшему разрду', 'достаточно низкие цены', 'очень вкусно']","['FOOD#PRICES', 'FOOD#QUALITY']"
rus,restaurant,10798:4_272,"Европейская кухня не отстает..)все по высшему разрду. за достаточно низкие цены очень вкусно.и сервис..приятные девушки, очень быстро принесли заказ, все здорово.",1,['сервис'],2,"[[7.67, 7.17], [8.0, 7.67]]","['все здорово', 'очень быстро принесли']",['SERVICE#GENERAL']
rus,restaurant,10798:5_273,коктели и алкоголь видно что не разбавленные и тоже на 5+. в общем вывод один - еще и еще туда будм приходить и не раз! советую.,1,['коктели'],2,"[[7.38, 6.5], [8.25, 8.0]]","['5+', 'не разбавленные']",['DRINKS#QUALITY']
rus,restaurant,10798:5_273,коктели и алкоголь видно что не разбавленные и тоже на 5+. в общем вывод один - еще и еще туда будм приходить и не раз! советую.,1,['алкоголь'],2,"[[7.38, 6.5], [8.25, 8.0]]","['5+', 'не разбавленные']",['DRINKS#QUALITY']
rus,restaurant,10847:1_278,"Обстановка милая, уютная.",1,['обстановка'],2,"[[6.9, 6.1], [6.9, 6.3]]","['милая', 'уютная']",['AMBIENCE#GENERAL']
rus,restaurant,10847:3_280,"Сразу видно, что к интерьеру подходили как можно тщательнее, это радует.",1,['интерьеру'],2,"[[7.0, 7.33], [7.17, 7.33]]","['как можно тщательнее', 'радует']",['AMBIENCE#GENERAL']
rus,restaurant,10847:5_282,"В кафе чувствуется от персонала, что люди хотят работать и это им нравится, а это самое главное!)",1,['персонала'],2,"[[6.67, 6.33], [7.17, 7.33]]","['нравится', 'хотят работать']",['SERVICE#GENERAL']
rus,restaurant,10847:9_284,"Десерт был очень вкусный, нам понравилось)",1,['десерт'],2,"[[7.4, 7.1], [8.2, 7.8]]","['очень вкусный', 'понравилось']",['FOOD#QUALITY']
rus,restaurant,10847:10_285,"Суши панированные в рыбных сухарях или как-то так вызвали очень много восхищения, т.к. это было действительно вкусно.",1,['суши панированные в рыбных сухарях'],2,"[[8.1, 7.7], [8.5, 8.0]]","['действительно вкусно', 'очень много восхищения']",['FOOD#QUALITY']
rus,restaurant,10942:3_290,"Прекрасный интерьер, хорошее обслуживание, быстро, ненавязчиво.",1,['обслуживание'],3,"[[6.7, 6.3], [6.8, 6.5], [6.9, 6.6]]","['быстро', 'ненавязчиво', 'хорошее']",['SERVICE#GENERAL']
rus,restaurant,10942:7_292,"Большие порции, все очень вкусно.",1,['порции'],2,"[[6.67, 6.0], [8.0, 8.0]]","['Большие', 'очень вкусно']",['FOOD#QUALITY']
rus,restaurant,10942:9_294,"Так же большой выбор коктейлей, некоторые очень неплохие.",1,['коктейлей'],2,"[[7.0, 7.33], [7.12, 6.5]]","['большой выбор', 'очень неплохие']","['DRINKS#QUALITY', 'DRINKS#STYLE_OPTIONS']"
rus,restaurant,10985:7_299,"Ну ладно - с китайской кухней знакомы - заказали говядину, свинину, рис, пару закусок, порции оказались большими, еда - вкусной, принесли все горячее.",1,['еда'],2,"[[6.83, 6.33], [7.1, 6.7]]","['вкусной', 'принесли все горячее']",['FOOD#QUALITY']
rus,restaurant,10985:9_301,"По поводу сервиса - официантка не здоровалась, не успели сесть - пришла за заказом,правда блюда вынесли быстро, но счет пришлось ждать....при том, что кроме нас было занято всего 2 столика еще.",1,['официантка'],2,"[[3.4, 6.4], [3.6, 6.4]]","['не здоровалась', 'счет пришлось ждать']",['SERVICE#GENERAL']
rus,restaurant,11027:2_302,"Заходим в ресторан, где нас встречает доброжелательная, красивая девушка.",1,['девушка'],2,"[[6.9, 6.7], [7.0, 7.0]]","['доброжелательная', 'красивая']",['SERVICE#GENERAL']
rus,restaurant,11027:6_305,Весьма необычное и интересное дизайнерское решение.,1,['дизайнерское решение'],2,"[[7.2, 6.6], [7.33, 6.5]]","['интересное', 'необычное']",['AMBIENCE#GENERAL']
rus,restaurant,11027:7_306,Все детали продуманы до мелочей и вместе создают замечательную атмосферу тепла и комфорта.,1,['атмосферу'],3,"[[6.88, 6.88], [7.12, 7.12], [7.6, 7.3]]","['замечательную', 'комфорта', 'тепла']",['AMBIENCE#GENERAL']
rus,restaurant,11027:11_308,"Официанты Меню знают, работают слажено, внимательны к гостям.",1,['официанты'],3,"[[6.62, 6.12], [7.12, 7.0], [7.33, 7.0]]","['Меню знают', 'внимательны', 'слажено']",['SERVICE#GENERAL']
rus,restaurant,11027:12_309,"Улыбаются, что всегда приятно. одним словом обслуживание 10баллов придраться не к чему не смотря на большое количество гостей .",1,['обслуживание'],2,"[[7.83, 7.33], [8.38, 8.0]]","['10баллов', 'придраться не к чему']",['SERVICE#GENERAL']
rus,restaurant,11027:18_313,Спасибо огромное за чудесный ресторан.,1,['ресторан'],2,"[[8.0, 8.17], [8.2, 7.9]]","['Спасибо огромное', 'чудесный']",['RESTAURANT#GENERAL']
rus,restaurant,11102:1_318,"Интересное меню, особенно порадовало соотношение цена-качество.",1,['меню'],2,"[[7.0, 6.5], [7.33, 7.0]]","['Интересное', 'особенно порадовало соотношение цена-качество']","['FOOD#PRICES', 'FOOD#STYLE_OPTIONS']"
rus,restaurant,11102:2_319,"Понравился суп в хлебе, нигде такого не пробовала, очень необычно и вкусно.",1,['суп в хлебе'],3,"[[7.12, 6.62], [7.3, 7.0], [7.83, 7.17]]","['Понравился', 'вкусно', 'очень необычно']",['FOOD#QUALITY']
rus,restaurant,11116:6_326,"Цены, конечно, не маленькие, соответствуют названию ""РЕСТОРАН"".",1,['ресторан'],2,"[[4.5, 4.33], [5.17, 4.0]]","['не маленькие', 'соответствуют названию']",['RESTAURANT#PRICES']
rus,restaurant,11116:11_330,"Порадовал только молодой человек, все время улыбался и хотя не он обслуживал наш столик, но не считал за труд и убирал посуду проходя мимо нас.",1,['молодой человек'],3,"[[6.88, 6.62], [7.0, 6.33], [7.33, 7.17]]","['Порадовал', 'убирал посуду', 'улыбался']",['SERVICE#GENERAL']
rus,restaurant,11155:4_333,"К сервису действительно никаких нареканий все было прекрасно(конечно долго ждали, но достойную еду можно и подождать),интерьер такого рода мне нравится, но еда была ужасна(может быть нам не повезло).",1,['сервису'],2,"[[7.67, 7.33], [8.0, 7.83]]","['никаких нареканий', 'прекрасно']",['SERVICE#GENERAL']
rus,restaurant,11355:3_349,"Про кухню плохого сказать не могу, но самая обычная!",1,['кухню'],2,"[[5.0, 3.83], [5.2, 4.0]]","['плохого сказать не могу', 'самая обычная']",['FOOD#QUALITY']
rus,restaurant,11388:2_351,"Интерьер милый, всего в меру!",1,['интерьер'],2,"[[6.33, 6.17], [6.7, 6.1]]","['всего в меру', 'милый']",['AMBIENCE#GENERAL']
rus,restaurant,11388:7_354,"По обслуживанию претензий нет, хорошо встретили, проводили за столик (забронировали заранее в VIP зоне, стоимость 400 руб.).",1,['обслуживанию'],2,"[[6.4, 6.2], [7.33, 6.83]]","['претензий нет', 'хорошо встретили']",['SERVICE#GENERAL']
rus,restaurant,11388:8_355,"Официанты не заставляли себя долго ждать, очень все вежливо и обходительно!",1,['официанты'],3,"[[6.67, 6.33], [7.25, 7.0], [7.38, 7.75]]","['не заставляли себя долго ждать', 'обходительно', 'очень все вежливо']",['SERVICE#GENERAL']
rus,restaurant,11421:2_358,"Отличное обслуживание, все приносили-уносили быстро и вежливо.",1,['обслуживание'],3,"[[7.38, 7.12], [8.0, 7.62]]","['Отличное', 'быстро', 'вежливо']",['SERVICE#GENERAL']
rus,restaurant,11421:4_360,"Все было очень вкусно, к кухне нет никаких нареканий.",1,['кухне'],2,"[[7.25, 7.12], [8.0, 7.6]]","['нет никаких нареканий', 'очень вкусно']",['FOOD#QUALITY']
rus,restaurant,11532:13_370,"Когда принесли счет, были очень приятно удивлены: оказывается, по выходным счет на 50% дешевле с 13 до 17 вечера, а мы уж было подумали, что официанты ошиблись в нашу пользу))",1,['счет'],2,"[[7.25, 7.38], [8.17, 8.17]]","['на 50% дешевле', 'очень приятно удивлены']",['RESTAURANT#PRICES']
rus,restaurant,11532:14_371,"Хлебная корзинка понравилась, и, кстати, она бесплатная.",1,['хлебная корзинка'],2,"[[6.9, 6.8], [7.3, 7.3]]","['бесплатная', 'понравилась']","['FOOD#PRICES', 'FOOD#QUALITY']"
rus,restaurant,11770:17_383,"Но когда убедился, что стейк сделан также здорово, остался доволен.",1,['стейк'],2,"[[7.33, 7.33], [8.33, 8.0]]","['доволен', 'здорово']",['FOOD#QUALITY']
rus,restaurant,11770:19_385,"Официанты вежливы и предупредительны, обстановкая красивая.",1,['официанты'],2,"[[6.9, 6.8], [7.0, 6.9]]","['вежливы', 'предупредительны']",['SERVICE#GENERAL']
rus,restaurant,11793:8_393,Если Вы идете туда в первый раз - обязательно попробуйте мороженое в кляре - лучшее в городе.,1,['мороженое в кляре'],2,"[[7.83, 7.67], [9.0, 8.33]]","['лучшее', 'обязательно попробуйте']",['FOOD#QUALITY']
rus,restaurant,11825:7_399,"Прекрасная, ароматная, дымящаяся - эта паста пока лучшая из тех, что я пробовала!!!",1,['паста'],4,"[[7.4, 7.6], [7.5, 7.88], [8.1, 8.3], [9.0, 9.0]]","['Прекрасная', 'ароматная', 'дымящаяся', 'лучшая']",['FOOD#QUALITY']
rus,restaurant,11825:10_401,"Атмосфера порадовала - тёплое, уютное и спокойное место.",1,['место'],3,"[[6.7, 6.6], [7.0, 6.9], [7.0, 7.0]]","['спокойное', 'тёплое', 'уютное']",['RESTAURANT#GENERAL']
rus,restaurant,12118:4_406,"Интерьер ресторана, мне лично, очень импонирует, мои гости тоже остались довольны.",1,['интерьер'],2,"[[7.17, 7.33], [7.8, 7.8]]","['довольны', 'очень импонирует']",['AMBIENCE#GENERAL']
rus,restaurant,12118:5_407,"Что касается кухни - не плохо, но я ожидала большего..",1,['кухни'],2,"[[4.75, 4.12], [5.0, 3.6]]","['не плохо', 'ожидала большего']",['FOOD#QUALITY']
rus,restaurant,12118:6_408,"На горячее многие заказали шашлык из свинины и телятину с шалфеем, но увы, и то и другое было суховато и прямо скажем не вкусно(((",1,['шашлык из свинины'],2,"[[2.4, 7.1], [3.3, 6.1]]","['не вкусно', 'суховато']",['FOOD#QUALITY']
rus,restaurant,12118:6_408,"На горячее многие заказали шашлык из свинины и телятину с шалфеем, но увы, и то и другое было суховато и прямо скажем не вкусно(((",1,['телятину с шалфеем'],2,"[[2.4, 7.1], [3.3, 6.1]]","['не вкусно', 'суховато']",['FOOD#QUALITY']
rus,restaurant,12118:17_414,"Обслуживали хорошо, девочки очень милые.",1,['девочки'],2,"[[7.0, 7.0], [7.62, 7.62]]","['очень милые', 'хорошо']",['SERVICE#GENERAL']
rus,restaurant,12131:1_416,"Интерьер, интерьер, и еще раз интерьер!!! общее цветовое решение и каждая деталь - просто восхитительны!!! особенно на контрасте с популярным сейчас минимализмом, Дача - самое домашне-уютное и при этом очень красивое место.",1,['дача'],2,"[[8.7, 8.6], [8.8, 8.7]]","['очень красивое', 'самое домашне-уютное']",['RESTAURANT#GENERAL']
rus,restaurant,12203:7_427,"В итоге в данном заведении мы провели около 2х часов времени, прекрасно поужинали и пообщались, обтановка уютная и романтичная!",1,['обтановка'],2,"[[7.0, 6.9], [7.1, 7.2]]","['романтичная', 'уютная']",['AMBIENCE#GENERAL']
rus,restaurant,12270:1_430,"Так сказать все в одном)и бар и ресторан и дискотека и караоке, празднование торжеств, просмотр футбольных матчей..все что только можно придумать-это Лунная Ночь)",1,['лунная ночь'],2,"[[7.0, 6.83], [7.0, 7.33]]","['все в одном', 'все что только можно придумать']",['RESTAURANT#GENERAL']
rus,restaurant,12270:4_433,"После, подошла милая девушка, поздоровалась,улыбнулась и извинилась за ожидание)",1,['девушка'],3,"[[6.67, 6.67], [7.0, 6.6], [7.0, 7.0]]","['извинилась за ожидание', 'милая', 'улыбнулась']",['SERVICE#GENERAL']
rus,restaurant,12270:7_434,Выбрала зал для дискотек-музыка негромкая-если что могут сделать потише..очень понравились удобные диванчики и сервировка стола..,1,['диванчики'],2,"[[6.83, 6.67], [7.8, 7.4]]","['очень понравились', 'удобные']",['AMBIENCE#GENERAL']
rus,restaurant,12270:14_436,"Недорого, демократичные цены(250шашлык + 150 вино) за такое качество порадовали..приду сюда еще разок..и даже не один)",1,['шашлык'],2,"[[7.12, 7.0], [7.25, 7.12]]","['Недорого', 'демократичные цены']",['FOOD#PRICES']
rus,restaurant,12270:14_436,"Недорого, демократичные цены(250шашлык + 150 вино) за такое качество порадовали..приду сюда еще разок..и даже не один)",1,['вино'],2,"[[7.12, 7.0], [7.25, 7.12]]","['Недорого', 'демократичные цены']",['DRINKS#PRICES']
rus,restaurant,12341:1_437,"Интерьер необычный, привлекает.",1,['интерьер'],2,"[[6.7, 6.8], [6.88, 6.62]]","['необычный', 'привлекает']",['AMBIENCE#GENERAL']
rus,restaurant,12341:8_443,"В общем - я не в восторге от этого заведения, туда больше не пойду.",1,['заведения'],2,"[[2.5, 7.0], [3.0, 6.5]]","['не в восторге', 'не пойду']",['RESTAURANT#GENERAL']
rus,restaurant,12366:2_445,"Сам ресторан не очень большой,интерьер довольно приятный,как то там все уютно!",1,['интерьер'],2,"[[6.67, 6.0], [7.17, 7.5]]","['довольно приятный', 'уютно']",['AMBIENCE#GENERAL']
rus,restaurant,12467:4_448,"Официантки все в красивых формах, очень приветливые.",1,['официантки'],2,"[[6.8, 6.4], [7.6, 7.2]]","['все в красивых формах', 'очень приветливые']",['SERVICE#GENERAL']
rus,restaurant,12467:18_457,"Понравилось все-обстановка, сервис и кухня на высоте!",1,['обстановка'],2,"[[7.5, 7.5], [7.83, 7.67]]","['Понравилось', 'на высоте']",['AMBIENCE#GENERAL']
rus,restaurant,12467:18_457,"Понравилось все-обстановка, сервис и кухня на высоте!",1,['сервис'],2,"[[7.5, 7.5], [7.88, 7.75]]","['Понравилось', 'на высоте']",['SERVICE#GENERAL']
rus,restaurant,12678:0_466,"Замечательное заведение, мы с мужем просто в восторге!",1,['заведение'],2,"[[8.2, 8.0], [8.83, 8.83]]","['Замечательное', 'в восторге']",['RESTAURANT#GENERAL']
rus,restaurant,12814:1_470,"Кухня была нормальная, я бы даже сказал, что вкусно было все приготовлено.",1,['кухня'],2,"[[5.75, 4.75], [6.75, 6.25]]","['вкусно', 'нормальная']",['FOOD#QUALITY']
rus,restaurant,12863:4_477,"Муж быстро скис, а я заказала еще порцию роллов, но, увы, уже не таких вкусных...не помню замысловатого названия, но были с зеленым луком и черным перцем..невкусные, сухие...а так вполне отлично.",1,['роллов'],3,"[[2.6, 7.1], [3.75, 6.25]]","['не таких вкусных', 'невкусные', 'сухие']",['FOOD#QUALITY']
rus,restaurant,12880:5_481,"Вот и все хорошее заканчивается, так как сервис в этом заведение на нуле, блюда одновременно не приносили, в итоге я ела,когда все остальные свои блюда уже съели,тарелки грязные со стола не убирали,но самое главное,когда принесли сдачу- чека не было,сразу все хорошие впечатления об этом ресторане испарились,естественно никто к нам больше не подошел,а когда мы уходили никто с нами не попрощался.",1,['сервис'],4,"[[1.4, 8.6], [2.0, 8.0], [2.33, 7.67], [2.67, 7.33]]","['блюда одновременно не приносили', 'на нуле', 'тарелки грязные со стола не убирали', 'чека не было']",['SERVICE#GENERAL']
rus,restaurant,12943:2_483,"И место на диванчиках нашлось, и официантка очень приветливая, но ненавязчивая, интерьер приятный, живая музыка тоже расслабляет, вполне и под нее можно вести беседу.",1,['официантка'],2,"[[6.88, 6.75], [7.62, 7.12]]","['ненавязчивая', 'очень приветливая']",['SERVICE#GENERAL']
rus,restaurant,13100:2_486,При входе улыбчивая девушка хостесс встретила и проводила к столику-приятно.,1,['девушка хостесс'],2,"[[6.9, 7.0], [7.5, 7.17]]","['приятно', 'улыбчивая']",['SERVICE#GENERAL']
rus,restaurant,13100:5_487,"Выбрали сациви(холодное пробовал впервые-изумительно,очень тонкий вкус),хачапури по-мегрельски(круче чем сырная пицца)))),блюда на мангале,ну и ребята взяли всякие закуски и салаты,просто не помню какие именно.",1,['сациви'],2,"[[8.6, 8.3], [8.75, 8.62]]","['изумительно', 'очень тонкий вкус']",['FOOD#QUALITY']
rus,restaurant,13100:11_492,"Интерьер домашний и очень уютный,туалет вообще отличный,а играющие там сказки расслабляют))))",1,['интерьер'],2,"[[7.0, 6.9], [8.0, 7.8]]","['домашний', 'очень уютный']",['AMBIENCE#GENERAL']
rus,restaurant,13186:5_497,"Приятная атмосфера, но не более того и на 2ом этаже очень душно!",1,['атмосфера'],2,"[[4.83, 3.5], [5.67, 4.67]]","['Приятная', 'не более того']",['AMBIENCE#GENERAL']
rus,restaurant,13225:3_500,"Очень вкусное пиво и большой его выбор, кухня тоже отличная, все заказанные блюда, были очень вкусны, а основное, почему я выбрала этот паб, потому что в тот день играла живая музыка, и мы были приятно удивлены, отличный получился концертик!",1,['пиво'],2,"[[7.33, 7.33], [8.3, 8.1]]","['Очень вкусное', 'большой его выбор']","['DRINKS#QUALITY', 'DRINKS#STYLE_OPTIONS']"
rus,restaurant,13252:9_509,"Очень вкусный чай по восточному с инжирным вареньем, он правда, достаточно дорогой.",1,['чай по восточному с инжирным вареньем'],2,"[[3.5, 6.25], [8.1, 7.9]]","['Очень вкусный', 'достаточно дорогой']","['DRINKS#PRICES', 'DRINKS#QUALITY']"
rus,restaurant,13252:11_511,"Вежливые, доброжелательные официанты, всегда готовые, что-то подсказать и посоветовать.",1,['официанты'],3,"[[7.1, 6.9], [7.2, 7.0], [7.67, 7.0]]","['Вежливые', 'всегда готовые, что-то подсказать и посоветовать', 'доброжелательные']",['SERVICE#GENERAL']
rus,restaurant,13623:2_513,"Были с мужем в понедельник около восьми вечера, встретила девушка, проводила до столика и принесла меню.",1,['девушка'],2,"[[6.33, 5.67], [6.4, 5.8]]","['встретила', 'проводила до столика']",['SERVICE#GENERAL']
rus,restaurant,13623:3_514,"Буквально через 5 минут подошел официант, сделали заказ, он принес специи и разложил приборы, напитки быстро появились на столе.",1,['официант'],2,"[[6.33, 5.67], [7.33, 7.33]]","['Буквально через 5 минут подошел', 'быстро']",['SERVICE#GENERAL']
rus,restaurant,13623:5_516,"Так вот салаты принесли через 20 минут, я заказывала с тунцом, очень понравился, муж цезарь с креветками- без особо восторга, но и без нареканий.",1,['цезарь с креветками'],2,"[[5.0, 3.75], [5.0, 3.83]]","['без нареканий', 'без особо восторга']",['FOOD#QUALITY']
rus,restaurant,13623:6_517,"Горячее, мое – стейк с соусом из белых грибов хорошей прожарки, очень понравился, муж заказал стейк из мраморной говядины с чем то там, оказался суховат, но приправив соусом вполне сносно.",1,['стейк из мраморной говядины'],2,"[[4.5, 4.33], [4.9, 3.6]]","['вполне', 'суховат']",['FOOD#QUALITY']
rus,restaurant,13823:4_529,"Бизнес ланч, на удивление, оказался очень вкусным и сытным- вполне соответствует своей цене.",1,['бизнес ланч'],2,"[[7.5, 7.25], [7.9, 7.5]]","['очень вкусным', 'сытным']",['FOOD#QUALITY']
rus,restaurant,13823:5_530,"В общем очень хорошее место, разнообразное вкусное меню, приемлемые цены и высокое качество обслуживания! нам очень все понравилось. спасибо этому заведению!",1,['место'],2,"[[6.5, 6.67], [7.88, 7.88]]","['очень хорошее', 'приемлемые цены']","['RESTAURANT#GENERAL', 'RESTAURANT#PRICES']"
rus,restaurant,13823:5_530,"В общем очень хорошее место, разнообразное вкусное меню, приемлемые цены и высокое качество обслуживания! нам очень все понравилось. спасибо этому заведению!",1,['меню'],2,"[[7.12, 7.5], [7.5, 7.75]]","['вкусное', 'разнообразное']","['FOOD#QUALITY', 'FOOD#STYLE_OPTIONS']"
rus,restaurant,13823:5_530,"В общем очень хорошее место, разнообразное вкусное меню, приемлемые цены и высокое качество обслуживания! нам очень все понравилось. спасибо этому заведению!",1,['заведению'],2,"[[7.4, 7.2], [7.83, 7.83]]","['все понравилось', 'спасибо']",['RESTAURANT#GENERAL']
rus,restaurant,13835:3_533,"Интерьер приятный, светлый и чувствуешь себя в нем комфортно.",1,['интерьер'],3,"[[6.75, 6.62], [6.9, 6.7], [7.25, 7.12]]","['комфортно', 'приятный', 'светлый']",['AMBIENCE#GENERAL']
rus,restaurant,13835:8_538,Официантки вежливы и предупредительны.,1,['официантки'],2,"[[7.1, 6.9], [7.4, 7.2]]","['вежливы', 'предупредительны']",['SERVICE#GENERAL']
rus,restaurant,13835:9_539,"Администратор Светлана помогла нам при составлении банкетного меню и позаботилась об украшнии зала, отняслась к нам с большим вниманием.",1,['администратор'],2,"[[7.12, 7.12], [7.8, 7.6]]","['помогла', 'с большим вниманием']",['SERVICE#GENERAL']
rus,restaurant,13912:9_544,Выбор здесь гораздо лучше и богаче.,1,['выбор'],2,"[[7.8, 7.3], [8.0, 7.5]]","['богаче', 'гораздо лучше']",['DRINKS#STYLE_OPTIONS']
rus,restaurant,13912:13_547,"Понравилось обслуживание, быстро и качественно, своевременно убиралась освободившаяся посуда, и другие мелочи, было приятно.",1,['обслуживание'],5,"[[7.0, 6.7], [7.0, 7.0], [7.1, 6.9], [7.12, 7.0], [7.25, 7.0]]","['Понравилось', 'быстро', 'качественно', 'приятно', 'своевременно убиралась']",['SERVICE#GENERAL']
rus,restaurant,14031:3_550,"Хороший интерьер, приятный, воспитанный администратор Светлана.",1,['администратор'],2,"[[7.0, 7.0], [7.1, 6.9]]","['воспитанный', 'приятный']",['SERVICE#GENERAL']
rus,restaurant,14031:5_551,"При обслуживании банкета официанты внимательно смотрели за столом. чтобы не было пустых тарелок, при этом очень не навязчиво.",1,['официанты'],2,"[[7.3, 7.0], [7.88, 7.62]]","['внимательно смотрели за столом', 'очень не навязчиво']",['SERVICE#GENERAL']
rus,restaurant,14031:9_554,"Всем огромное спасибо, еще не один раз посетим это приятное заведение и будем рекомендовать своим друзьям.",1,['заведение'],3,"[[7.4, 7.0], [7.67, 7.67], [8.38, 8.38]]","['огромное спасибо', 'приятное', 'рекомендовать']",['RESTAURANT#GENERAL']
rus,restaurant,14177:7_561,"Пива нет, но кажется, что так и должно быть в таком формате.",1,['пива'],2,"[[5.0, 3.0], [5.0, 3.67]]","['нет', 'но кажется, что так и должно быть']",['DRINKS#STYLE_OPTIONS']
rus,restaurant,14177:13_562,"Еда не разочаровала, но и особенных восторгов не вызвала.",1,['еда'],2,"[[5.0, 3.5], [5.17, 4.0]]","['не разочаровала', 'особенных восторгов не вызвала']",['FOOD#QUALITY']
rus,restaurant,14539:3_569,"Очень вкусный, большой шашлык на шампуре с оригинальной подставкой.",1,['шашлык'],2,"[[7.0, 6.67], [7.9, 7.5]]","['Очень вкусный', 'большой']",['FOOD#QUALITY']
rus,restaurant,14568:0_577,"Зашли в кафе с подругой по рекомендации родителей, они были недавно им очень понравилось!",1,['кафе'],2,"[[7.0, 6.75], [8.1, 7.9]]","['очень понравилось', 'по рекомендации']",['RESTAURANT#GENERAL']
rus,restaurant,14568:8_583,"Общий вывод: уютное местечко в центре, с разумными ценами и весьма комфортной обстановкой)",1,['местечко'],2,"[[6.67, 6.33], [7.1, 6.9]]","['с разумными ценами', 'уютное']","['RESTAURANT#GENERAL', 'RESTAURANT#PRICES']"
rus,restaurant,14865:0_584,Очень душевную и теплую атмосферу смогли создать для нас в ресторане Проспект.,1,['атмосферу'],2,"[[7.4, 7.1], [8.25, 8.0]]","['Очень душевную', 'теплую']",['AMBIENCE#GENERAL']
rus,restaurant,14865:2_585,"В петербургском стиле выдержан интерьер ресторана, кухня прекрасна, все очень вкусно, великолепное оформление стола и отдельных блюд.",1,['кухня'],2,"[[8.17, 8.17], [8.3, 8.1]]","['очень вкусно', 'прекрасна']",['FOOD#QUALITY']
rus,restaurant,15159:1_588,Тогда понравилась вкусная еда и большие порции + гуманные цены.,1,['еда'],3,"[[7.0, 7.33], [7.17, 7.17], [7.4, 7.2]]","['вкусная', 'гуманные', 'понравилась']","['FOOD#PRICES', 'FOOD#QUALITY']"
rus,restaurant,15159:3_589,"Зал симпатичный, обслуживание не выдающееся, но и не навязчивое.",1,['обслуживание'],2,"[[4.75, 3.75], [5.25, 3.75]]","['не выдающееся', 'не навязчивое']",['SERVICE#GENERAL']
rus,restaurant,15159:6_590,"Как и раньше - еда вкусная, цены достойные.",1,['еда'],2,"[[6.83, 6.33], [7.2, 7.0]]","['вкусная', 'цены достойные']","['FOOD#PRICES', 'FOOD#QUALITY']"
rus,restaurant,15159:7_591,Меню большое - можно долго выбирать.,1,['меню'],2,"[[7.2, 7.0], [7.33, 6.67]]","['большое', 'можно долго выбирать']",['FOOD#STYLE_OPTIONS']
rus,restaurant,15335:0_593,"Отдыхали с друзями, гуляли, отмечали День рождение друга, решили зайти в ресторан Трес Амигос нас очень порадовала сразу обстановка и интерьер, очень уютно и веет домашней обстановкой!",1,['обстановка'],2,"[[7.67, 7.67], [8.12, 7.88]]","['очень порадовала', 'очень уютно']",['AMBIENCE#GENERAL']
rus,restaurant,15335:0_593,"Отдыхали с друзями, гуляли, отмечали День рождение друга, решили зайти в ресторан Трес Амигос нас очень порадовала сразу обстановка и интерьер, очень уютно и веет домашней обстановкой!",1,['интерьер'],2,"[[7.88, 7.62], [8.17, 8.17]]","['очень порадовала', 'очень уютно']",['AMBIENCE#GENERAL']
rus,restaurant,15335:1_594,"Так как мы все не курим, то нас проводили доброжелательные и улыбающиеся официанты в не курящий зал, зал оказался просторным и светлым, достаточно уютным!",1,['официанты'],2,"[[7.0, 6.9], [7.1, 7.0]]","['доброжелательные', 'улыбающиеся']",['SERVICE#GENERAL']
rus,restaurant,15335:1_594,"Так как мы все не курим, то нас проводили доброжелательные и улыбающиеся официанты в не курящий зал, зал оказался просторным и светлым, достаточно уютным!",1,['зал'],3,"[[6.67, 6.33], [7.0, 6.9], [7.1, 7.0]]","['достаточно уютным', 'просторным', 'светлым']",['AMBIENCE#GENERAL']
rus,restaurant,15335:2_595,"Хотелось бы отметить работу персонала: все очень доброжелательные и улыбающиеся ребята, Оля наш официант проводив нас за столик, сразу предложила нам напитки, предложила свою помощь с выбором блюд, все подробно рассказала, что нам и не пришлось долго мучаться читая меню!",1,['персонала'],2,"[[7.17, 7.33], [8.0, 8.0]]","['очень доброжелательные', 'улыбающиеся']",['SERVICE#GENERAL']
rus,restaurant,15335:2_595,"Хотелось бы отметить работу персонала: все очень доброжелательные и улыбающиеся ребята, Оля наш официант проводив нас за столик, сразу предложила нам напитки, предложила свою помощь с выбором блюд, все подробно рассказала, что нам и не пришлось долго мучаться читая меню!",1,['официант'],2,"[[7.33, 7.0], [7.5, 7.25]]","['все подробно рассказала', 'предложила свою помощь']",['SERVICE#GENERAL']
rus,restaurant,15335:6_597,"В этом ресторане понравилось все и зажигательные танцы(которые были вечером) и обслуживание, и еда, и очень вкусные коктели!!",1,['танцы'],2,"[[7.12, 7.0], [8.38, 8.38]]","['зажигательные', 'понравилось']",['AMBIENCE#GENERAL']
rus,restaurant,15335:6_597,"В этом ресторане понравилось все и зажигательные танцы(которые были вечером) и обслуживание, и еда, и очень вкусные коктели!!",1,['коктели'],2,"[[7.0, 6.75], [8.12, 8.12]]","['очень вкусные', 'понравилось']",['DRINKS#QUALITY']
rus,restaurant,15363:1_600,"Заведение светлое, стильное.",1,['заведение'],2,"[[6.9, 6.6], [7.6, 7.2]]","['светлое', 'стильное']",['AMBIENCE#GENERAL']
rus,restaurant,15363:4_602,К обслуживанию нареканий никаких: обслужили быстро и с улыбкой!,1,['обслуживанию'],3,"[[7.38, 7.62], [7.5, 7.25], [7.5, 7.83]]","['быстро', 'нареканий никаких', 'с улыбкой']",['SERVICE#GENERAL']
rus,restaurant,15363:6_603,Пожалела я о заказе моего любимого борща! здесь он не вкусный: бульон с капустой... с большим количеством капусты! попробовала добавить побольше сметаны ))) но не помогло... к сожалению.,1,['борща'],2,"[[2.17, 7.83], [2.3, 7.7]]","['Пожалела', 'не вкусный']",['FOOD#QUALITY']
rus,restaurant,15363:8_605,А от десерта я просто в восторге!!! смела его за несколько минут ))) и это после борща с пастой!!!,1,['десерта'],2,"[[8.7, 8.6], [8.83, 8.67]]","['просто в восторге', 'смела его за несколько минут']",['FOOD#QUALITY']
rus,restaurant,15423:1_609,"В понедельник пришли впервые, и были приятно удивлены: песни БЕСПЛАТНО!))",1,['песни'],2,"[[7.33, 7.33], [8.33, 9.0]]","['БЕСПЛАТНО', 'приятно удивлены']",['RESTAURANT#MISCELLANEOUS']
rus,restaurant,15423:5_611,"Отдельное спасибо за обслуживание милой Татьяне, очень часто на неё попадаем, и всегда получаем приветливое и качественное обслуживание, всегда посоветует и ответит на шутку, видно что девушка с чувством юмора).",1,['обслуживание'],3,"[[7.5, 7.25], [7.75, 7.75], [7.8, 7.4]]","['Отдельное спасибо', 'качественное', 'приветливое']",['SERVICE#GENERAL']
rus,restaurant,15423:5_611,"Отдельное спасибо за обслуживание милой Татьяне, очень часто на неё попадаем, и всегда получаем приветливое и качественное обслуживание, всегда посоветует и ответит на шутку, видно что девушка с чувством юмора).",1,['девушка'],2,"[[7.67, 7.67], [7.67, 7.83]]","['всегда посоветует', 'с чувством юмора']",['SERVICE#GENERAL']
rus,restaurant,15655:2_620,"Интерьер отличный, все из дерева и очень красиво!",1,['интерьер'],2,"[[7.8, 7.6], [8.1, 7.7]]","['отличный', 'очень красиво']",['AMBIENCE#GENERAL']
rus,restaurant,15655:3_621,Официанты внимательны и ненавязчивы!,1,['официанты'],2,"[[7.0, 7.0], [7.2, 7.2]]","['внимательны', 'ненавязчивы']",['SERVICE#GENERAL']
rus,restaurant,15655:9_626,"В общем были приятно удивлены таким замечательным местом, обязательно придем еще, и не один раз!",1,['местом'],3,"[[7.67, 7.5], [8.0, 8.0], [8.33, 8.33]]","['замечательным', 'обязательно придем еще', 'приятно удивлены']",['RESTAURANT#GENERAL']
rus,restaurant,16151:13_636,"Очень нравится цезарь с лососем.(очень свежий, хрустящий и главное с очень мало соленой рыбой)",1,['цезарь с лососем'],3,"[[7.88, 7.5], [8.0, 7.7], [8.08, 7.83]]","['Очень нравится', 'очень свежий', 'хрустящий']",['FOOD#QUALITY']
rus,restaurant,16274:4_642,"Заказала я салат,большую порцию,как ни странно его принесли в большом количестве,из горячего заказала стейк из телятины,мясо было мягким и сочным,и конечно же мое самое любимое это десерт,заказала тирамису,и правильно сделала,очень вкусный десерт.",1,['стейк из телятины'],2,"[[7.25, 7.25], [7.38, 7.38]]","['мягким', 'сочным']",['FOOD#QUALITY']
rus,restaurant,16274:4_642,"Заказала я салат,большую порцию,как ни странно его принесли в большом количестве,из горячего заказала стейк из телятины,мясо было мягким и сочным,и конечно же мое самое любимое это десерт,заказала тирамису,и правильно сделала,очень вкусный десерт.",1,['мясо'],2,"[[7.38, 7.38], [7.4, 7.2]]","['мягким', 'сочным']",['FOOD#QUALITY']
rus,restaurant,16274:6_643,"Обслуживание мне понравилось ,достаточно быстро все принесли,на столе использованные тарелки не задерживались ,официанты всех оперативно обслуживали ,я специально следила за ними ))),просто хотелось сравнить отзывы с реальностью ,оказалось отзывы были ошибочными ,хотя может мне просто повезло,и все же я туду еще пойду.",1,['обслуживание'],2,"[[7.33, 6.83], [7.38, 7.25]]","['достаточно быстро все принесли', 'понравилось']",['SERVICE#GENERAL']
rus,restaurant,16274:7_644,"А на счет интерьера то мне понравился,спокойный непринужденный,все чистенько и аккуратно,без пафоса.",1,['интерьера'],6,"[[6.7, 6.2], [6.8, 6.4], [6.88, 6.5], [7.0, 6.5], [7.0, 6.8], [7.0, 7.0]]","['аккуратно', 'без пафоса', 'непринужденный', 'понравился', 'спокойный', 'чистенько']",['AMBIENCE#GENERAL']
rus,restaurant,16378:2_652,"Интерьер - В целом достаточно тематично, исключая уже упомянутую кем-то колонку в зале и может быть недостаток света в главном зале, мне, как и многим, кто здесь писал больше нравится светлый зал, он намного уютнее, единственное - стоит обратить внимание на чистоту скатертей, не всегда идеально.",1,['светлый зал'],2,"[[7.17, 7.0], [7.3, 7.2]]","['больше нравится', 'намного уютнее']",['AMBIENCE#GENERAL']
rus,restaurant,16378:3_653,"Обслуживание - Приятные, вежливые молодые люди, не слишком часто, но и не редко подходят, работают не бездушно, с улыбкой и вообще органично смотрятся, никаких нареканий.",1,['молодые люди'],7,"[[6.67, 6.33], [6.83, 7.0], [6.88, 6.75], [7.0, 7.0], [7.1, 6.9], [7.17, 6.67]]","['Приятные', 'вежливые', 'не бездушно', 'не слишком часто', 'но и не редко подходят', 'органично смотрятся', 'с улыбкой']",['SERVICE#GENERAL']
rus,restaurant,16630:0_661,Уютная и тёплая домашняя обстановка!,1,['обстановка'],3,"[[7.1, 7.0], [7.2, 7.1], [7.4, 7.2]]","['Уютная', 'домашняя', 'тёплая']",['AMBIENCE#GENERAL']
rus,restaurant,16630:1_662,"Милый и отзывчивый персонал, очень внимательное обслуживание.",1,['персонал'],2,"[[7.2, 6.8], [7.4, 7.2]]","['Милый', 'отзывчивый']",['SERVICE#GENERAL']
rus,restaurant,16647:0_665,"очень люблю это место,бываю там каждую неделю и думаю буду посещать так же часто, т.к. для меня оно идеально во всех отношениях.",1,['место'],2,"[[8.1, 7.9], [9.0, 8.33]]","['идеально', 'очень люблю']",['RESTAURANT#GENERAL']
rus,restaurant,16647:1_666,"Атмосфера спокойная и комфортная, интерьер именно такой какой нужно, особо не привлекает внимание, но в целом приятен и ненавящив, очень расслабляет, и музыка этому способствует.",1,['атмосфера'],2,"[[6.9, 6.6], [7.0, 6.7]]","['комфортная', 'спокойная']",['AMBIENCE#GENERAL']
rus,restaurant,16647:1_666,"Атмосфера спокойная и комфортная, интерьер именно такой какой нужно, особо не привлекает внимание, но в целом приятен и ненавящив, очень расслабляет, и музыка этому способствует.",1,['интерьер'],4,"[[6.5, 6.0], [7.0, 6.75], [7.0, 7.0], [7.5, 7.5]]","['именно такой какой нужно', 'ненавящив', 'очень расслабляет', 'приятен']",['AMBIENCE#GENERAL']
rus,restaurant,16647:7_670,Из десертов стоит попробовать теплый шоколадный торт с ванильным мороженым - очень очень...,1,['шоколадный торт с ванильным мороженым'],2,"[[8.0, 7.0], [8.5, 8.38]]","['очень очень', 'стоит попробовать']",['FOOD#QUALITY']
rus,restaurant,16676:4_673,"Официанты очень приветливые, постоянно смотрят за посетителями, поэтому долго ждать не пришлось, что очень приятно.",1,['официанты'],3,"[[7.0, 6.67], [7.9, 7.5], [8.0, 8.0]]","['долго ждать не пришлось', 'очень приветливые', 'очень приятно']",['SERVICE#GENERAL']
rus,restaurant,16676:5_674,"Меню довольно интересное, больше имеет восточную направленность, но главное по ценам очень демократичное.",1,['меню'],2,"[[6.75, 6.25], [8.0, 7.67]]","['довольно интересное', 'по ценам очень демократичное']","['FOOD#PRICES', 'FOOD#STYLE_OPTIONS']"
rus,restaurant,16676:9_677,"Думаю, если стоит задача найти уютное недорогое местечко в районе метро московская, то это наверно один из лучших вариантов.",1,['местечко'],3,"[[7.0, 6.8], [7.2, 7.0], [8.0, 7.6]]","['недорогое', 'один из лучших вариантов', 'уютное']","['AMBIENCE#GENERAL', 'RESTAURANT#GENERAL', 'RESTAURANT#PRICES']"
rus,restaurant,16714:3_679,"Салат сочный и вкусный, баранина и овощи очень достойные.",1,['салат'],2,"[[7.2, 7.1], [7.3, 7.2]]","['вкусный', 'сочный']",['FOOD#QUALITY']
rus,restaurant,16714:5_681,"Официант ненавязчивы, но учтивый...очень хорошее сочетание.",1,['официант'],3,"[[6.5, 6.0], [7.12, 7.12], [7.83, 7.5]]","['ненавязчивы', 'очень хорошее', 'учтивый']",['SERVICE#GENERAL']
rus,restaurant,16761:11_688,Большое спасибо за такое отличное заведение!,1,['заведение'],2,"[[7.83, 7.67], [8.0, 7.5]]","['Большое спасибо', 'отличное']",['RESTAURANT#GENERAL']
rus,restaurant,16955:3_691,"Два других зала нормальные, конечно до хороших) им ползти и ползти..., но вот еда!!!!!",1,['зала'],2,"[[4.67, 4.33], [4.9, 3.4]]","['конечно до хороших) им ползти и ползти', 'нормальные']",['AMBIENCE#GENERAL']
rus,restaurant,16955:4_692,"Я заказала баклажаны жаренные( в сладком соусе) ...мне есть с чем сравнивать..... я попробовала и очень расстроилась(((( такое г... я ещё не ела, они были пресные(хотя в соусе), а соус!!!! такое ощущение, что туда высморкались все с кухни!!!!!!",1,['баклажаны жаренные'],3,"[[1.33, 8.67], [1.5, 8.5], [2.2, 7.8]]","['очень расстроилась', 'пресные', 'такое г... я ещё не ела']",['FOOD#QUALITY']
rus,restaurant,17009:6_696,"По поводу еды, паста была ну ничего, средненько, чуток пересоленная, цезарь был не очень, заветренные и холодные кусочки куриного филе меня не особо вдохновили.",1,['паста'],3,"[[4.4, 4.2], [4.88, 3.5], [4.9, 3.5]]","['ну ничего', 'средненько', 'чуток пересоленная']",['FOOD#QUALITY']
rus,restaurant,17475:4_702,"Встретили нормально (никакой улыбки на лице администратора при этом не было) ,проводили к столу.",1,['администратора'],2,"[[4.5, 4.33], [5.0, 3.38]]","['никакой улыбки', 'нормально']",['SERVICE#GENERAL']
rus,restaurant,17475:5_703,"Официант не ориентируется в меню,не видит столы,из рук все валится,грязные тарелки стояли по 10 минут на столе и это при неполном зале!!!?",1,['официант'],4,"[[2.1, 7.9], [2.33, 7.67], [2.33, 8.0], [2.67, 7.33]]","['грязные тарелки стояли по 10 минут на столе', 'из рук все валится', 'не видит столы', 'не ориентируется в меню']",['SERVICE#GENERAL']
rus,restaurant,17475:10_706,"Проводили всем персоналом,уже с улыбкой и доброжелательным видом!",1,['персоналом'],2,"[[7.33, 6.67], [7.38, 6.75]]","['доброжелательным видом', 'с улыбкой']",['SERVICE#GENERAL']
rus,restaurant,17572:7_708,Нам предложили присесть на мягких и удобных диванчиках.,1,['диванчиках'],2,"[[7.1, 6.9], [7.2, 7.0]]","['мягких', 'удобных']",['AMBIENCE#GENERAL']
rus,restaurant,17572:13_714,Официант был всегда внимателен и любезен.,1,['официант'],2,"[[7.33, 7.33], [7.38, 7.38]]","['внимателен', 'любезен']",['SERVICE#GENERAL']
rus,restaurant,17999:8_719,"Большой ресторан, хорошее и главное довольно выгодное место и кухня очень приличная, но вот обслуживание оставляет желать лучшего....",1,['место'],2,"[[7.0, 6.75], [7.17, 6.67]]","['довольно выгодное', 'хорошее']",['LOCATION#GENERAL']
rus,restaurant,18003:5_720,"И встретили нас и проводили к столику, а официантка какая была, просто чудо, приветливая, внимательная, но самое главное все в меру, ее не было слишком много, но работу она выполняла на все 100, а то и 200 %.",1,['официантка'],4,"[[7.2, 7.3], [7.4, 7.5], [8.33, 7.67], [8.5, 7.88]]","['внимательная', 'на все 100, а то и 200 %', 'приветливая', 'просто чудо']",['SERVICE#GENERAL']
rus,restaurant,18148:1_726,А так как оно удачно расположено - в одном из любимых районов города - добралась я до него быстро.,1,['районов города'],2,"[[8.12, 8.0], [8.17, 8.17]]","['любимых', 'удачно расположено']",['LOCATION#GENERAL']
rus,restaurant,18148:2_727,"В первый раз мне очень понравилось: народу было не очень много, официантка внимательная, заказ принесла быстро.",1,['официантка'],2,"[[7.4, 7.0], [7.62, 7.0]]","['внимательная', 'заказ принесла быстро']",['SERVICE#GENERAL']
rus,restaurant,18148:3_728,"Меню меня поразило: большой выбор интересных десертов, огромный выбор алкогольных коктейлей...правда, цены далеко не низкие, особенно на горячее и салаты.",1,['десертов'],2,"[[7.17, 7.33], [7.25, 7.0]]","['большой выбор', 'интересных']",['FOOD#STYLE_OPTIONS']
rus,restaurant,18220:5_734,"Короче, приглушенный свет, спокойная музыка, милый и заботливый персонал - сделали свое дело - заставили расслабиться)))).",1,['музыка'],2,"[[7.0, 7.0], [7.33, 7.0]]","['заставили расслабиться', 'спокойная']",['AMBIENCE#GENERAL']
rus,restaurant,18220:5_734,"Короче, приглушенный свет, спокойная музыка, милый и заботливый персонал - сделали свое дело - заставили расслабиться)))).",1,['персонал'],3,"[[7.33, 7.0], [7.33, 7.17]]","['заботливый', 'заставили расслабиться', 'милый']",['SERVICE#GENERAL']
rus,restaurant,18220:9_738,"Отдельное спасибо Ирине, за ее внимательное и вежливое обслуживание.",1,['обслуживание'],3,"[[7.3, 7.1], [7.4, 7.2], [7.5, 7.17]]","['Отдельное спасибо', 'вежливое', 'внимательное']",['SERVICE#GENERAL']
rus,restaurant,18253:6_741,"Паста вкусная, всем рекомендую.",1,['паста'],2,"[[7.2, 7.0], [7.67, 7.33]]","['вкусная', 'рекомендую']",['FOOD#QUALITY']
rus,restaurant,18253:7_742,"А вот пицца не фонтан - обычная такая, ничего особенного.",1,['пицца'],3,"[[4.75, 4.25], [4.88, 3.25], [4.9, 3.4]]","['не фонтан', 'ничего особенного', 'обычная']",['FOOD#QUALITY']
rus,restaurant,18372:3_746,"Особенно хорошая официантка Алёна,милая,добрая,приветливая и всегда поможет с выбором!",1,['официантка'],5,"[[7.0, 6.75], [7.0, 6.8], [7.1, 6.9], [7.17, 7.17], [7.83, 7.83]]","['Особенно хорошая', 'добрая', 'милая', 'поможет', 'приветливая']",['SERVICE#GENERAL']
rus,restaurant,18756:1_761,"Я был в этом БАРЕ 28.10.09, могу сказать что обслуживание ни чем особенным не выделяеться, пиво стоит достаточно дорого да потом пиво ""Береста светлое "" 220р мне не очень понравилось, но вот закуски к пиву мне очень понравились и надо отметить что их большой выбор с преобладанием мясных, что для меня лично очень важно.",1,['закуски к пиву'],2,"[[7.38, 6.75], [8.0, 7.5]]","['большой выбор', 'очень понравились']","['FOOD#QUALITY', 'FOOD#STYLE_OPTIONS']"
rus,restaurant,18780:1_762,"Если Вы хотите съесть большой ролл который даже не сможет поместиться в рот, то Вам сюда.",1,['ролл'],2,"[[7.0, 7.0], [8.0, 7.83]]","['большой', 'даже не сможет поместиться в рот']",['FOOD#QUALITY']
rus,restaurant,18780:5_766,Посещаю это место уже в течении двух лет качество еды и обслуживания не меняется а постоянство признак професссионализма.,1,['еды'],2,"[[7.0, 6.33], [7.5, 7.17]]","[' не меняется', 'постоянство признак професссионализма']",['FOOD#QUALITY']
rus,restaurant,18780:5_766,Посещаю это место уже в течении двух лет качество еды и обслуживания не меняется а постоянство признак професссионализма.,1,['обслуживания'],2,"[[7.0, 6.33], [7.5, 7.17]]","['не меняется', 'постоянство признак професссионализма']",['SERVICE#GENERAL']
rus,restaurant,18983:5_769,"Всё зависит от официанта, есть приветливые, а есть и не очень. 3)",1,['официанта'],2,"[[4.33, 4.33], [5.25, 4.5]]","['не очень', 'приветливые']",['SERVICE#GENERAL']
rus,restaurant,18983:8_771,Музыка слишком громкая и навязчивая.,1,['музыка'],2,"[[2.2, 7.2], [2.4, 7.0]]","['навязчивая', 'слишком громкая']",['AMBIENCE#GENERAL']
rus,restaurant,18983:10_773,"Из плюсов можно отметить только то, что в этом заведении всегда мало народу, всегда есть много свободных мест.",1,['заведении'],2,"[[6.5, 5.67], [7.17, 7.0]]","['мало народу', 'много свободных мест']",['RESTAURANT#MISCELLANEOUS']
rus,restaurant,19027:1_775,"Официанты очень приятные, не навязчивые, сервис отличный!",1,['официанты'],2,"[[6.7, 6.2], [7.7, 7.1]]","['не навязчивые', 'очень приятные']",['SERVICE#GENERAL']
rus,restaurant,19111:2_778,"Персонал мне понравился, официантка была очень приятной, общительной и доброжелательной, по нашей просьбе без проблем сфотографировала нас, еду приносила быстро, лишнии тарелки тоже не задерживалаись на столе.",1,['официантка'],5,"[[6.83, 6.17], [6.88, 6.5], [7.0, 6.7], [7.33, 7.33], [7.8, 7.2]]","['без проблем сфотографировала', 'быстро', 'доброжелательной', 'общительной', 'очень приятной']",['SERVICE#GENERAL']
rus,restaurant,19111:5_780,"Зал большой, мебель приличная, большой телевизор на стене удобно смотреть с любого столика наверно. 3.",1,['телевизор'],2,"[[7.0, 5.67], [7.0, 6.0]]","['большой', 'удобно смотреть']",['AMBIENCE#GENERAL']
rus,restaurant,19111:7_781,"Заказали виски - виски нормальное, понравилось.",1,['виски'],2,"[[6.25, 5.5], [6.8, 6.2]]","['нормальное', 'понравилось']",['DRINKS#QUALITY']
rus,restaurant,19265:0_784,"Примерно месяц назад посетили это заведение, т. к. многие рекомендовали его, как замечательное место.",1,['место'],2,"[[7.8, 7.2], [7.83, 7.33]]","['замечательное', 'многие рекомендовали']",['RESTAURANT#GENERAL']
rus,restaurant,19265:1_785,"Да, действительно, место очень хорошее, приятное.",1,['место'],2,"[[6.8, 6.2], [7.7, 6.9]]","['очень хорошее', 'приятное']",['RESTAURANT#GENERAL']
rus,restaurant,19265:2_786,"Как и большинству знакомых, посетивших данное место, понравился интерьер, очень располагает к дружескому, теплому общению.",1,['интерьер'],2,"[[6.9, 6.3], [7.7, 6.9]]","['очень располагает', 'понравился']",['AMBIENCE#GENERAL']
rus,restaurant,19265:3_787,"Персонал приветливый, отзывчивый.",1,['персонал'],2,"[[6.9, 6.2], [7.1, 6.4]]","['отзывчивый', 'приветливый']",['SERVICE#GENERAL']
rus,restaurant,19383:2_790,"Заведение небольшое, очень камерное, что приятно.",1,['заведение'],2,"[[7.0, 6.5], [7.12, 6.88]]","['очень камерное', 'приятно']",['AMBIENCE#GENERAL']
rus,restaurant,19383:3_791,"Интерьер обычный, как в других пабах, порадовали стеллажи с книгами и мягкие диваны.:)",1,['диваны'],2,"[[7.0, 6.67], [7.12, 6.5]]","['мягкие', 'порадовали']",['AMBIENCE#GENERAL']
rus,restaurant,19383:4_792,"Пиво вкусное, есть из чего выбрать.",1,['пиво'],2,"[[6.5, 5.62], [7.2, 6.6]]","['вкусное', 'есть из чего выбрать']","['DRINKS#QUALITY', 'DRINKS#STYLE_OPTIONS']"
rus,restaurant,19383:5_793,"Заказали: отварные креветки - креветки, как креветки, но какие-то слишком маленькие (240 руб.), салат ""Салмон"" с лососем, неплохой, но пресноват, соуса явно не хватает, кольца кальмара в кляре - под пиво нормально, мясные чипсы из говядины - вкусно, Рагу - вкусно, но больше напоминало бульон с мясом, королевские креветки с соусом - очень вкусное блюдо(599 руб.), к сожалению не все цены помню.",1,"['салат ""салмон"" с лососем']",2,"[[4.33, 4.33], [5.12, 3.25]]","['неплохой', 'пресноват']",['FOOD#QUALITY']
rus,restaurant,19383:6_794,"Была одна официантка на весь зал (пятница вечер все столики заняты), но справлялась, напитки и блюда долго ждать не приходилось, не хватало немного приветливости, а в общем неплохо.",1,['официантка'],3,"[[3.67, 5.67], [4.0, 5.5], [5.67, 5.83]]","['не хватало немного приветливости', 'одна', 'справлялась']",['SERVICE#GENERAL']
rus,restaurant,19439:5_797,"Интерьер впечатляющий, очень добротно, красиво, стильно.",1,['интерьер'],4,"[[7.0, 6.6], [7.0, 6.7], [7.5, 6.9], [7.9, 7.1]]","['впечатляющий', 'красиво', 'очень добротно', 'стильно']",['AMBIENCE#GENERAL']
rus,restaurant,19439:6_798,"Столики, что особенно понравилось, расставлены удаленно друг от друга, посетители не мешают друг другу, их не видно и не слышно, создается эдакий уединенный комфорт.",1,['столики'],3,"[[7.67, 6.5], [8.0, 8.0]]","['особенно понравилось', 'расставлены удаленно друг от друга', 'уединенный комфорт']",['AMBIENCE#GENERAL']
rus,restaurant,19439:11_800,"Кухня на высоте: салаты необычны, вкусны, порции весьма приличные по размеру.",1,['салаты'],2,"[[6.88, 6.12], [7.38, 7.12]]","['вкусны', 'необычны']",['FOOD#QUALITY']
rus,restaurant,19467:9_805,"Официантка попалась хорошая: внимательная, без оценивающих взглядов, и ждать часами её не приходилось.",1,['официантка'],4,"[[6.8, 6.2], [7.0, 6.83], [7.1, 6.4], [7.17, 6.83]]","['без оценивающих взглядов', 'внимательная', 'ждать часами её не приходилось', 'хорошая']",['SERVICE#GENERAL']
rus,restaurant,19467:10_806,"Сервис в Террасе не плохой, но раз на раз не приходится.",1,['сервис'],2,"[[4.83, 3.67], [5.12, 3.5]]","['не плохой', 'раз на раз не приходится']",['SERVICE#GENERAL']
rus,restaurant,19467:17_811,В целом Терраса не разочаровывает и продолжает оставаться одним из любимых мест.,1,['терраса'],2,"[[6.33, 5.5], [8.12, 7.62]]","['не разочаровывает', 'одним из любимых мест']",['RESTAURANT#GENERAL']
rus,restaurant,19503:0_812,"Сегодня с подругой посетил данное заведение! очень всё понравилось,обслуживание порадовало еще при входе,доброжелательная и улыбчивая администратор Екатерина встретила нас и посадила за очень хороший столик,откуда открывался отличный вид.",1,['администратор'],2,"[[6.8, 6.3], [6.9, 6.4]]","['доброжелательная', 'улыбчивая']",['SERVICE#GENERAL']
rus,restaurant,19677:3_819,"Большие порции, интересные салаты и горячее, все было очень сытно и вкусно за сравнительно небольшую цену!",1,['салаты'],3,"[[7.0, 6.5], [7.12, 6.75], [7.62, 6.88]]","['вкусно', 'очень сытно', 'сравнительно небольшую цену']","['FOOD#PRICES', 'FOOD#QUALITY']"
rus,restaurant,19677:3_819,"Большие порции, интересные салаты и горячее, все было очень сытно и вкусно за сравнительно небольшую цену!",1,['горячее'],4,"[[6.67, 5.67], [7.12, 6.75], [7.33, 7.33], [8.17, 7.83]]","['вкусно', 'интересные', 'очень сытно', 'сравнительно небольшую цену']","['FOOD#PRICES', 'FOOD#QUALITY']"
rus,restaurant,19677:4_820,Очень приятное ненавязчивое обслуживание!,1,['обслуживание'],2,"[[6.5, 5.88], [8.0, 7.5]]","['Очень приятное', 'ненавязчивое']",['SERVICE#GENERAL']
rus,restaurant,19677:8_823,Всем рекомендую посетить это замечательное кафе!,1,['кафе'],2,"[[7.67, 7.33], [7.8, 7.0]]","['замечательное', 'рекомендую']",['RESTAURANT#GENERAL']
rus,restaurant,19746:2_824,"Интерьер приятный, помещение не большое, но очень уютное.",1,['интерьер'],2,"[[6.9, 6.3], [8.17, 7.83]]","['очень уютное', 'приятный']",['AMBIENCE#GENERAL']
rus,restaurant,19817:1_827,"Очень нравится спокойная атмосфера, тихая фоновая музыка не мешает беседе, всегда есть свободный столик.",1,['атмосфера'],2,"[[6.6, 6.1], [8.0, 7.83]]","['Очень нравится', 'спокойная']",['AMBIENCE#GENERAL']
rus,restaurant,19817:3_828,"Мне гораздо спокойнее и уютнее есть в заведении, где не толпится народ, нет шума и беготни.",1,['заведении'],4,"[[7.12, 6.38], [7.12, 6.62], [7.33, 7.0]]","['гораздо спокойнее', 'не толпится народ', 'нет шума', 'уютнее']",['AMBIENCE#GENERAL']
rus,restaurant,19817:7_831,"Конечно, хотелось бы чуть больше ассортимента роллов, но те, что есть, очень нравятся.",1,['роллов'],2,"[[3.8, 5.7], [7.6, 7.0]]","['очень нравятся', 'хотелось бы чуть больше ассортимента']","['FOOD#QUALITY', 'FOOD#STYLE_OPTIONS']"
rus,restaurant,19817:12_835,"Драники с беконом очень вкусные и порция прямо настоящая ""мужская"".",1,['драники с беконом'],2,"[[7.88, 7.38], [8.12, 7.62]]","['очень вкусные', 'порция прямо настоящая ""мужская""']","['FOOD#QUALITY', 'FOOD#STYLE_OPTIONS']"
rus,restaurant,19817:14_837,"Как-то раз попали на неопытную официантку, которой остались недовольны, но больше ее не видели.",1,['официантку'],2,"[[2.83, 7.0], [3.3, 6.0]]","['недовольны', 'неопытную']",['SERVICE#GENERAL']
rus,restaurant,19817:18_839,"В общем обслуживанием довольны, ненавязчиво, но внимательно.",1,['обслуживанием'],3,"[[6.6, 5.9], [7.0, 6.4], [7.38, 7.0]]","['внимательно', 'довольны', 'ненавязчиво']",['SERVICE#GENERAL']
rus,restaurant,20086:3_847,"Интерьер в нашем зале нам понравился - уютно, красивая мебель.",1,['интерьер'],2,"[[6.9, 6.3], [7.25, 7.0]]","['понравился', 'уютно']",['AMBIENCE#GENERAL']
rus,restaurant,20397:1_853,Ресторан огромный!! но при этом очень уютный и действительно МНОГО места!,1,['ресторан'],3,"[[7.6, 7.2], [7.75, 8.0], [8.0, 8.67]]","['действительно МНОГО места', 'огромный', 'очень уютный']",['AMBIENCE#GENERAL']
rus,restaurant,20397:6_857,"Обслуживание замечательное! все вовремя, напитки - практически моментально! милая девушка Анна нам все рассказала и дала дельные советы по меню, четко и быстро.",1,['обслуживание'],2,"[[7.8, 7.4], [8.33, 8.17]]","['замечательное', 'практически моментально']",['SERVICE#GENERAL']
rus,restaurant,20397:6_857,"Обслуживание замечательное! все вовремя, напитки - практически моментально! милая девушка Анна нам все рассказала и дала дельные советы по меню, четко и быстро.",1,['девушка'],4,"[[6.8, 6.5], [7.0, 6.33], [7.5, 7.38]]","['быстро', 'дала дельные советы по меню', 'милая', 'четко']",['SERVICE#GENERAL']
rus,restaurant,20417:7_864,"Меню хорошее, скромное.",1,['меню'],2,"[[6.0, 5.33], [6.8, 6.0]]","['скромное', 'хорошее']",['FOOD#QUALITY']
rus,restaurant,20417:20_870,"Интерьер красивый, все со вкусом.",1,['интерьер'],2,"[[6.9, 6.3], [7.5, 7.33]]","['красивый', 'со вкусом']",['AMBIENCE#GENERAL']
rus,restaurant,20417:21_871,"Цвет, гамма, стулья — все красиво и удобно.",1,['цвет'],2,"[[6.67, 6.17], [6.88, 6.5]]","['красиво', 'удобно']",['AMBIENCE#GENERAL']
rus,restaurant,20417:21_871,"Цвет, гамма, стулья — все красиво и удобно.",1,['гамма'],2,"[[6.67, 6.17], [6.88, 6.5]]","['красиво', 'удобно']",['AMBIENCE#GENERAL']
rus,restaurant,20417:21_871,"Цвет, гамма, стулья — все красиво и удобно.",1,['стулья'],2,"[[6.88, 6.5], [6.88, 6.62]]","['красиво', 'удобно']",['AMBIENCE#GENERAL']
rus,restaurant,20784:8_876,"Шашлык свежий, тает, никакого жира и костей.",1,['шашлык'],3,"[[7.12, 6.62], [7.2, 6.5], [7.5, 7.1]]","['никакого жира и костей', 'свежий', 'тает']",['FOOD#QUALITY']
rus,restaurant,20784:12_878,"Порции вполне нормальные, не огромные, но и не маленькие.",1,['порции'],3,"[[5.0, 3.5], [5.12, 3.75]]","['вполне нормальные', 'не маленькие', 'не огромные']",['FOOD#STYLE_OPTIONS']
rus,restaurant,20861:3_882,"На больших экранах транслируется Fashion. приятный, спокойный интерьер для дружеских встреч.",1,['интерьер'],2,"[[6.5, 5.8], [6.8, 6.2]]","['приятный', 'спокойный']",['AMBIENCE#GENERAL']
rus,restaurant,21574:2_901,"Что сразу же приятно удивило, официантки!!!-все как на подбор улыбаются совершенно искренне и доброжелательно, а не с целью получить чаевые (к тому же какие чаевые-это же банкет), встречают, провожают, а в течение всего праздника ненавязчиво ""как невидимки"" меняли блюда, в то же время когда надо было-они тут же появлялись)",1,['официантки'],7,"[[6.33, 5.5], [7.25, 7.25], [7.38, 6.62], [7.46, 7.23], [7.67, 7.5], [7.67, 7.83], [7.83, 7.5]]","['все как на подбор', 'доброжелательно', 'ненавязчиво', 'ненавязчиво ""как невидимки"" меняли блюда', 'приятно удивило', 'тут же появлялись', 'улыбаются совершенно искренне']",['SERVICE#GENERAL']
rus,restaurant,21574:5_903,"Очень понравился салат с креветками и листьями, рулетики из баклажанов (начинка включала в себя грецкие орехи, остальное не поняла))), холодный рыбный рулет и, корюшка, фаршированная рисом и овощами-поистине красивое и вкусное блюдо.",1,"['корюшка, фаршированная рисом и овощами']",3,"[[7.38, 6.88], [7.83, 7.0], [8.0, 7.67]]","['Очень понравился', 'вкусное', 'поистине красивое']",['FOOD#QUALITY']
rus,restaurant,21574:5_903,"Очень понравился салат с креветками и листьями, рулетики из баклажанов (начинка включала в себя грецкие орехи, остальное не поняла))), холодный рыбный рулет и, корюшка, фаршированная рисом и овощами-поистине красивое и вкусное блюдо.",1,['блюдо'],2,"[[7.5, 6.9], [7.83, 7.0]]","['вкусное', 'поистине красивое']",['FOOD#QUALITY']
rus,restaurant,21716:1_907,"Общались всегда с менеджером Екатериной, которая отвечала на все наши вопросы, во многом шла нам на встречу, и всё, что было договорено - было сделано.",1,['менеджером'],3,"[[6.67, 5.67], [7.0, 6.12], [7.33, 6.33]]","['отвечала на все наши вопросы', 'что было договорено - было сделано', 'шла нам на встречу']",['SERVICE#GENERAL']
rus,restaurant,21716:6_910,"Горячее, а именно шашлык из свинины и лосось, сделаны очень хорошо, всё мягко и сочно.",1,['горячее'],3,"[[7.5, 6.75], [7.5, 7.33], [7.67, 7.5]]","['мягко', 'очень хорошо', 'сочно']",['FOOD#QUALITY']
rus,restaurant,21716:6_910,"Горячее, а именно шашлык из свинины и лосось, сделаны очень хорошо, всё мягко и сочно.",1,['шашлык из свинины'],3,"[[7.5, 6.75], [7.5, 7.12], [7.5, 7.33]]","['мягко', 'очень хорошо', 'сочно']",['FOOD#QUALITY']
rus,restaurant,21716:6_910,"Горячее, а именно шашлык из свинины и лосось, сделаны очень хорошо, всё мягко и сочно.",1,['лосось'],3,"[[7.5, 6.75], [7.5, 7.12], [7.5, 7.33]]","['мягко', 'очень хорошо', 'сочно']",['FOOD#QUALITY']
rus,restaurant,21856:1_914,"Позвонила заказать столик,ответил приятный молодой человек Евгений,забронировал нам столик учитывая все наши пожелания,за что ему отдельное огромное СПАСИБО!!!!!!",1,['молодой человек'],2,"[[6.9, 6.3], [8.5, 8.5]]","['огромное СПАСИБО', 'приятный']",['SERVICE#GENERAL']
rus,restaurant,21856:3_916,"Обслуживала нас замечательная девушка,вежливо и терпеливо отвечала на все наши вопросы.",1,['девушка'],3,"[[6.83, 6.17], [6.83, 6.33], [7.8, 7.3]]","['вежливо', 'замечательная', 'терпеливо отвечала']",['SERVICE#GENERAL']
rus,restaurant,21856:4_917,"Кухня превосходная,порции огромные,поворам отдельное спасибо!!!!!!!!!",1,['кухня'],2,"[[7.83, 8.5], [8.3, 7.9]]","['отдельное спасибо', 'превосходная']",['FOOD#QUALITY']
rus,restaurant,22527:3_931,"Обслуживание прекрасное: тарелки убирали сразу, новые блюда приносили быстро, так что ничего не надо было ждать.",1,['обслуживание'],4,"[[7.5, 7.67], [7.67, 7.83], [7.8, 7.4]]","['ничего не надо было ждать', 'прекрасное', 'приносили быстро', 'убирали сразу']",['SERVICE#GENERAL']
rus,restaurant,22970:0_933,"Очень просторно и светло, интерьер в моем любимом стиле:)",1,['интерьер'],3,"[[7.17, 7.0], [8.0, 7.5], [8.0, 7.67]]","['Очень просторно', 'любимом', 'светло']",['AMBIENCE#GENERAL']
rus,restaurant,22975:2_939,"Обслуживал очень приятный молодой человек,постоянно улыбающийся и посоветовавший нам хорошие блюда.",1,['молодой человек'],2,"[[6.5, 5.83], [7.6, 6.8]]","['очень приятный', 'улыбающийся']",['SERVICE#GENERAL']
rus,restaurant,23369:4_941,"Народу было немного, обстановка очень уютная и располагающая к долгим посиделкам.",1,['обстановка'],2,"[[7.67, 7.67], [7.8, 7.2]]","['очень уютная', 'располагающая']",['AMBIENCE#GENERAL']
rus,restaurant,23369:7_943,"Очень повезло с официантом,который очень любезно и оперативно нас обслуживал.",1,['официантом'],3,"[[7.0, 6.5], [7.5, 7.0], [8.12, 7.62]]","['Очень повезло', 'оперативно', 'очень любезно']",['SERVICE#GENERAL']
rus,restaurant,23369:10_944,"Что можно сказать о кухне...горячее очень порадовало,особенно вкусно приготовлено мясо-нежное сочное,вкучно приготовлены овощи.",1,['мясо'],3,"[[7.0, 6.5], [7.12, 6.62], [7.7, 7.2]]","['нежное', 'особенно вкусно', 'сочное']",['FOOD#QUALITY']
rus,restaurant,23858:3_950,Порадовало и наличие своего пива по приемлемой цене и неплохого вкуса.,1,['пива'],2,"[[5.6, 4.0], [6.38, 5.62]]","['неплохого', 'приемлемой цене']","['DRINKS#PRICES', 'DRINKS#QUALITY']"
rus,restaurant,23858:13_954,"Так что вечер удалось спасти, а от Глобуса остался тяжелый неприятный осадок...",1,['глобуса'],2,"[[2.83, 6.5], [3.0, 6.33]]","['неприятный', 'тяжелый']",['RESTAURANT#GENERAL']
rus,restaurant,23878:6_956,"Меню разнообразное, цены адекватные.",1,['меню'],2,"[[6.25, 5.62], [7.0, 6.4]]","['адекватные', 'разнообразное']","['FOOD#STYLE_OPTIONS', 'RESTAURANT#PRICES']"
rus,restaurant,24132:1_962,Безумно нравится интерьер своей изысканной простотой - уютно и тепло.,1,['интерьер'],4,"[[7.5, 7.25], [8.0, 8.0], [8.75, 8.88]]","['Безумно нравится', 'изысканной простотой', 'тепло', 'уютно']",['AMBIENCE#GENERAL']
rus,restaurant,24132:3_964,"Отдельное спасибо за обслуживание нашей официантке (к сожалению, имени не знаю) - отлично знала меню, ненавязчиво помогала определиться с выбором блюд.",1,['официантке'],2,"[[6.33, 5.5], [7.67, 7.33]]","['ненавязчиво', 'отлично']",['SERVICE#GENERAL']
rus,restaurant,24132:9_969,"Так что если хотите провести время в уютной, располагающей, дружелюбной атмосфере и при этом вкусно поесть, то Кухня - именно то, что надо ;)",1,['атмосфере'],3,"[[7.3, 6.7], [7.4, 6.8]]","['дружелюбной', 'располагающей', 'уютной']",['AMBIENCE#GENERAL']
rus,restaurant,24132:9_969,"Так что если хотите провести время в уютной, располагающей, дружелюбной атмосфере и при этом вкусно поесть, то Кухня - именно то, что надо ;)",1,['кухня'],2,"[[7.0, 6.33], [7.38, 6.38]]","['вкусно', 'именно то, что надо']","['FOOD#QUALITY', 'RESTAURANT#GENERAL']"
rus,restaurant,24217:4_974,"Отделка везде использована недорогая, но само пространство выглядит уютно и празднично.",1,['пространство'],2,"[[7.0, 6.5], [7.1, 6.6]]","['празднично', 'уютно']",['AMBIENCE#GENERAL']
rus,restaurant,24275:3_985,"Кухня тоже очень порадовала, классические итальянские блюда были на удивление вкусны и крайне аутентичны.",1,['итальянские блюда'],2,"[[7.62, 6.88], [7.9, 7.2]]","['крайне аутентичны', 'на удивление вкусны']",['FOOD#QUALITY']
rus,restaurant,24275:8_988,"В общем для нас это посещение было приятным открытием, что недалеко от дома есть место где можно вкусно поесть в теплой обстановке всей семьей.",1,['место'],2,"[[6.67, 6.0], [7.0, 6.67]]","['вкусно поесть', 'приятным']",['RESTAURANT#GENERAL']
rus,restaurant,24501:0_990,"Хотела бы выразить благодарность за, неожиданно приятное впечатление, которое произвел на меня персонал и атмосфера Вашего ресторана!",1,['ресторана'],2,"[[6.67, 6.0], [7.5, 7.67]]","['выразить благодарность', 'неожиданно приятное впечатление']",['RESTAURANT#GENERAL']
rus,restaurant,24501:1_991,"Мы приехали компанией 14.02, заранее забронировав стол, девушка по телефону была очень приветлива и вежлива, когда мы зашли в ресторан нас сразу встретили и проводили за желаемый столик на террасе с видом на причал, официантка-молодец, она не заставила себя долго ждать и отлично ориентировалась в меню, помогла нам выбрать желаемые блюда.",1,['девушка'],2,"[[6.9, 6.5], [7.5, 6.75]]","['вежлива', 'очень приветлива']",['SERVICE#GENERAL']
rus,restaurant,24501:1_991,"Мы приехали компанией 14.02, заранее забронировав стол, девушка по телефону была очень приветлива и вежлива, когда мы зашли в ресторан нас сразу встретили и проводили за желаемый столик на террасе с видом на причал, официантка-молодец, она не заставила себя долго ждать и отлично ориентировалась в меню, помогла нам выбрать желаемые блюда.",1,['официантка'],3,"[[7.0, 7.0], [7.3, 6.7], [7.62, 7.25]]","['молодец', 'отлично ориентировалась', 'помогла']",['SERVICE#GENERAL']
rus,restaurant,24578:2_993,"Ресторан довольно уютный, милая домашняя обстановка.",1,['обстановка'],2,"[[6.6, 6.0], [6.88, 6.88]]","['домашняя', 'милая']",['AMBIENCE#GENERAL']
rus,restaurant,25507:14_1018,"Вообще впечатления остались приятные официантка которая нас обслуживала очень приятная и простая девушка, чего конечно нельзя сказать об администраторах..но да Бог с ними!!",1,['девушка'],2,"[[6.5, 5.9], [7.5, 6.75]]","['очень приятная', 'простая']",['SERVICE#GENERAL']
rus,restaurant,25709:5_1019,На входе девушки спросили о наших предпочтениях и проводили на второй этаж.,1,['девушки'],2,"[[6.38, 5.62], [6.67, 6.67]]","['проводили', 'спросили о наших предпочтениях']",['SERVICE#GENERAL']
rus,restaurant,25709:9_1021,Довольно приятная негромкая музыка и легкий полумрак.,1,['музыка'],2,"[[6.38, 5.75], [6.6, 5.7]]","['Довольно приятная', 'негромкая']",['AMBIENCE#GENERAL']
rus,restaurant,25753:3_1027,"Очень понравилось обслуживание - профессиональное, ненавязчивое, доброжелательное.",1,['обслуживание'],4,"[[7.12, 6.88], [7.38, 7.25], [7.5, 7.38], [8.12, 7.62]]","['Очень понравилось', 'доброжелательное', 'ненавязчивое', 'профессиональное']",['SERVICE#GENERAL']
rus,restaurant,25861:4_1033,"Обслуживание не понравилось - готовят (или приносят??) заказ ОЧЕНЬ долго, учитывая что оба раза ресторан был полупустой...",1,['обслуживание'],2,"[[2.0, 8.33], [2.7, 6.5]]","['ОЧЕНЬ долго', 'не понравилось']",['SERVICE#GENERAL']
rus,restaurant,25960:0_1035,Первые месяцы после открытия просто не могли нарадоваться такому классному местечку.,1,['местечку'],2,"[[7.6, 7.4], [8.12, 7.88]]","['классному', 'не могли нарадоваться']",['RESTAURANT#GENERAL']
rus,restaurant,26022:1_1040,"Заведение очень приятное, маленькое уютное - но это скорее кафе, чем ресторан.",1,['заведение'],2,"[[6.83, 6.33], [7.17, 6.0]]","['очень приятное', 'уютное']",['AMBIENCE#GENERAL']
rus,restaurant,26022:3_1041,"Огромное спасибо гардеробщику-официанту-бармену в одном лице, симпатичному и дружелюбному афроамериканцу ))",1,['афроамериканцу'],2,"[[6.8, 6.2], [6.9, 6.3]]","['дружелюбному', 'симпатичному']",['SERVICE#GENERAL']
rus,restaurant,26152:16_1051,"Салат от шеф-повара с курицей - ничего лишнего, необычного, но вкусно.",1,['салат от шеф-повара с курицей'],2,"[[6.33, 5.67], [6.9, 6.1]]","['вкусно', 'ничего лишнего']",['FOOD#QUALITY']
rus,restaurant,26330:1_1058,"Были приятно удивлены простатой интерьера, качеством кухни(спасибо огромное шеф повару),огромный выбор закусок к пиву.",1,['кухни'],2,"[[6.88, 6.25], [8.17, 8.17]]","['приятно удивлены', 'спасибо огромное']",['FOOD#QUALITY']
rus,restaurant,26330:2_1059,"Особенно понравились ""перчики халапена"" (кажется так называлось это бесподобное блюдо),умеренные цены, большие порции.",1,['перчики халапена'],2,"[[7.88, 7.62], [8.67, 8.0]]","['Особенно понравились', 'бесподобное блюдо']",['FOOD#QUALITY']
rus,restaurant,26330:2_1059,"Особенно понравились ""перчики халапена"" (кажется так называлось это бесподобное блюдо),умеренные цены, большие порции.",1,['порции'],2,"[[7.2, 6.6], [7.33, 7.0]]","['большие', 'умеренные цены']","['FOOD#PRICES', 'FOOD#STYLE_OPTIONS']"
rus,restaurant,26330:5_1061,"Девушка, которая нас обслуживала, с редким именем Антонина, хорошо разбирается в предсталенной рестораном еде и умело порекомендовала нам разные закуски.",1,['девушка'],2,"[[6.67, 6.0], [7.0, 6.33]]","['умело', 'хорошо']",['SERVICE#GENERAL']
rus,restaurant,26887:1_1067,"Но в последнее время и кухня и обслуживание ухудшились: то суши были настолько солеными, что есть их было невозможно, то пирожок к первому блюду был подан после того, как само первое было съедено.",1,['суши'],2,"[[1.33, 8.5], [1.83, 7.83]]","['настолько солеными', 'невозможно']",['FOOD#QUALITY']
rus,restaurant,26887:12_1069,"Для ресторана такого уровня не допустимо, чтобы расхлябанность и неисполнительность персонала сказывались на общем впечатлении о заведении.",1,['персонала'],2,"[[2.2, 7.3], [2.3, 7.2]]","['неисполнительность', 'расхлябанность']",['SERVICE#GENERAL']
rus,restaurant,27169:7_1076,"Цены приемлемые, блюда оригинально,со вкусом оформлены, и, самое главное, всё очень вкусно, порции хорошие.",1,['блюда'],3,"[[7.0, 6.33], [7.62, 6.88]]","['оригинально', 'очень вкусно', 'со вкусом']","['FOOD#QUALITY', 'FOOD#STYLE_OPTIONS']"
rus,restaurant,27169:11_1080,"Хочу отметить доброжелательное, вежливое, внимательное и при этом ненавязчивое обслуживание!",1,['обслуживание'],4,"[[6.6, 6.0], [6.9, 6.4], [7.25, 7.12]]","['вежливое', 'внимательное', 'доброжелательное', 'ненавязчивое']",['SERVICE#GENERAL']
rus,restaurant,27539:4_1089,"А в остальном все прекрасно: и девушка администратор (помогла нам сделать выбор блюд), уютная атмосфера, в зале не накуренно, обслуживание очень даже быстрое, официатки внимательные, еда вкусная.",1,['девушка администратор'],2,"[[6.83, 6.17], [8.0, 7.67]]","['помогла', 'прекрасно']",['SERVICE#GENERAL']
rus,restaurant,27539:5_1090,"В целом приличный китайский ресторан, еда конечно чуть дороже, чем скажем в ""Харбине"", но ресторан того стоит.",1,['китайский ресторан'],2,"[[4.75, 3.62], [6.38, 5.62]]","['приличный', 'чуть дороже']","['RESTAURANT#GENERAL', 'RESTAURANT#PRICES']"
rus,restaurant,27569:13_1099,"Так что если нужно спокойное, приятное место, где можно вкусно и недорого поесть, Арагви - самый лучший вариант!приходите, не пожалеете!",1,['арагви'],2,"[[6.88, 6.38], [8.33, 7.67]]","['недорого', 'самый лучший']","['RESTAURANT#GENERAL', 'RESTAURANT#PRICES']"
rus,restaurant,27629:4_1106,"Официантка, как будто под легкими наркотиками слушала не внимательно и не чего не записывала, в результате после 25 минутного ожидания принесли не то блюдо, которое заказывали.",1,['официантка'],3,"[[2.2, 7.3], [2.33, 7.5], [3.0, 6.33]]","['как будто под легкими наркотиками', 'не внимательно', 'не чего не записывала']",['SERVICE#GENERAL']
rus,restaurant,27629:7_1108,Кухня претензионная и не вкусная.,1,['кухня'],2,"[[2.5, 6.8], [2.8, 6.6]]","['не вкусная', 'претензионная']",['FOOD#QUALITY']
rus,restaurant,27816:2_1114,"Прекрасное банкетное меню, хорошая кухня и очень демократичные цены.",1,['кухня'],2,"[[6.9, 6.4], [7.5, 7.0]]","['очень демократичные', 'хорошая']","['FOOD#PRICES', 'FOOD#QUALITY']"
rus,restaurant,27816:6_1116,"Атмосфера позитивная домашняя, потому что уютная обстановка и приветливый персонал.",1,['атмосфера'],2,"[[6.75, 6.25], [7.0, 6.5]]","['домашняя', 'позитивная']",['AMBIENCE#GENERAL']
rus,restaurant,27841:1_1120,"Сразу было очарована обслуживающим персоналом: встречают так, как будто ждали именно тебя и очень рады визиту.",1,['обслуживающим персоналом'],3,"[[7.9, 7.6], [8.17, 7.67], [8.25, 7.88]]","['как будто ждали именно тебя', 'очарована', 'очень рады визиту']",['SERVICE#GENERAL']
rus,restaurant,27841:10_1127,"Обслуживание на 10, все вовремя, мило и с улыбкой.",1,['обслуживание'],4,"[[7.5, 7.25], [7.5, 7.5], [8.67, 8.33]]","['все вовремя', 'мило', 'на 10', 'с улыбкой']",['SERVICE#GENERAL']
rus,restaurant,27925:3_1129,Обслуживание хорошее нас встретил метрдотель и провёл до столика который отлично нам подашел.,1,['метрдотель'],2,"[[6.17, 5.67], [7.0, 6.83]]","['встретил', 'провёл до столика который отлично нам подашел']",['SERVICE#GENERAL']
rus,restaurant,27925:6_1131,"На наш не большой банкетик мы заказали пару приятных блюд, я заказала себе улитки очень вкусно было и совсем недорого примерно 300 рублей помоему, мой молодой человек заказал блюда из мяса на мангале, которых у них полно, ему не угодишь обычно, а тут понравилось его друзья тоже заказали по порции разного мяса на мангале тоже очень понравились!",1,['улитки'],2,"[[7.8, 7.0], [7.83, 7.5]]","['очень вкусно', 'совсем недорого']","['FOOD#PRICES', 'FOOD#QUALITY']"
rus,restaurant,27925:8_1133,"В общем мы остались безумно довольны проведённым вечером в этом ресторане, так что всем советуем))",1,['ресторане'],2,"[[7.75, 7.5], [8.5, 7.9]]","['безумно довольны', 'всем советуем']",['RESTAURANT#GENERAL']
rus,restaurant,28083:8_1136,"Персонал вежливый, никто нам не хамил и не обсчитывал.",1,['персонал'],3,"[[6.9, 6.3], [7.17, 7.33]]","['вежливый', 'не обсчитывал', 'не хамил']",['SERVICE#GENERAL']
rus,restaurant,28112:5_1140,Порции большие и очень сытные.,1,['порции'],2,"[[7.1, 6.6], [7.6, 7.0]]","['большие', 'очень сытные']",['FOOD#STYLE_OPTIONS']
rus,restaurant,28112:20_1147,"И поесть можно,и поговорить (музыка очень приятная и негромкая) и даму привести и день рождения отметить.",1,['музыка'],2,"[[6.62, 6.12], [7.4, 6.6]]","['негромкая', 'очень приятная']",['AMBIENCE#GENERAL']
rus,restaurant,28258:1_1148,"Первым нас встретил парковщик, помог припарковаться и даже открыл двери и вежливо нас поприветствовал.",1,['парковщик'],2,"[[7.0, 6.38], [7.17, 7.17]]","['вежливо', 'помог']",['SERVICE#GENERAL']
rus,restaurant,28275:4_1159,"Приятный, располагающий интерьер, удобные диванчики.",1,['интерьер'],2,"[[6.7, 6.1], [7.0, 6.75]]","['Приятный', 'располагающий']",['AMBIENCE#GENERAL']
rus,restaurant,28275:6_1160,"Девушка, которая обслуживала наш столик (не знаю, как зовут, к сожалению) - внимательна и предупредительна, с удовольствием отвечала на все наши вопросы.",1,['девушка'],3,"[[6.8, 6.4], [7.17, 7.0]]","['внимательна', 'предупредительна', 'с удовольствием отвечала на все наши вопросы']",['SERVICE#GENERAL']
rus,restaurant,28585:6_1165,Блюд в меню не много но выбрать есть из чего!,1,['блюд'],2,"[[6.5, 5.5], [6.67, 6.0]]","['выбрать есть из чего', 'не много']",['FOOD#STYLE_OPTIONS']
rus,restaurant,28612:1_1168,"Очень приятный и вежливый персонал, уже на входе встречают, складывается ощущение, что давно ждали в гости.",1,['персонал'],3,"[[6.9, 6.5], [7.62, 7.5], [7.67, 7.33]]","['Очень приятный', 'вежливый', 'ощущение, что давно ждали в гости']",['SERVICE#GENERAL']
rus,restaurant,28612:4_1171,"Очень понравилось, что звучит тихая и спокойная музыка, очень расслабляющая обстановка.",1,['музыка'],3,"[[6.7, 6.0], [8.12, 7.62]]","['Очень понравилось', 'спокойная', 'тихая']",['AMBIENCE#GENERAL']
rus,restaurant,28612:5_1172,"Потрясающий интерьер, словно попадаешь в сказку.",1,['интерьер'],2,"[[8.5, 8.12], [8.5, 8.25]]","['Потрясающий', 'словно попадаешь в сказку']",['AMBIENCE#GENERAL']
rus,restaurant,28710:6_1174,"Интерьер,конечно, поражает сразу, уже на улице все очень мило хорошенькая елочка и туи,фонарики новогоднее настроение, внутри уютно и шикарно,мягкие диваны,свечи, белый рояль.",1,['свечи'],2,"[[7.0, 6.83], [7.5, 7.33]]","['уютно', 'шикарно']",['AMBIENCE#GENERAL']
rus,restaurant,28710:6_1174,"Интерьер,конечно, поражает сразу, уже на улице все очень мило хорошенькая елочка и туи,фонарики новогоднее настроение, внутри уютно и шикарно,мягкие диваны,свечи, белый рояль.",1,['белый рояль'],2,"[[7.0, 6.83], [7.5, 7.33]]","['уютно', 'шикарно']",['AMBIENCE#GENERAL']
rus,restaurant,28710:9_1176,"Персонал могу сказать меня тоже порадовал, на входе нас встретила улыбающаяся хостесс уже сразу впечатление положительное и до конца вечера оно таким и осталось!",1,['хостесс'],2,"[[6.75, 6.38], [7.5, 7.17]]","['уже сразу впечатление положительное', 'улыбающаяся']",['SERVICE#GENERAL']
rus,restaurant,28710:10_1177,"Официанты тоже очень внимательные и вежливые, не могу вспомнить момента, когда бы нам что-то не понравилось!",1,['официанты'],2,"[[7.0, 6.6], [7.7, 7.0]]","['вежливые', 'очень внимательные']",['SERVICE#GENERAL']
rus,restaurant,28710:11_1178,"В общем отличный ресторан, всем рекомендую и с удовольствием вернусь туда сам.",1,['ресторан'],3,"[[7.5, 7.5], [7.67, 7.33], [7.7, 7.2]]","['всем рекомендую', 'отличный', 'с удовольствием вернусь']",['RESTAURANT#GENERAL']
rus,restaurant,28745:1_1179,"Я выбрал ""Мидзуки"" основываясь на отзывах с этого сайта, и не ошибся - очень уютное место, вкусная еда (заказывали роллы и рис с курицей), музыка ненавязчивая и тихая.",1,['музыка'],2,"[[6.4, 5.6], [6.6, 5.8]]","['ненавязчивая', 'тихая']",['AMBIENCE#GENERAL']
rus,restaurant,29298:4_1184,"В целом, очень хорошее, достойное заведение, правда огорчает то, что столики на четверг, пятницу и выходные надо бронировать где-то за 3 недели.",1,['заведение'],2,"[[7.0, 6.1], [7.4, 6.8]]","['достойное', 'очень хорошее']",['RESTAURANT#GENERAL']
rus,restaurant,29321:4_1187,"Очень красивый интерьер, такой нежный и уютный.",1,['интерьер'],3,"[[7.0, 6.25], [7.1, 6.5], [8.12, 7.75]]","['Очень красивый', 'нежный', 'уютный']",['AMBIENCE#GENERAL']
rus,restaurant,29321:6_1188,"Далее что...меню разнообразное, на любой вкус, но при детальном рассмотрении в итоге остановилась на рыбе, потому как лично мне больше ничего не приглянулось (пиццу покушать можно в других более специализированных местах, паста...ну это я и дома сделаю, суп..не для праздника).",1,['меню'],2,"[[7.0, 6.3], [7.33, 7.0]]","['на любой вкус', 'разнообразное']",['FOOD#STYLE_OPTIONS']
rus,restaurant,29321:7_1189,"Цены на вино просто бешенные..хотя, может для такого ресторана это и нормально, но вот в соотношении с едой мне показалось дорого!",1,['вино'],2,"[[1.12, 8.25], [2.17, 7.67]]","['дорого', 'просто бешенные']",['DRINKS#PRICES']
rus,restaurant,29321:8_1190,"В общем в целом кухня приближена к итальянской, но вот чего-то супер фееричного я не увидела, поэтому только 8.",1,['кухня'],2,"[[6.33, 5.33], [6.75, 6.0]]","['только 8', 'чего-то супер фееричного я не увидела']",['FOOD#QUALITY']
rus,restaurant,29350:1_1194,"В ресторане очень вкусная еда, в частности- суши, роллы, свинной шашлык,теплый мексиканский салат(рекомендую)!!! 2.",1,['теплый мексиканский салат'],2,"[[7.4, 7.0], [8.17, 7.83]]","['очень вкусная', 'рекомендую']",['FOOD#QUALITY']
rus,restaurant,29350:2_1195,"Слегка не уютно, от большого пространства и не много прохладно(зимой), но летом - это супер виды из окна!!! 3.",1,['большого пространства'],2,"[[3.33, 5.33], [3.33, 6.67]]","['Слегка не уютно', 'не много прохладно']",['AMBIENCE#GENERAL']
rus,restaurant,29350:4_1197,"Персонал очень вежливый (особенно официантка Анастасия),приветливый и хорошо знает состав блюд, что не мало важно.",1,['персонал'],3,"[[6.88, 6.5], [7.33, 7.33], [7.7, 6.9]]","['очень вежливый', 'приветливый', 'хорошо знает состав блюд']",['SERVICE#GENERAL']
rus,restaurant,29383:8_1202,"Громко играет музыка поэтому офицанток незваться и неслышат иногда блюда для заказа, сидишь ждешь 50 мин, а оказывается оно не заказано ждешь еще 50 мин (так написано вменю время приготовления 40-50 мин).",1,['офицанток'],2,"[[2.5, 7.33], [2.75, 6.88]]","['незваться', 'неслышат']",['SERVICE#GENERAL']
rus,restaurant,29383:9_1203,Девушка офицантка все время говорила что она это не готовит быстрее не может и очень замученый вид.,1,['девушка офицантка'],2,"[[1.67, 8.0], [2.67, 7.0]]","['быстрее не может', 'очень замученый вид']",['SERVICE#GENERAL']
rus,restaurant,29395:6_1208,"Мы кушали, кушали, и никак не могли насладиться едой, она была такой вкусной, необычной, т.к. я была первый раз в грузинском ресторане.",1,['едой'],3,"[[7.17, 6.5], [8.0, 7.5], [8.67, 8.67]]","['необычной', 'никак не могли насладиться', 'такой вкусной']",['FOOD#QUALITY']
rus,restaurant,30201:4_1219,"Пиво разливное приносили не то, что без пены, без пузыриков....",1,['пиво'],2,"[[2.17, 7.33], [3.33, 6.33]]","['без пузыриков', 'приносили не то']",['DRINKS#QUALITY']
rus,restaurant,30368:6_1224,"Кухня порадовала, большая пивная тарелка, действительно оказалась большой и вкусной!",1,['пивная тарелка'],2,"[[7.0, 6.33], [7.33, 7.0]]","['большой', 'вкусной']",['FOOD#QUALITY']
rus,restaurant,30368:12_1228,"В целом хорошая, душевная обстановка.",1,['обстановка'],2,"[[6.75, 6.25], [7.0, 6.4]]","['душевная', 'хорошая']",['AMBIENCE#GENERAL']
rus,restaurant,31004:14_1236,"Цены в общем, средние,но при такой кухне совершенно неоправданные.",1,['кухне'],2,"[[1.83, 8.17], [2.17, 6.83]]","['при такой', 'совершенно неоправданные']","['FOOD#PRICES', 'FOOD#QUALITY']"
rus,restaurant,31071:1_1238,"Во-первых, очень шумно: зал небольшой и когда все разом разговаривают (а посетителей было много), получается такой гул, что не слышно, о чем говорят твои спутники, сидящие напротив и сами столы расположены довольно близко друг к другу.",1,['зал'],3,"[[2.0, 8.0], [2.17, 7.67], [4.33, 5.0]]","['небольшой', 'очень шумно', 'такой гул']",['AMBIENCE#GENERAL']
rus,restaurant,31071:3_1239,"В-третьих, обслуживание: было очень неприятно топтаться в центре зала в верхней одежде (все официанты бегали по залу, никто не встретил и не показал где гардероб - он оказался шкафом между туалетами:)), официантка приносила сначала блюда, а потом уже приборы, счет несли довольно долго, когда уходили, девушка из гардероба выдала не все куртки и ушла... мелочи, но из них складывается впечатление.",1,['официанты'],2,"[[2.88, 6.5], [3.17, 6.0]]","['не показал', 'никто не встретил']",['SERVICE#GENERAL']
tat,restaurant,225:13_3,"Ит заказ биргәнгә караганда бераз көчлерәк кыздырылган,ләкин шуңа да карамастан, тәмле һәм йомшак иде.",1,['ит'],2,"[[6.9, 6.2], [7.0, 6.2]]","['йомшак', 'тәмле']",['FOOD#QUALITY']
tat,restaurant,280:4_7,"Ресторанның интерьеры матур якты төсләрдә эшләнгән, стеналар янында уңайлы (кызыклы) өстәлләр бар, ләкин менә ресторан үзәгендәге урыннар бераз күңелсезләндерә, чөнки алар шактый уңайсыз.",1,['интерьеры'],2,"[[6.67, 6.0], [7.12, 6.75]]","['матур', 'матур якты төсләрдә эшләнгән']",['AMBIENCE#GENERAL']
tat,restaurant,280:4_7,"Ресторанның интерьеры матур якты төсләрдә эшләнгән, стеналар янында уңайлы (кызыклы) өстәлләр бар, ләкин менә ресторан үзәгендәге урыннар бераз күңелсезләндерә, чөнки алар шактый уңайсыз.",1,['ресторан үзәгендәге урыннар'],2,"[[3.12, 6.75], [3.6, 6.0]]","['бераз күңелсезләндерә', 'шактый уңайсыз']",['AMBIENCE#GENERAL']
tat,restaurant,280:8_10,La Fabrik ресторанына күңелле кич өчен рәхмәт!),1,['la fabrik ресторанына'],2,"[[7.12, 6.88], [7.33, 7.33]]","['күңелле кич', 'рәхмәт']",['RESTAURANT#GENERAL']
tat,restaurant,1032:4_12,"Зур гаҗәпкә каршы пицца (тагын бер тапкыр - балалар менюсыннан!) шулкадәр борычлы булган ки, олылар да аны ашый алмаган, бала турында әйтеп тә торасы юк.",1,['пицца'],2,"[[2.33, 8.0], [2.38, 7.75]]","['ашый алмаган', 'шулкадәр борычлы']",['FOOD#QUALITY']
tat,restaurant,1032:12_17,"Хезмәт күрсәтү өчен 3, чөнки официант заказларны бутады, сайларга ярдәм итә алмады (яки теләмәде, клиент нәрсә теләвен ачыклауда ярдәм сораганда, ул ""бар да тәмле, барысын да алыгыз"" дигәнне ишетергә теләми).",1,['официант'],2,"[[2.5, 6.62], [2.8, 6.6]]","['заказларны бутады', 'сайларга ярдәм итә алмады']",['SERVICE#GENERAL']
tat,restaurant,1032:14_18,"Плюслардан балалар бүлмәсендә няня булуны билгеләп үтәсем килә, бик сөйкемле кыз, балага бик ошады.",1,['кыз'],2,"[[7.88, 7.5], [8.0, 8.0]]","['бик ошады', 'бик сөйкемле']",['SERVICE#GENERAL']
tat,restaurant,1052:7_25,"Безгә бары тик ""син"" дип кенә мөрәҗәгать иткән, әдәпсезлек күрсәткән официант мәңгегә хәтердә калачак, ә аңа кисәтү ясалгач, ул безгә үзенең сөйгән кызы белән талашканлыгын һәм аның кәефе коточкыч икәнлеген хәбәр итте!",1,['официант'],2,"[[1.67, 8.33], [1.7, 8.3]]","['Безгә бары тик ""син"" дип кенә мөрәҗәгать иткән', 'әдәпсезлек күрсәткән']",['SERVICE#GENERAL']
tat,restaurant,1052:11_27,"Резюме түбәндәгечә: тулаем алганда урын бик яхшы, бәяләр тешләми, әмма персоналны алыштыру турында җитди уйланырга кирәк...",1,['урын'],2,"[[7.0, 6.67], [8.0, 7.67]]","['бик яхшы', 'бәяләр тешләми']","['RESTAURANT#GENERAL', 'RESTAURANT#PRICES']"
tat,restaurant,1105:3_29,"Барысы да һәрвакыт бик тәмле: ысланган итле борщ, грильдәге ролллар, шаккатыргыч филадельфия.",1,['филадельфия'],2,"[[8.0, 8.0], [8.75, 8.38]]","['бик тәмле', 'шаккатыргыч']",['FOOD#QUALITY']
tat,restaurant,1105:6_31,Без яраткан креветкалы цезарь салаты да яхшы иде.,1,['креветкалы цезарь салаты'],2,"[[7.2, 7.0], [8.0, 8.0]]","['яраткан', 'яхшы']",['FOOD#QUALITY']
tat,restaurant,1105:12_35,"Интерьер шактый тыныч, көрән һәм сөтле чәй төсләрендә, ләкин арзанлы түгел, бу әллә нинди ""җәһәннәмдәге"" кафе дип әйтеп булмый.",1,['интерьер'],2,"[[5.5, 4.17], [6.0, 4.67]]","['арзанлы түгел', 'шактый тыныч']",['AMBIENCE#GENERAL']
tat,restaurant,1200:0_37,"Туган көнне бәйрәм иттек, барысы да ошады,үзендә уңайлы интерьер (беренче зал), тәмле ризык,күңелле персонал һәм бииик демократик бәяләр ( туган көн хөрмәтенә 33% ташлама) берләштерерлек урын таба алдык,әмма шулай да берничә бик сәер момент булды.1.",1,['урын'],2,"[[7.33, 7.33], [8.5, 8.5]]","['бииик демократик бәяләр', 'ошады']","['RESTAURANT#GENERAL', 'RESTAURANT#PRICES']"
tat,restaurant,1308:7_55,"Тыныч һәм стильле интерьер, рәхәт мохит, игътибарлы, ләкин бәйләнчек булмаган хезмәт күрсәтү, бик яхшы ризык - барысы да ныклы 10га!",1,['интерьер'],2,"[[7.0, 6.25], [7.3, 7.0]]","['Тыныч', 'стильле']",['AMBIENCE#GENERAL']
tat,restaurant,1308:7_55,"Тыныч һәм стильле интерьер, рәхәт мохит, игътибарлы, ләкин бәйләнчек булмаган хезмәт күрсәтү, бик яхшы ризык - барысы да ныклы 10га!",1,['хезмәт күрсәтү'],2,"[[7.12, 6.75], [7.5, 7.25]]","['бәйләнчек булмаган', 'игътибарлы']",['SERVICE#GENERAL']
tat,restaurant,1368:1_57,"Интерьер бик ошады - чын-чынлап пабныкы, әмма шул ук вакытта бәйләнчек түгел һәм уңайлы.",1,['интерьер'],3,"[[6.62, 6.5], [6.75, 6.75], [7.67, 7.33]]","['бик ошады', 'бәйләнчек түгел', 'уңайлы']",['AMBIENCE#GENERAL']
tat,restaurant,1368:2_58,"Мохит нинди кирәк, шундый-күңел ачуга һәм дусларча аралашуга этәрә.",1,['мохит'],2,"[[7.0, 6.7], [7.17, 7.0]]","['күңел ачуга һәм дусларча аралашуга этәрә', 'нинди кирәк, шундый']",['AMBIENCE#GENERAL']
tat,restaurant,1368:17_68,"Бәяләр буенча, сүз уңаеннан, барысы да яхшы- мондый оешмалар өчен уртача, күпләрнеке кебек арттырылмаган.",1,['оешмалар'],3,"[[5.0, 3.12], [5.17, 3.5], [5.25, 3.75]]","['арттырылмаган', 'уртача', 'яхшы']",['RESTAURANT#PRICES']
tat,restaurant,1427:3_71,"Кич белән сезнең янга арыган килеш кердек,барлык заллар да тулы булып чыкты, ә верандада бала белән утыру шулай да салкынча булып чыкты, безне егет кеше каршы алды, утырырга мөмкин булган берничә өстәл тәкъдим итте. Өстәлгә кадәр кыз кеше озатты(кызганычка каршы исемен хәтерләмим) тышкы кыяфәтенә караганда администратор,ул меню бирде, иң гаҗәпләндергәне безнең бокалларга бөтенләй бушлай су салулары иде, бик күңелебез булды..",1,['егет кеше'],2,"[[6.17, 5.67], [6.67, 6.67]]","['каршы алды', 'тәкъдим итте']",['SERVICE#GENERAL']
tat,restaurant,1427:5_72,"Хезмәт күрсәтү бәйләнчек түгел, үзебезне өйдәге кебек хис иттек.",1,['хезмәт күрсәтү'],2,"[[6.5, 6.3], [7.62, 7.62]]","['бәйләнчек түгел', 'өйдәге кебек']",['SERVICE#GENERAL']
tat,restaurant,1434:2_76,"Һәм интерьер минем күңелемне төшермәде, ә, киресенчә, бик шатландырды.",1,['интерьер'],2,"[[6.17, 5.33], [7.83, 7.67]]","['бик шатландырды', 'төшермәде']",['AMBIENCE#GENERAL']
tat,restaurant,1434:3_77,Бик матур һәм уңайлы урын.,1,['урын'],2,"[[7.5, 7.1], [8.1, 7.7]]","['Бик матур', 'уңайлы']",['AMBIENCE#GENERAL']
tat,restaurant,1563:5_93,"Әгәр инде паб икән, ул паб булып калсын иде... ләкин үземнең куркынычым һәм тәвәккәллегем аркасында, мин вәсвәсәдән тыелып кала алмадым һәм яраткан сушиларыма заказ бирдем, гәрчә күп тапкырлар ант итсәм дә... бик бәйләнмәсәң, суши, гомумән, гади иде, ләкин.. ничектер чак –чак кына алар белән чыннан да ләззәтләнергә мөмкин булган дәрәҗәгә җитмиләр иде.",1,['суши'],2,"[[4.62, 4.62], [5.0, 3.5]]","['гади', 'чак –чак кына алар белән чыннан да ләззәтләнергә мөмкин булган дәрәҗәгә җитмиләр иде']",['FOOD#QUALITY']
tat,restaurant,1563:7_95,"Сыра шулай ук барысына да ошады, сайлау да шактый зур - Пабта шулай булырга тиеш тә.",1,['сыра'],2,"[[7.17, 7.17], [7.5, 7.0]]","['ошады', 'сайлау да шактый зур']","['DRINKS#QUALITY', 'DRINKS#STYLE_OPTIONS']"
tat,restaurant,1666:5_100,"Хезмәт күрсәтү белән бәхет елмайды,сөйкемле кыз эләкте, ул җентекләп сөйләде һәм барлык сорауларга елмаеп җавап бирде.",1,['кыз'],3,"[[7.0, 6.8], [7.33, 7.33], [7.38, 7.25]]","['барлык сорауларга елмаеп җавап бирде', 'сөйкемле', 'җентекләп сөйләде']",['SERVICE#GENERAL']
tat,restaurant,1749:0_101,"Зур компания белән утырып, бик шәп ял итәргә мөмкин булган яхшы урын.",1,['урын'],2,"[[7.1, 6.8], [8.0, 7.67]]","['бик шәп ял итәргә', 'яхшы']",['RESTAURANT#GENERAL']
tat,restaurant,1749:6_106,"Андыйны Мин Италиядә генә кабып карадым, гаҗәпкә каршы торт нәфис һәм һавалы булып чыкты, бармакларыңны яларлык!",1,['торт'],3,"[[7.3, 7.5], [8.88, 8.5]]","['бармакларыңны яларлык', 'нәфис', 'һавалы']",['FOOD#QUALITY']
tat,restaurant,1751:2_112,"Зал бик иркен һәм атмосфералы, буш урын җитәрлек.",1,['зал'],2,"[[7.4, 7.2], [7.9, 7.5]]","['атмосфералы', 'бик иркен']",['AMBIENCE#GENERAL']
tat,restaurant,1751:12_117,"Кофе-десерт-шулай ук дәгъвасыз, барысы да тәмле.",1,['кофе-десерт'],2,"[[6.5, 5.67], [7.25, 7.0]]","['дәгъвасыз', 'тәмле']",['FOOD#QUALITY']
tat,restaurant,2006:2_125,"Ресторанда тыныч, ямьле мохит.",1,['мохит'],2,"[[6.7, 6.0], [7.0, 6.4]]","['тыныч', 'ямьле']",['AMBIENCE#GENERAL']
tat,restaurant,2006:3_126,Бигрәк тә миңа тирамису десертының тәмле әзерләнүе ошады.,1,['тирамису десертының'],2,"[[7.0, 6.33], [7.12, 6.62]]","['тәмле', 'тәмле әзерләнүе']",['FOOD#QUALITY']
tat,restaurant,2013:0_128,Атлантис рестораны күп еллар дәвамында иң күңелле һәм уңайлы урыннарның берсе булып кала.,1,['атлантис рестораны'],2,"[[7.12, 6.62], [8.17, 8.0]]","['иң күңелле', 'уңайлы']",['RESTAURANT#GENERAL']
tat,restaurant,2013:4_132,"Бланманже белән Декуаз минем фаворитлар, бик киңәш итәм!",1,['бланманже'],2,"[[7.8, 7.4], [8.5, 8.33]]","['бик киңәш итәм', 'фаворитлар']",['FOOD#QUALITY']
tat,restaurant,2013:4_132,"Бланманже белән Декуаз минем фаворитлар, бик киңәш итәм!",1,['декуаз'],2,"[[7.8, 7.4], [8.5, 8.33]]","['бик киңәш итәм', 'фаворитлар']",['FOOD#QUALITY']
tat,restaurant,2013:5_133,"Суши, яратучылар өчен, супер тәмле, шәһәрдә, аннан читтә дә, минем карашка, иң тәмлеседер!:)",1,['суши'],2,"[[8.3, 8.1], [9.0, 8.67]]","['иң тәмлеседер', 'супер тәмле']",['FOOD#QUALITY']
tat,restaurant,2013:10_137,Аны бик Тәкъдим Итәм һәм күп еллар дәвамында сыйфатлы эше өчен ресторанга рәхмәтлемен!,1,['ресторанга'],2,"[[7.0, 6.33], [8.33, 8.17]]","['Аны бик Тәкъдим Итәм', 'сыйфатлы']",['RESTAURANT#GENERAL']
tat,restaurant,2073:10_142,"Яхшы җырчы, яхшы тавышлы... ләкин мондый кечкенә бина өчен-бу тыныч курку.",1,['бина'],2,"[[1.17, 8.5], [2.83, 6.33]]","['мондый кечкенә', 'тыныч курку']",['AMBIENCE#GENERAL']
tat,restaurant,2168:4_148,"Беренче катта ачык кухня, барысы да плитка белән түшәлгән һәм күп өстәлләр - бик үк уңайлы түгел, әмма интерьер һәм чыннан да кызыклы, мондый формат өчен ниндидер оригиналь булса да.",1,['интерьер'],2,"[[7.0, 6.75], [7.17, 7.0]]","['кызыклы', 'мондый формат өчен ниндидер оригиналь']",['AMBIENCE#GENERAL']
tat,restaurant,2364:6_164,"Официантларның хезмәт күрсәтүләре дә ошады, чөнки алар бәйләнчек түгел һәм сизелерлек түгел, ләкин моңа карамастан, бокаллар һәрвакыт тулы, савыт-сабалар вакытында җыештырылган иде.",1,['официантларның'],5,"[[6.8, 6.0], [6.9, 6.2], [7.1, 6.4], [7.33, 6.83], [7.38, 7.12]]","['бокаллар һәрвакыт тулы', 'бәйләнчек түгел', 'ошады', 'савыт-сабалар вакытында җыештырылган', 'сизелерлек түгел']",['SERVICE#GENERAL']
tat,restaurant,2468:2_166,"Мөгаен, мин консерватордыр, чөнки мин нәкъ менә шундый пландагы биналарны яратам: яхшы интерьер, акрын музыка, тыныч мохит, әдәпле һәм ягымлы персонал.",1,['персонал'],2,"[[6.88, 6.12], [6.9, 6.5]]","['ягымлы', 'әдәпле']",['SERVICE#GENERAL']
tat,restaurant,2468:10_171,"Официант кыз өстәлне күзәтеп тора һәм вакытында көл савытын алыштыра һәм шәраб өсти, ягъни",1,['официант'],2,"[[6.75, 5.75], [6.83, 6.17]]","['вакытында', 'өстәлне күзәтеп тора']",['SERVICE#GENERAL']
tat,restaurant,2468:11_172,хезмәт күрсәтү ничек булырга тиеш - классик өслүбтә.,1,['хезмәт күрсәтү'],2,"[[7.0, 5.88], [7.5, 7.17]]","['классик өслүбтә', 'ничек булырга тиеш']",['SERVICE#GENERAL']
tat,restaurant,2495:6_175,"Яхшы хезмәт күрсәтү, күңелле мохит һәм кунакчыл официантлар өчен зур рәхмәт!",1,['хезмәт күрсәтү'],2,"[[6.75, 6.5], [8.17, 7.83]]","['Яхшы', 'зур рәхмәт']",['SERVICE#GENERAL']
tat,restaurant,2495:7_176,"Искиткеч аш-сулы һәм яхшы күңелле персоналлы бу гаҗәеп, ямьле урынга тагын берничә тапкыр барырбыз дип өметләнәбез.",1,['урынга'],2,"[[7.1, 6.5], [7.7, 7.3]]","['гаҗәеп', 'ямьле']",['RESTAURANT#GENERAL']
tat,restaurant,2606:2_177,"Урын уңайлы, интерьер - кызыклы һәм сыйфатлы эшләнгән, аш-су яхшы.",1,['интерьер'],2,"[[6.9, 6.4], [7.0, 6.33]]","['кызыклы', 'сыйфатлы']",['AMBIENCE#GENERAL']
tat,restaurant,2606:4_179,"Аннары официантка, әйтерсең лә, югалган, нәрсәнедер өстәмә заказ бирү өчен чакырып булмады, бик озак көтәргә туры килде, нәтиҗәдә дөрес санамадылар, исәпкә без заказ биргәнгә караганда 2 пунктка күбрәк керттеләр.",1,['официантка'],4,"[[2.0, 7.33], [2.0, 7.75], [2.67, 7.33], [2.9, 6.7]]","['бик озак көтәргә туры килде', 'дөрес санамадылар', 'чакырып булмады', 'әйтерсең лә, югалган']",['SERVICE#GENERAL']
tat,restaurant,2606:5_180,"Һәм бу официантка әдәпле генә аңлашу урынына тупасларча эшләде, нәтиҗәдә белмим...мин сезнең нәрсә заказ биргәнегезне хәтерләмим, ләкин сезнеңчә булсын...дигән сүзләр белән яңа счет китерде, кыскасы, кәефем бозылды....шулай булгач, мин бу урынга тиз генә яңадан килмәячәкмен әле",1,['официантка'],2,"[[1.83, 8.17], [2.67, 7.17]]","['кәефем бозылды', 'тупасларча']",['SERVICE#GENERAL']
tat,restaurant,2616:3_183,"Интерьер пөхтә, тыныч, уңайлы.",1,['интерьер'],3,"[[6.7, 6.0], [6.8, 6.2]]","['пөхтә', 'тыныч', 'уңайлы']",['AMBIENCE#GENERAL']
tat,restaurant,2616:8_187,"Хезмәт күрсәтү: тиз, эш буенча, хатасыз.",1,['хезмәт күрсәтү'],3,"[[6.88, 6.38], [6.88, 6.5], [7.0, 6.5]]","['тиз', 'хатасыз', 'эш буенча']",['SERVICE#GENERAL']
tat,restaurant,2692:1_193,"Бу яхшы, тәмле һәм гади ашау урыны.",1,['урыны'],3,"[[7.0, 6.0], [7.0, 6.25], [7.33, 6.67]]","['гади', 'тәмле', 'яхшы']",['RESTAURANT#GENERAL']
tat,restaurant,2692:4_195,"Елдан-ел ресторан начарланмый, бу сөендерми кала алмый.",1,['ресторан'],2,"[[6.38, 5.62], [7.25, 7.12]]","['начарланмый', 'сөендерми кала алмый']",['RESTAURANT#GENERAL']
tat,restaurant,2747:3_200,Өч тапкыр да тәмәке тартучылар залында утырдык-бик сөйкемле һәм уңайлы диван-купелар.,1,['диван-купелар'],2,"[[7.2, 6.6], [7.4, 6.9]]","['бик сөйкемле', 'уңайлы']",['AMBIENCE#GENERAL']
tat,restaurant,2747:8_204,"Алган ризыклардан барыннан да бигрәк ""Кавказ"" салаты ошады - үзенчәлекле грейпфрут әчкелтемлеге белән нәфис.",1,"['""кавказ"" салаты']",2,"[[7.2, 6.6], [8.5, 8.12]]","['нәфис', 'ошады']",['FOOD#QUALITY']
tat,restaurant,2747:10_206,Яшелчә гарниры тәмле-үзенчәлекле итеп бирелгән.,1,['яшелчә гарниры'],2,"[[6.88, 6.38], [7.25, 7.0]]","['тәмле', 'үзенчәлекле итеп']","['FOOD#QUALITY', 'FOOD#STYLE_OPTIONS']"
tat,restaurant,2747:11_207,"Петрушка соусы белән яшелчәләр белән пешерелгән Форель-тәмле, җиңел һәм матур итеп бизәлгән ризык.",1,['форель'],2,"[[6.75, 6.0], [7.1, 6.5]]","['тәмле', 'җиңел']",['FOOD#QUALITY']
tat,restaurant,2747:11_207,"Петрушка соусы белән яшелчәләр белән пешерелгән Форель-тәмле, җиңел һәм матур итеп бизәлгән ризык.",1,['петрушка соусы'],2,"[[6.75, 6.0], [7.1, 6.5]]","['тәмле', 'җиңел']",['FOOD#QUALITY']
tat,restaurant,2747:11_207,"Петрушка соусы белән яшелчәләр белән пешерелгән Форель-тәмле, җиңел һәм матур итеп бизәлгән ризык.",1,['ризык'],3,"[[6.83, 6.17], [7.17, 6.83], [7.38, 7.12]]","['матур итеп бизәлгән', 'тәмле', 'җиңел']","['FOOD#QUALITY', 'FOOD#STYLE_OPTIONS']"
tat,restaurant,2747:15_208,"Җиңел юка камыр, сусыл ит-бик яхшы.",1,['камыр'],3,"[[6.75, 6.25], [7.17, 7.17], [8.12, 7.88]]","['бик яхшы', 'юка', 'Җиңел']",['FOOD#QUALITY']
tat,restaurant,2747:15_208,"Җиңел юка камыр, сусыл ит-бик яхшы.",1,['ит'],2,"[[7.1, 6.4], [8.12, 7.88]]","['бик яхшы', 'сусыл']",['FOOD#QUALITY']
tat,restaurant,2747:18_211,"Кыскасы, без бик яхшы вакыт уздырдык һәм бу уңайлы ресторанда тәмле итеп ашадык.",1,['ресторанда'],3,"[[7.25, 6.5], [7.75, 7.12]]","['бик яхшы', 'тәмле итеп', 'уңайлы']","['AMBIENCE#GENERAL', 'FOOD#QUALITY', 'RESTAURANT#GENERAL']"
tat,restaurant,2965:6_215,"Хезмәт күрсәтү бәйләнчек түгел, сиздермичә генә дип әйтер идем,бик күңелле официантлар,шунда ук чәчәкләр өчен ваза алып килделәр,заказ кабул иттеләр,барысы да бик әдәпле, менюны яхшы белү һәм яхшы теләк белән.",1,['хезмәт күрсәтү'],2,"[[6.7, 5.9], [6.75, 6.12]]","['бәйләнчек түгел', 'сиздермичә генә']",['SERVICE#GENERAL']
tat,restaurant,2965:7_216,"Аш-су күптөрлелеге,яхшы,мәгълүмати меню белән сөендерде,аның буенча теләсә нинди зәвыкка ризык сайларга мөмкин иде,чөнки Япон,рус ,грузин ризыклары тәкъдим ителгән.",1,['меню'],2,"[[6.9, 6.3], [7.0, 6.4]]","['мәгълүмати', 'яхшы']",['FOOD#STYLE_OPTIONS']
tat,restaurant,2965:10_218,"Бик күңелле вакыт уздырдык ,бу ресторанны сайлавыбызга бик шатландык, хезмәт күрсәтү һәм аш-су дәрәҗәсеннән канәгать калдык.",1,['ресторанны'],2,"[[7.75, 7.12], [8.0, 7.83]]","['Бик күңелле', 'бик шатландык']",['RESTAURANT#GENERAL']
tat,restaurant,10099:5_220,"Тәмле, гадәти булмаган ризык.",1,['ризык'],2,"[[7.0, 6.6], [7.0, 6.75]]","['Тәмле', 'гадәти булмаган']",['FOOD#QUALITY']
tat,restaurant,10099:7_221,"Интерьер уңаеннан: урын тыныч, шау-шулы компанияләр юк (һәрхәлдә, без килгән вакытта булмады), бик ямьле һәм рәхәт мохит, барысы да иң яхшы традицияләрдә.",1,['мохит'],2,"[[7.1, 6.9], [8.0, 7.3]]","['бик ямьле', 'рәхәт']",['AMBIENCE#GENERAL']
tat,restaurant,10239:3_223,"Өстәлләрдә рәхәт яктыртулы җиңел француз стилендәге интерьер, артык ашамлыклар һәм эчемлекләрне такмыйча хезмәт күрсәтү (официантка Анна), барысы да төгәл һәм тиз барды.",1,['хезмәт күрсәтү'],3,"[[7.25, 6.5], [7.5, 7.0], [7.5, 7.17]]","['артык ашамлыклар һәм эчемлекләрне такмыйча', 'тиз', 'төгәл']",['SERVICE#GENERAL']
tat,restaurant,10239:3_223,"Өстәлләрдә рәхәт яктыртулы җиңел француз стилендәге интерьер, артык ашамлыклар һәм эчемлекләрне такмыйча хезмәт күрсәтү (официантка Анна), барысы да төгәл һәм тиз барды.",1,['официантка'],3,"[[7.17, 6.83], [7.33, 7.0], [7.5, 6.83]]","['такмыйча', 'тиз', 'төгәл']",['SERVICE#GENERAL']
tat,restaurant,10239:9_228,Ресторан хезмәткәрләренә җылы һәм сыйфатлы кабул итүләре өчен зур рәхмәт.,1,['кабул итүләре'],2,"[[7.4, 7.0], [7.5, 7.3]]","['сыйфатлы', 'җылы']",['SERVICE#GENERAL']
tat,restaurant,10354:0_229,"Мин бу ресторанга балачакта йөрмәдем, кайчандыр барысы да ничек булганын белмим, әмма хәзер бу яхшы аш-сулы бик сөйкемле һәм уңайлы урын.",1,['урын'],2,"[[6.75, 6.25], [6.83, 6.67]]","['сөйкемле', 'уңайлы']",['RESTAURANT#GENERAL']
tat,restaurant,10354:2_230,"Администрация безгә ачык йөз белән яңа банкет залын тәкъдим итте, без анда ябылдык та, музыка кабыздык, кальян тарттык, күңел ачтык, һәм безгә беркем дә комачауламады.",1,['банкет залын'],2,"[[6.67, 5.83], [7.0, 6.67]]","['беркем дә комачауламады', 'яңа']",['AMBIENCE#GENERAL']
tat,restaurant,10354:4_232,Мине исә барыннан да бигрәк администрациянең безгә теләктәшлек күрсәтүе һәм банкетка яхшы ташлама ясавы сөендерде :),1,['администрациянең'],2,"[[7.25, 6.88], [8.0, 8.0]]","['сөендерде', 'теләктәшлек күрсәтүе']",['SERVICE#GENERAL']
tat,restaurant,10354:11_235,"Аш-судан тәкъдим итә алам: сулугуни сыры һәм яшеллекле чебурек (тылсымлы!), баклажаннан сациви, чанахи ашы, әлбәттә, хинкали, һәм, мөгаен, бәрән аякларыдыр (ашамлыкның төгәл исемен хәтерләмим).",1,['сулугуни сыры һәм яшеллекле чебурек'],2,"[[7.5, 7.17], [8.62, 8.62]]","['тылсымлы', 'тәкъдим итә алам']",['FOOD#QUALITY']
tat,restaurant,10625:7_239,"Интерьер тыныч, зәвык белән эшләнгән, ләкин әллә ни нәзакәтле түгел.",1,['интерьер'],3,"[[5.33, 4.17], [6.5, 5.7], [6.7, 6.4]]","['зәвык белән', 'тыныч', 'әллә ни нәзакәтле түгел']",['AMBIENCE#GENERAL']
tat,restaurant,10645:2_243,"Хезмәт күрсәтү турында бернинди тискәре әйбер дә әйтеп булмый-тиз киләләр, барысы да елмаялар, килеп, барысы да ошыймы, дип сорыйлар.",1,['хезмәт күрсәтү'],3,"[[5.83, 4.67], [6.75, 6.25], [6.88, 6.38]]","['барысы да елмаялар', 'бернинди тискәре әйбер дә', 'тиз киләләр']",['SERVICE#GENERAL']
tat,restaurant,10645:4_244,"Интерьер исең китәрлек түгел, ләкин сөйкемле һәм уңайлы.",1,['интерьер'],3,"[[5.25, 5.0], [6.6, 6.0], [6.7, 6.3]]","['исең китәрлек түгел', 'сөйкемле', 'уңайлы']",['AMBIENCE#GENERAL']
tat,restaurant,10645:11_247,"Икенче яктан, итнең һәр төреннән берәр шашлык бар, гомумән алганда җитәрлек, әмма ниндидер гадәти булмаган әйбер күрәсе килә..",1,['шашлык'],2,"[[5.0, 3.8], [5.0, 4.33]]","['гомумән алганда җитәрлек', 'ниндидер гадәти булмаган әйбер']",['FOOD#STYLE_OPTIONS']
tat,restaurant,10663:2_249,Гардеробтан ир-ат бик әдәпле һәм ягымлы.,1,['гардеробтан ир-ат'],2,"[[7.1, 6.6], [7.88, 7.5]]","['бик әдәпле', 'ягымлы']",['SERVICE#GENERAL']
tat,restaurant,10663:4_250,"Безгә Администратор чакырттык, мөлаемнан мөлаем кыз, барысын да сөйләде, күрсәтте ,бернинди сораулар да тумады, хәтта күз кырые белән кече залга карадык (бу вакытта анда банкет башлана иде).",1,['администратор'],2,"[[6.67, 6.5], [8.17, 8.5]]","['бернинди сораулар да тумады', 'мөлаемнан мөлаем']",['SERVICE#GENERAL']
tat,restaurant,10663:6_251,"Официант кызлар барысы да исәнләшә һәм елмая, интерьер искиткеч.",1,['официант кызлар'],2,"[[6.75, 6.5], [7.0, 7.0]]","['елмая', 'исәнләшә']",['SERVICE#GENERAL']
tat,restaurant,10663:9_253,"Салкын һава торышы чорында рәхәт комплимент, заказ көткән арада кайнар чәй эчтек, искиткеч!",1,['чәй'],2,"[[7.17, 6.83], [8.1, 8.3]]","['искиткеч', 'кайнар']",['DRINKS#QUALITY']
tat,restaurant,10663:10_254,"официантка кыз (чекта Луиза дип язылган иде) әдәпле, хезмәт күрсәтү тыйнак, сыйфатлы.",1,['хезмәт күрсәтү'],2,"[[6.5, 5.8], [6.8, 6.2]]","['сыйфатлы', 'тыйнак']",['SERVICE#GENERAL']
tat,restaurant,10663:12_256,"Үзләре ыслаган ит искиткеч, бик тәмле!",1,['ит'],2,"[[8.6, 8.6], [8.8, 8.4]]","['бик тәмле', 'искиткеч']",['FOOD#QUALITY']
tat,restaurant,10663:16_259,Барыгызга да бу искиткеч урынга барырга киңәш итәм!,1,['урынга'],2,"[[7.17, 7.0], [8.0, 8.0]]","['барырга киңәш итәм', 'искиткеч']",['RESTAURANT#GENERAL']
tat,restaurant,10778:3_261,"Аннары-игътибарлы персонал,адекват бәяләр, уңайлы һәм матур интерьер, шәһәр үзәге.",1,['интерьер'],2,"[[7.0, 6.6], [7.0, 6.8]]","['матур', 'уңайлы']",['AMBIENCE#GENERAL']
tat,restaurant,10778:6_263,Игътибарлы һәм профессиональ кешеләр булдырган бу ресторанда яхшы энергетика.,1,['кешеләр'],2,"[[7.0, 6.6], [7.2, 6.8]]","['Игътибарлы', 'профессиональ']",['SERVICE#GENERAL']
tat,restaurant,10778:10_267,Мондый яхшы һәм уңайлы урыннар Питерда алай күп түгел.,1,['урыннар'],2,"[[7.0, 6.5], [7.12, 6.62]]","['уңайлы', 'яхшы']",['RESTAURANT#GENERAL']
tat,restaurant,10798:1_269,"Бер генә нәрсәне әйтә алам-чыннан да һәркемгә кереп, тыныч, уңайлы шартларда вакыт үткәрү өчен күңелле урын таптык.",1,['шартларда'],2,"[[6.6, 6.2], [6.9, 6.5]]","['тыныч', 'уңайлы']",['AMBIENCE#GENERAL']
tat,restaurant,10798:4_272,"Европа аш-суы артта калмый..) барысы да югары разрд буенча. шактый түбән бәяләрдән бик тәмле.һәм хезмәт күрсәтү..мөлаем кызлар, заказны бик тиз алып килделәр, барысы да шәп.",1,['европа аш-суы'],3,"[[6.67, 6.33], [7.75, 7.38], [8.5, 8.0]]","['барысы да югары разрд буенча', 'бик тәмле', 'шактый түбән бәяләрдән']","['FOOD#PRICES', 'FOOD#QUALITY']"
tat,restaurant,10798:4_272,"Европа аш-суы артта калмый..) барысы да югары разрд буенча. шактый түбән бәяләрдән бик тәмле.һәм хезмәт күрсәтү..мөлаем кызлар, заказны бик тиз алып килделәр, барысы да шәп.",1,['хезмәт күрсәтү'],2,"[[7.67, 7.17], [8.0, 7.67]]","['барысы да шәп', 'бик тиз алып килделәр']",['SERVICE#GENERAL']
tat,restaurant,10798:5_273,"коктельләр һәм алкогольнең сыеклаштырылмаган булулары күренә һәм шулай ук 5+ка. гомумән алганда, бер нәтиҗә - янә дә янә анда килербез һәм бер генә тапкыр түгел! киңәш итәм.",1,['коктельләр'],2,"[[7.38, 6.5], [8.25, 8.0]]","['5+ка', 'сыеклаштырылмаган булулары']",['DRINKS#QUALITY']
tat,restaurant,10798:5_273,"коктельләр һәм алкогольнең сыеклаштырылмаган булулары күренә һәм шулай ук 5+ка. гомумән алганда, бер нәтиҗә - янә дә янә анда килербез һәм бер генә тапкыр түгел! киңәш итәм.",1,['алкогольнең'],2,"[[7.38, 6.5], [8.25, 8.0]]","['5+ка', 'сыеклаштырылмаган булулары']",['DRINKS#QUALITY']
tat,restaurant,10847:1_278,"Мохит ямьле, рәхәт.",1,['мохит'],2,"[[6.9, 6.1], [6.9, 6.3]]","['рәхәт', 'ямьле']",['AMBIENCE#GENERAL']
tat,restaurant,10847:3_280,"Шундук күренә, интерьер мәсьәләсенә мөмкин кадәр җентекләбрәк караганнар, бу шатландыра.",1,['интерьер мәсьәләсенә'],2,"[[7.0, 7.33], [7.17, 7.33]]","['мөмкин кадәр җентекләбрәк', 'шатландыра']",['AMBIENCE#GENERAL']
tat,restaurant,10847:5_282,"Кафеда персоналдан кешеләрнең эшләргә теләве һәм моны яратулары сизелә, ә бу иң мөһиме!)",1,['персоналдан'],2,"[[6.67, 6.33], [7.17, 7.33]]","['эшләргә теләве', 'яратулары']",['SERVICE#GENERAL']
tat,restaurant,10847:9_284,"Десерт бик тәмле иде, безгә ошады)",1,['десерт'],2,"[[7.4, 7.1], [8.2, 7.8]]","['бик тәмле', 'ошады']",['FOOD#QUALITY']
tat,restaurant,10847:10_285,"Балык сохариларында яки ничектер шулай пешерелгән суши соклану уяттылар, чөнки бу чыннан да тәмле иде.",1,['балык сохариларында яки ничектер шулай пешерелгән суши'],2,"[[8.1, 7.7], [8.5, 8.0]]","['соклану', 'чыннан да тәмле иде']",['FOOD#QUALITY']
tat,restaurant,10942:3_290,"Бик яхшы интерьер, яхшы хезмәт күрсәтү, тиз, бәйләнчек түгел.",1,['хезмәт күрсәтү'],3,"[[6.7, 6.3], [6.8, 6.5], [6.9, 6.6]]","['бәйләнчек түгел', 'тиз', 'яхшы']",['SERVICE#GENERAL']
tat,restaurant,10942:7_292,"Зур порцияләр, барысы да бик тәмле.",1,['порцияләр'],2,"[[6.67, 6.0], [8.0, 8.0]]","['Зур', 'бик тәмле']",['FOOD#QUALITY']
tat,restaurant,10942:9_294,"Шулай ук коктейльләр төрлелеге дә зур, кайберләре бик тә ярыйсы.",1,['коктейльләр'],2,"[[7.0, 7.33], [7.12, 6.5]]","['бик тә ярыйсы', 'төрлелеге дә зур']","['DRINKS#QUALITY', 'DRINKS#STYLE_OPTIONS']"
tat,restaurant,10985:7_299,"Ярый алайса-Кытай аш-суы белән танышбыз - сыер ите, дуңгыз ите, дөге, бер - ике кабымлыкка заказ бирдек, өлешләр зур, ризык-тәмле булып чыкты, барысын да кайнар килеш китерделәр.",1,['ризык'],2,"[[6.83, 6.33], [7.1, 6.7]]","['барысын да кайнар килеш китерделәр', 'тәмле']",['FOOD#QUALITY']
tat,restaurant,10985:9_301,"Сервиска килгәндә -официантка исәнләшмәде, утырырга өлгермәдек-заказ алырга килде, дөрес, ашамлыкларны тиз чыгардылар, әмма счетны көтәргә туры килде....өстәвенә, бездән башка тагын нибары 2 өстәл артында кешеләр утыра иде.",1,['официантка'],2,"[[3.4, 6.4], [3.6, 6.4]]","['исәнләшмәде', 'счетны көтәргә туры килде']",['SERVICE#GENERAL']
tat,restaurant,11027:2_302,"Ресторанга керәбез, анда безне ягымлы, чибәр кыз каршы ала.",1,['кыз'],2,"[[6.9, 6.7], [7.0, 7.0]]","['чибәр', 'ягымлы']",['SERVICE#GENERAL']
tat,restaurant,11027:6_305,Бик гадәти булмаган һәм кызыклы дизайнер карары.,1,['дизайнер карары'],2,"[[7.2, 6.6], [7.33, 6.5]]","['гадәти булмаган', 'кызыклы']",['AMBIENCE#GENERAL']
tat,restaurant,11027:7_306,Барлык детальләр дә вак-төяккә кадәр уйланылган һәм бергә искиткеч җылылык һәм уңайлылык мохите тудыра.,1,['мохите'],3,"[[6.88, 6.88], [7.12, 7.12], [7.6, 7.3]]","['искиткеч', 'уңайлылык', 'җылылык']",['AMBIENCE#GENERAL']
tat,restaurant,11027:11_308,"Официантлар менюны беләләр, яхшы эшлиләр, кунакларга игътибарлы.",1,['официантлар'],3,"[[6.62, 6.12], [7.12, 7.0], [7.33, 7.0]]","['игътибарлы', 'менюны беләләр', 'яхшы']",['SERVICE#GENERAL']
tat,restaurant,11027:12_309,"Елмаялар, бу һәрвакыт күңелле. кыскасы, хезмәт күрсәтү 10 баллык, күпсанлы кунакларга карамастан, бернәрсәгә дә бәйләнеп булмый.",1,['хезмәт күрсәтү'],2,"[[7.83, 7.33], [8.38, 8.0]]","['10 баллык', 'бернәрсәгә дә бәйләнеп булмый']",['SERVICE#GENERAL']
tat,restaurant,11027:18_313,Искиткеч ресторан өчен бик зур рәхмәт.,1,['ресторан'],2,"[[8.0, 8.17], [8.2, 7.9]]","['Искиткеч', 'бик зур рәхмәт']",['RESTAURANT#GENERAL']
tat,restaurant,11102:1_318,"Кызыклы меню, бигрәк тә бәя-сыйфат нисбәте сөендерде.",1,['меню'],2,"[[7.0, 6.5], [7.33, 7.0]]","['Кызыклы', 'бигрәк тә бәя-сыйфат нисбәте сөендерде']","['FOOD#PRICES', 'FOOD#STYLE_OPTIONS']"
tat,restaurant,11102:2_319,"Ипидәге шулпа ошады, беркайда да моны татып караганым юк иде, бик үзенчәлекле һәм тәмле.",1,['ипидәге шулпа'],3,"[[7.12, 6.62], [7.3, 7.0], [7.83, 7.17]]","['бик үзенчәлекле', 'ошады', 'тәмле']",['FOOD#QUALITY']
tat,restaurant,11116:11_330,"Тик бер егет кенә сөендерде, һәрвакыт елмайды һәм, безнең өстәл өчен җаваплы булмаса да, эш дип санамады, яныбыздан узып, савыт-сабаны җыештырды.",1,['бер егет'],3,"[[6.88, 6.62], [7.0, 6.33], [7.33, 7.17]]","['елмайды', 'савыт-сабаны җыештырды', 'сөендерде']",['SERVICE#GENERAL']
tat,restaurant,11155:4_333,"Хезмәт күрсәтүгә чыннан да бернинди шелтәләр дә юк, барысы бик яхшы иде (әлбәттә, озак көттек,ләкин лаеклы ризыкны көтәргә дә була), мондый төрдәге интерьер миңа ошый, әмма ризык коточкыч иде(бәлки безгә бәхет елмаймагандыр).",1,['хезмәт күрсәтүгә'],2,"[[7.67, 7.33], [8.0, 7.83]]","['бернинди шелтәләр дә юк', 'бик яхшы']",['SERVICE#GENERAL']
tat,restaurant,11155:14_340,Яңа сыгылган сок һәм ипи тәмле булды (мондый ипине беркайчан да ашаганым юк иде),1,['ипине'],2,"[[6.9, 6.6], [7.33, 7.83]]","['беркайчан да ашаганым юк иде', 'тәмле булды']",['FOOD#QUALITY']
tat,restaurant,11355:3_349,"Аш-су турында начар әйтә алмыйм, ләкин гап-гади!",1,['аш-су'],2,"[[5.0, 3.83], [5.2, 4.0]]","['гап-гади', 'начар әйтә алмыйм']",['FOOD#QUALITY']
tat,restaurant,11388:2_351,"Интерьер сөйкемле, барысын да чамалап!",1,['интерьер'],2,"[[6.33, 6.17], [6.7, 6.1]]","['барысын да чамалап', 'сөйкемле']",['AMBIENCE#GENERAL']
tat,restaurant,11388:7_354,"Хезмәт күрсәтү буенча дәгъвалар юк, яхшы каршы алдылар, өстәл артына озаттылар (VIP зонада алдан броньладык, бәясе 400 сум).",1,['хезмәт күрсәтү'],2,"[[6.4, 6.2], [7.33, 6.83]]","['дәгъвалар юк', 'яхшы каршы алдылар']",['SERVICE#GENERAL']
tat,restaurant,11388:8_355,"Официантлар үзләрен озак көттермәделәр, барысы да бик әдәпле һәм түбәнчелекле иде!",1,['официантлар'],3,"[[6.67, 6.33], [7.25, 7.0], [7.38, 7.75]]","['барысы да бик әдәпле', 'түбәнчелекле', 'үзләрен озак көттермәделәр']",['SERVICE#GENERAL']
tat,restaurant,11421:2_358,"Бик яхшы хезмәт күрсәтү, барысын да тиз һәм әдәпле алып килделәр-киттеләр.",1,['хезмәт күрсәтү'],3,"[[7.38, 7.12], [8.0, 7.62]]","['Бик яхшы', 'тиз', 'әдәпле']",['SERVICE#GENERAL']
tat,restaurant,11421:4_360,"Барысы да бик тәмле иде, аш-суга бернинди шелтәләр дә юк.",1,['аш-суга'],2,"[[7.25, 7.12], [8.0, 7.6]]","['бернинди шелтәләр дә юк', 'бик тәмле']",['FOOD#QUALITY']
tat,restaurant,11532:13_370,"Счет китергәч, гаҗәпләндек: ял көннәрендә счет кичке 13 тән 17 гә кадәр 50% ка арзанрак икән, ә без инде официантлар безнең файдага ялгышкан дип уйлаган идек)))",1,['счет'],2,"[[7.25, 7.38], [8.17, 8.17]]","['50% ка арзанрак', 'гаҗәпләндек']",['RESTAURANT#PRICES']
tat,restaurant,11532:14_371,"Икмәк кәрзине ошады, һәм, сүз уңаеннан, ул бушлай.",1,['икмәк кәрзине'],2,"[[6.9, 6.8], [7.3, 7.3]]","['бушлай', 'ошады']","['FOOD#PRICES', 'FOOD#QUALITY']"
tat,restaurant,11770:17_383,"Әмма стейкның шулай ук яхшы эшләнгәнлегенә ышангач, канәгать калдым.",1,['стейкның'],2,"[[7.33, 7.33], [8.33, 8.0]]","['канәгать', 'яхшы']",['FOOD#QUALITY']
tat,restaurant,11770:19_385,"Официантлар әдәпле һәм алдан күрүчән, тирә-як матур.",1,['официантлар'],2,"[[6.9, 6.8], [7.0, 6.9]]","['алдан күрүчән', 'әдәпле']",['SERVICE#GENERAL']
tat,restaurant,11793:8_393,Әгәр дә сез анда беренче тапкыр барасыз икән - һичшиксез клярдагы туңдырманы татып карагыз-шәһәрдә иң яхшысы.,1,['клярдагы туңдырманы'],2,"[[7.83, 7.67], [9.0, 8.33]]","['иң яхшысы', 'татып карагыз']",['FOOD#QUALITY']
tat,restaurant,11825:7_399,"Гүзәл, хуш исле, төтенле - бу паста әлегә мин татып караганнарның иң яхшысы!!!",1,['паста'],4,"[[7.4, 7.6], [7.5, 7.88], [8.1, 8.3], [9.0, 9.0]]","['Гүзәл', 'иң яхшысы', 'төтенле', 'хуш исле']",['FOOD#QUALITY']
tat,restaurant,11825:10_401,"Мохит сөендерде-җылы, уңайлы һәм тыныч урын.",1,['урын'],3,"[[6.7, 6.6], [7.0, 6.9], [7.0, 7.0]]","['тыныч', 'уңайлы', 'җылы']",['RESTAURANT#GENERAL']
tat,restaurant,12118:4_406,"Ресторанның интерьеры, шәхсән миңа бик ошый, минем кунакларым да канәгать калды.",1,['интерьеры'],2,"[[7.17, 7.33], [7.8, 7.8]]","['бик ошый', 'канәгать']",['AMBIENCE#GENERAL']
tat,restaurant,12118:5_407,"Аш-суга килгәндә-начар түгел, әмма мин күбрәкне көткән идем..",1,['аш-суга'],2,"[[4.75, 4.12], [5.0, 3.6]]","['күбрәкне көткән идем', 'начар түгел']",['FOOD#QUALITY']
tat,restaurant,12118:6_408,"Кайнар ризыкка күпләр дуңгыз итеннән шашлыкка һәм шалфейлы бозау итенә заказ бирделәр, ләкин кызганычка каршы, тегесе дә, монысы да корырак һәм, туп-туры әйтик, тәмле түгел иде(((",1,['дуңгыз итеннән шашлыкка'],2,"[[2.4, 7.1], [3.3, 6.1]]","['корырак', 'тәмле түгел']",['FOOD#QUALITY']
tat,restaurant,12118:6_408,"Кайнар ризыкка күпләр дуңгыз итеннән шашлыкка һәм шалфейлы бозау итенә заказ бирделәр, ләкин кызганычка каршы, тегесе дә, монысы да корырак һәм, туп-туры әйтик, тәмле түгел иде(((",1,['шалфейлы бозау итенә'],2,"[[2.4, 7.1], [3.3, 6.1]]","['корырак', 'тәмле түгел']",['FOOD#QUALITY']
tat,restaurant,12118:17_414,"Яхшы хезмәт күрсәттеләр, кызлар бик сөйкемле.",1,['кызлар'],2,"[[7.0, 7.0], [7.62, 7.62]]","['Яхшы', 'бик сөйкемле']",['SERVICE#GENERAL']
tat,restaurant,12131:1_416,"Интерьер, интерьер, һәм тагын бер тапкыр интерьер!!! гомуми төсләр карары һәм һәр деталь-искиткеч!!! бигрәк тә хәзер популяр булган минимализм белән контрастта, Дача - иң өйдәгечә ямьле һәм шул ук вакытта бик матур урын.",1,['дача'],2,"[[8.7, 8.6], [8.8, 8.7]]","['бик матур', 'иң өйдәгечә ямьле']",['RESTAURANT#GENERAL']
tat,restaurant,12203:7_427,"Нәтиҗәдә, бу урында без 2 сәгать чамасы вакыт уздырдык, бик яхшы кичке аш ашадык һәм аралаштык, мохит ямьле һәм романтик!",1,['мохит'],2,"[[7.0, 6.9], [7.1, 7.2]]","['романтик', 'ямьле']",['AMBIENCE#GENERAL']
tat,restaurant,12270:1_430,"Барысы да бергә) бар да, ресторан да, дискотека һәм караоке, тантаналарны бәйрәм итү, футбол матчларын карау..уйлап табарга мөмкин булган бар нәрсә- бу Айлы Төн)",1,['айлы төн'],2,"[[7.0, 6.83], [7.0, 7.33]]","['Барысы да бергә', 'уйлап табарга мөмкин булган бар нәрсә']",['RESTAURANT#GENERAL']
tat,restaurant,12270:4_433,"Соңыннан сөйкемле кыз килде,исәнләште, елмайды һәм көттергәне өчен гафу үтенде).",1,['кыз'],3,"[[6.67, 6.67], [7.0, 6.6], [7.0, 7.0]]","['елмайды', 'көттергәне өчен гафу үтенде', 'сөйкемле']",['SERVICE#GENERAL']
tat,restaurant,12270:7_434,"Дискотекалар өчен зал сайладым-музыка көчле түгел-кирәк булса, әкренәйтә алалар..уңайлы диваннар һәм өстәл бизәлеше бик ошады..",1,['диваннар'],2,"[[6.83, 6.67], [7.8, 7.4]]","['бик ошады', 'уңайлы']",['AMBIENCE#GENERAL']
tat,restaurant,12270:14_436,"Кыйммәт түгел, демократик бәяләр (250шашлык + 150 шәраб) мондый сыйфат өчен сөендерде..тагын бер тапкыр килермен..һәм хәтта берүзем генә дә түгел)",1,['шашлык'],2,"[[7.12, 7.0], [7.25, 7.12]]","['Кыйммәт түгел', 'демократик бәяләр']",['FOOD#PRICES']
tat,restaurant,12270:14_436,"Кыйммәт түгел, демократик бәяләр (250шашлык + 150 шәраб) мондый сыйфат өчен сөендерде..тагын бер тапкыр килермен..һәм хәтта берүзем генә дә түгел)",1,['шәраб'],2,"[[7.12, 7.0], [7.25, 7.12]]","['Кыйммәт түгел', 'демократик бәяләр']",['DRINKS#PRICES']
tat,restaurant,12341:1_437,"Интерьер гадәти түгел, җәлеп итә.",1,['интерьер'],2,"[[6.7, 6.8], [6.88, 6.62]]","['гадәти түгел', 'җәлеп итә']",['AMBIENCE#GENERAL']
tat,restaurant,12341:8_443,"Гомумән алганда-мин бу урынга сокланмыйм, башка анда бармыйм.",1,['урынга'],2,"[[2.5, 7.0], [3.0, 6.5]]","['бармыйм', 'сокланмыйм']",['RESTAURANT#GENERAL']
tat,restaurant,12366:2_445,"Ресторан үзе бик зур түгел,интерьеры шактый күңелле, ничектер анда барысы да уңайлы!",1,['интерьеры'],2,"[[6.67, 6.0], [7.17, 7.5]]","['уңайлы', 'шактый күңелле']",['AMBIENCE#GENERAL']
tat,restaurant,12467:4_448,"Официанткалар барысы да матур формада, бик ачык йөзле.",1,['официанткалар'],2,"[[6.8, 6.4], [7.6, 7.2]]","['барысы да матур формада', 'бик ачык йөзле']",['SERVICE#GENERAL']
tat,restaurant,12467:18_457,"Барысы да ошады-мохит, хезмәт күрсәтү һәм югары дәрәҗәдәге аш-су!",1,['мохит'],2,"[[7.5, 7.5], [7.83, 7.67]]","['ошады', 'югары дәрәҗәдәге']",['AMBIENCE#GENERAL']
tat,restaurant,12467:18_457,"Барысы да ошады-мохит, хезмәт күрсәтү һәм югары дәрәҗәдәге аш-су!",1,['хезмәт күрсәтү'],2,"[[7.5, 7.5], [7.88, 7.75]]","['ошады', 'югары дәрәҗәдәге']",['SERVICE#GENERAL']
tat,restaurant,12678:0_466,"Бик шәп бина, без ирем белән сокланабыз!",1,['бина'],2,"[[8.2, 8.0], [8.83, 8.83]]","['Бик шәп', 'сокланабыз']",['RESTAURANT#GENERAL']
tat,restaurant,12814:1_470,"Аш-су нормаль иде, мин хәтта барысы да тәмле әзерләнгән дип әйтер идем.",1,['аш-су'],2,"[[5.75, 4.75], [6.75, 6.25]]","['нормаль', 'тәмле']",['FOOD#QUALITY']
tat,restaurant,12863:4_477,"Иремнең тиз арада кәефе төште, ә мин тагын ролллар порциясенә заказ бирдем, тик, кызганычка каршы, инде андый тәмле булмадылар...катлаулы исемне хәтерләмим, ләкин яшел суган һәм кара борыч белән иде..тәмсез, коры...ә болай бик яхшы.",1,['ролллар'],3,"[[2.6, 7.1], [3.75, 6.25]]","['андый тәмле булмадылар', 'коры', 'тәмсез']",['FOOD#QUALITY']
tat,restaurant,12880:5_481,"Менә барлык яхшылык та бетә, чөнки бу оешмада хезмәт күрсәтү нульдә, ризыкларны бер үк вакытта алып килмәделәр, нәтиҗәдә мин ашаганда калганнар инде ашап бетергән иде,өстәлдән пычрак тәлинкәләрне алып куймадылар,тик иң мөһиме,артып калган акчаны китергәч - чек булмады,шунда ук бу ресторан турында яхшы тәэсирләр парга әйләнде,әлбәттә,безнең янга беркем дә килмәде, ә без киткәндә безнең белән беркем дә саубуллашмады.",1,['хезмәт күрсәтү'],4,"[[1.4, 8.6], [2.0, 8.0], [2.33, 7.67], [2.67, 7.33]]","['нульдә', 'ризыкларны бер үк вакытта алып килмәделәр', 'чек булмады', 'өстәлдән пычрак тәлинкәләрне алып куймадылар']",['SERVICE#GENERAL']
tat,restaurant,12943:2_483,"Диваннарда урын да табылды, официантка да бик ачык йөзле, ләкин бәйләнчек түгел, интерьеры ямьле, тере музыка шулай ук ял иттерә, аның астында да әңгәмә алып барырга мөмкин.",1,['официантка'],2,"[[6.88, 6.75], [7.62, 7.12]]","['бик ачык йөзле', 'бәйләнчек түгел']",['SERVICE#GENERAL']
tat,restaurant,13100:2_486,Кергәндә елмаючан хостесс кыз каршы алды һәм өстәл янына озатып куйды-күңелле.,1,['хостесс кыз'],2,"[[6.9, 7.0], [7.5, 7.17]]","['елмаючан', 'күңелле']",['SERVICE#GENERAL']
tat,restaurant,13100:5_487,"Сацивины сайладык(салкынны беренче тапкыр татып карадым-искиткеч, бик нечкә тәм),мегрельча хачапури (сыр пиццасыннан да текәрәк))), мангалдагы ашамлыклар,һәм егетләр төрле кабымлыклар һәм салатлар алдылар, тик нинди икәнен хәтерләмим.",1,['сацивины'],2,"[[8.6, 8.3], [8.75, 8.62]]","['бик нечкә тәм', 'искиткеч']",['FOOD#QUALITY']
tat,restaurant,13100:11_492,"Интерьер өйдәгечә һәм бик ямьле,бәдрәф гомумән бик яхшы,ә анда уйнаучы әкиятләр ял иттерә)))))))))",1,['интерьер'],2,"[[7.0, 6.9], [8.0, 7.8]]","['бик ямьле', 'өйдәгечә']",['AMBIENCE#GENERAL']
tat,restaurant,13186:5_497,"Ямьле мохит, ләкин аннан да артык түгел, һәм 2 нче катта бик бөркү!",1,['мохит'],2,"[[4.83, 3.5], [5.67, 4.67]]","['Ямьле', 'аннан да артык түгел']",['AMBIENCE#GENERAL']
tat,restaurant,13225:3_500,"Бик тәмле сыра һәм аны сайлау мөмкинлеге зур, аш-су да бик шәп, заказ бирелгән барлык ризыклар да бик тәмле иде, ә иң мөһиме, ни өчен мин бу пабны сайладым, чөнки ул көнне тере музыка уйный иде, һәм без соклану катыш гаҗәпләндек, бик шәп концерт килеп чыкты!",1,['сыра'],2,"[[7.33, 7.33], [8.3, 8.1]]","['Бик тәмле', 'аны сайлау мөмкинлеге зур']","['DRINKS#QUALITY', 'DRINKS#STYLE_OPTIONS']"
tat,restaurant,13252:9_509,"Шәрык кайнатмасы белән чәй бик тәмле булды, ләкин ул шактый кыйммәт.",1,['шәрык кайнатмасы белән чәй'],2,"[[3.5, 6.25], [8.1, 7.9]]","['бик тәмле', 'шактый кыйммәт']","['DRINKS#PRICES', 'DRINKS#QUALITY']"
tat,restaurant,13252:11_511,"Әдәпле, яхшы күңелле официантлар, һәрвакыт нидер әйтергә һәм киңәш итәргә әзер.",1,['официантлар'],3,"[[7.1, 6.9], [7.2, 7.0], [7.67, 7.0]]","['яхшы күңелле', 'һәрвакыт нидер әйтергә һәм киңәш итәргә әзер', 'Әдәпле']",['SERVICE#GENERAL']
tat,restaurant,13623:2_513,"Ирем белән дүшәмбе кичке сигезләр тирәсендә булдык, кыз каршы алды, өстәлгә кадәр озатты һәм меню китерде.",1,['кыз'],2,"[[6.33, 5.67], [6.4, 5.8]]","['каршы алды', 'өстәлгә кадәр озатты']",['SERVICE#GENERAL']
tat,restaurant,13623:3_514,"Нибары 5 минуттан официант килде, заказ ясадык, ул тәмләткечләр алып килде һәм приборларны таратты, эчемлекләр тиз арада өстәлдә пәйда булды.",1,['официант'],2,"[[6.33, 5.67], [7.33, 7.33]]","['Нибары 5 минуттан', 'тиз арада']",['SERVICE#GENERAL']
tat,restaurant,13623:5_516,"Менә шулай итеп салатларны 20 минуттан китерделәр, мин туна балыклысына заказ бирдем, бик ошады, ирем креветкалы цезарь алды - артык гаҗәпләнмәде дә, тискәре сүз дә әйтмәде.",1,['креветкалы цезарь'],2,"[[5.0, 3.75], [5.0, 3.83]]","['артык гаҗәпләнмәде', 'тискәре сүз дә әйтмәде']",['FOOD#QUALITY']
tat,restaurant,13623:6_517,"Кайнар ризыклардан, минеке- яхшы кыздырылган ак гөмбәләрдән соус белән стейк, бик ошады, ирем мәрмәр сыер итеннән стейкка заказ бирде, корырак булып чыкты,ләкин соус белән тәмләткәч, ярыйсы.",1,['мәрмәр сыер итеннән стейкка'],2,"[[4.5, 4.33], [4.9, 3.6]]","['корырак', 'ярыйсы']",['FOOD#QUALITY']
tat,restaurant,13823:4_529,"Бизнес ланч, гаҗәпкә каршы, бик тәмле һәм туклыклы булып чыкты - үз бәясенә тулысынча туры килә.",1,['бизнес ланч'],2,"[[7.5, 7.25], [7.9, 7.5]]","['бик тәмле', 'туклыклы']",['FOOD#QUALITY']
tat,restaurant,13823:5_530,"Гомумән алганда, бик яхшы урын, төрле тәмле меню, кулай бәяләр һәм югары сыйфатлы хезмәт күрсәтү! безгә барысы да бик ошады. рәхмәт бу оешмага!",1,['урын'],2,"[[6.5, 6.67], [7.88, 7.88]]","['бик яхшы', 'кулай бәяләр']","['RESTAURANT#GENERAL', 'RESTAURANT#PRICES']"
tat,restaurant,13823:5_530,"Гомумән алганда, бик яхшы урын, төрле тәмле меню, кулай бәяләр һәм югары сыйфатлы хезмәт күрсәтү! безгә барысы да бик ошады. рәхмәт бу оешмага!",1,['меню'],2,"[[7.12, 7.5], [7.5, 7.75]]","['тәмле', 'төрле']","['FOOD#QUALITY', 'FOOD#STYLE_OPTIONS']"
tat,restaurant,13823:5_530,"Гомумән алганда, бик яхшы урын, төрле тәмле меню, кулай бәяләр һәм югары сыйфатлы хезмәт күрсәтү! безгә барысы да бик ошады. рәхмәт бу оешмага!",1,['оешмага'],2,"[[7.4, 7.2], [7.83, 7.83]]","['барысы да бик ошады', 'рәхмәт']",['RESTAURANT#GENERAL']
tat,restaurant,13835:3_533,"Интерьер күңелле, якты һәм анда үзеңне уңайлы хис итәсең.",1,['интерьер'],3,"[[6.75, 6.62], [6.9, 6.7], [7.25, 7.12]]","['күңелле', 'уңайлы', 'якты']",['AMBIENCE#GENERAL']
tat,restaurant,13835:8_538,Официанткалар әдәпле һәм алдан күрүчән.,1,['официанткалар'],2,"[[7.1, 6.9], [7.4, 7.2]]","['алдан күрүчән', 'әдәпле']",['SERVICE#GENERAL']
tat,restaurant,13835:9_539,"Администратор Светлана безгә банкет менюсын төзегәндә ярдәм итте һәм зал бизәүне кайгыртты, безгә зур игътибар белән карады.",1,['администратор'],2,"[[7.12, 7.12], [7.8, 7.6]]","['зур игътибар белән', 'ярдәм итте']",['SERVICE#GENERAL']
tat,restaurant,13912:9_544,Монда сайлау мөмкинлеге күпкә яхшырак һәм баерак.,1,['сайлау мөмкинлеге'],2,"[[7.8, 7.3], [8.0, 7.5]]","['баерак', 'күпкә яхшырак']",['DRINKS#STYLE_OPTIONS']
tat,restaurant,13912:13_547,"Хезмәт күрсәтү ошады, тиз һәм сыйфатлы, бушаган савыт-саба һәм башка вак-төякләр вакытында җыештырылды, күңелле булды.",1,['хезмәт күрсәтү'],5,"[[7.0, 6.7], [7.0, 7.0], [7.1, 6.9], [7.12, 7.0], [7.25, 7.0]]","['вакытында җыештырылды', 'күңелле', 'ошады', 'сыйфатлы', 'тиз']",['SERVICE#GENERAL']
tat,restaurant,14031:3_550,"Яхшы интерьер, мөлаем, тәрбияле администратор Светлана.",1,['администратор'],2,"[[7.0, 7.0], [7.1, 6.9]]","['мөлаем', 'тәрбияле']",['SERVICE#GENERAL']
tat,restaurant,14031:5_551,"Банкетка хезмәт күрсәткәндә официантлар игътибар белән өстәлне күзәттеләр. буш тәлинкәләр булмасын өчен, шул ук вакытта бер дә бәйләнчек түгел.",1,['официантлар'],2,"[[7.3, 7.0], [7.88, 7.62]]","['бер дә бәйләнчек түгел', 'игътибар белән өстәлне күзәттеләр']",['SERVICE#GENERAL']
tat,restaurant,14031:9_554,"Барыгызга да зур рәхмәт, бу күңелле урынга тагын бер генә тапкыр бармабыз һәм дусларыбызга киңәш итәчәкбез.",1,['урынга'],3,"[[7.4, 7.0], [7.67, 7.67], [8.38, 8.38]]","['зур рәхмәт', 'киңәш итәчәкбез', 'күңелле']",['RESTAURANT#GENERAL']
tat,restaurant,14177:7_561,"Сыра юк, ләкин мондый форматта шулай булырга тиеш кебек.",1,['сыра'],2,"[[5.0, 3.0], [5.0, 3.67]]","['шулай булырга тиеш кебек', 'юк']",['DRINKS#STYLE_OPTIONS']
tat,restaurant,14177:13_562,"Ашау кәефне кырмады, ләкин аеруча соклану да тудырмады.",1,['ашау'],2,"[[5.0, 3.5], [5.17, 4.0]]","['аеруча соклану да тудырмады', 'кәефне кырмады']",['FOOD#QUALITY']
tat,restaurant,14539:3_569,"Бик тәмле, оригиналь аскуймалы шампурда зур шашлык.",1,['шашлык'],2,"[[7.0, 6.67], [7.9, 7.5]]","['Бик тәмле', 'зур']",['FOOD#QUALITY']
tat,restaurant,14568:0_577,"Кафега әти-әниләре тәкъдиме буенча дустым белән кердек, алар күптән түгел монда булганнар һәм аларга бик ошаган!",1,['кафега'],2,"[[7.0, 6.75], [8.1, 7.9]]","['бик ошаган', 'тәкъдиме буенча']",['RESTAURANT#GENERAL']
tat,restaurant,14568:8_583,"Гомуми нәтиҗә: үзәктә уңайлы урын, бәяләре акыллы һәм шартлары бик уңайлы)",1,['урын'],2,"[[6.67, 6.33], [7.1, 6.9]]","['бәяләре акыллы', 'уңайлы']","['RESTAURANT#GENERAL', 'RESTAURANT#PRICES']"
tat,restaurant,14865:0_584,Проспект ресторанында безнең өчен бик рәхәт һәм җылы мохит тудыра алдылар.,1,['мохит'],2,"[[7.4, 7.1], [8.25, 8.0]]","['бик рәхәт', 'җылы']",['AMBIENCE#GENERAL']
tat,restaurant,14865:2_585,"Петербург стилендә ресторан интерьеры үтәлгән, аш-су искиткеч, барысы да бик тәмле, өстәлнең һәм аерым ашамлыкларның искиткеч бизәлеше.",1,['аш-су'],2,"[[8.17, 8.17], [8.3, 8.1]]","['бик тәмле', 'искиткеч']",['FOOD#QUALITY']
tat,restaurant,15159:1_588,Ул вакытта тәмле ризык һәм зур порцияләр + гуманлы бәяләр ошады.,1,['ризык'],3,"[[7.0, 7.33], [7.17, 7.17], [7.4, 7.2]]","['гуманлы', 'ошады', 'тәмле']","['FOOD#PRICES', 'FOOD#QUALITY']"
tat,restaurant,15159:3_589,"Зал сөйкемле, хезмәт күрсәтү күренекле түгел, әмма Бәйләнчек тә түгел.",1,['хезмәт күрсәтү'],2,"[[4.75, 3.75], [5.25, 3.75]]","['Бәйләнчек тә түгел', 'күренекле түгел']",['SERVICE#GENERAL']
tat,restaurant,15159:6_590,"Элеккеге кебек үк-ризык тәмле, бәяләр лаеклы.",1,['ризык'],2,"[[6.83, 6.33], [7.2, 7.0]]","['бәяләр лаеклы', 'тәмле']","['FOOD#PRICES', 'FOOD#QUALITY']"
tat,restaurant,15159:7_591,Меню зур-озак сайларга мөмкин.,1,['меню'],2,"[[7.2, 7.0], [7.33, 6.67]]","['зур', 'озак сайларга мөмкин']",['FOOD#STYLE_OPTIONS']
tat,restaurant,15335:0_593,"Дуслар белән ял итә, күңел ача, дустыбызның туган көнен билгеләп үтә идек, трес Амигос ресторанына керергә булдык. безне берьюлы шартлар һәм интерьер бик сөендерде, бик уңайлы һәм өй җылылыгы бөркеп тора!",1,['шартлар'],2,"[[7.67, 7.67], [8.12, 7.88]]","['бик сөендерде', 'бик уңайлы']",['AMBIENCE#GENERAL']
tat,restaurant,15335:0_593,"Дуслар белән ял итә, күңел ача, дустыбызның туган көнен билгеләп үтә идек, трес Амигос ресторанына керергә булдык. безне берьюлы шартлар һәм интерьер бик сөендерде, бик уңайлы һәм өй җылылыгы бөркеп тора!",1,['интерьер'],2,"[[7.88, 7.62], [8.17, 8.17]]","['бик сөендерде', 'бик уңайлы']",['AMBIENCE#GENERAL']
tat,restaurant,15335:1_594,"Без барыбыз да Тәмәке тартмаганга күрә, безне рәхимле һәм елмаюлы официантлар тәмәке тартмый торган залга озаттылар, зал иркен һәм якты, шактый уңайлы булып чыкты!",1,['официантлар'],2,"[[7.0, 6.9], [7.1, 7.0]]","['елмаюлы', 'рәхимле']",['SERVICE#GENERAL']
tat,restaurant,15335:1_594,"Без барыбыз да Тәмәке тартмаганга күрә, безне рәхимле һәм елмаюлы официантлар тәмәке тартмый торган залга озаттылар, зал иркен һәм якты, шактый уңайлы булып чыкты!",1,['зал'],3,"[[6.67, 6.33], [7.0, 6.9], [7.1, 7.0]]","['иркен', 'шактый уңайлы', 'якты']",['AMBIENCE#GENERAL']
tat,restaurant,15335:2_595,"Персоналның эшен билгеләп үтәсе килә: барысы да яхшы күңелле һәм елмаючан егетләр, безнең официант Оля безне өстәл янына озатып, шунда ук безгә эчемлекләр тәкъдим итте, ашамлыклар сайлауда ярдәм итәргә тәкъдим итте, барысын җентекләп сөйләде, шуңа менюны укыганда безгә озак газапланырга туры килмәде!",1,['персоналның'],2,"[[7.17, 7.33], [8.0, 8.0]]","['елмаючан', 'яхшы күңелле']",['SERVICE#GENERAL']
tat,restaurant,15335:2_595,"Персоналның эшен билгеләп үтәсе килә: барысы да яхшы күңелле һәм елмаючан егетләр, безнең официант Оля безне өстәл янына озатып, шунда ук безгә эчемлекләр тәкъдим итте, ашамлыклар сайлауда ярдәм итәргә тәкъдим итте, барысын җентекләп сөйләде, шуңа менюны укыганда безгә озак газапланырга туры килмәде!",1,['официант'],2,"[[7.33, 7.0], [7.5, 7.25]]","['барысын җентекләп сөйләде', 'ярдәм итәргә тәкъдим итте']",['SERVICE#GENERAL']
tat,restaurant,15335:6_597,"Бу ресторанда барысы да һәм дәртләндергеч биюләр дә(кичен булган) һәм хезмәт күрсәтү дә, ризык та, бик тәмле коктельләр дә ошады!!",1,['биюләр'],2,"[[7.12, 7.0], [8.38, 8.38]]","['дәртләндергеч', 'ошады']",['AMBIENCE#GENERAL']
tat,restaurant,15335:6_597,"Бу ресторанда барысы да һәм дәртләндергеч биюләр дә(кичен булган) һәм хезмәт күрсәтү дә, ризык та, бик тәмле коктельләр дә ошады!!",1,['коктельләр'],2,"[[7.0, 6.75], [8.12, 8.12]]","['бик тәмле', 'ошады']",['DRINKS#QUALITY']
tat,restaurant,15363:1_600,"Бина якты, стильле.",1,['бина'],2,"[[6.9, 6.6], [7.6, 7.2]]","['стильле', 'якты']",['AMBIENCE#GENERAL']
tat,restaurant,15363:4_602,Хезмәт күрсәтүгә бернинди шелтә юк: тиз һәм елмаеп хезмәт күрсәттеләр!,1,['хезмәт күрсәтүгә'],3,"[[7.38, 7.62], [7.5, 7.25], [7.5, 7.83]]","['бернинди шелтә юк', 'елмаеп', 'тиз']",['SERVICE#GENERAL']
tat,restaurant,15363:6_603,Яраткан борщымның заказы өчен үкендем! монда ул тәмле түгел: шулпа белән кәбестә... бик күп кәбестә! күбрәк каймак өстәргә тырышып карадым)))) ләкин булышмады... кызганычка каршы.,1,['борщымның'],2,"[[2.17, 7.83], [2.3, 7.7]]","['тәмле түгел', 'үкендем']",['FOOD#QUALITY']
tat,restaurant,15363:8_605,Ә десертка мин сокланам!!! аны берничә минут эчендә сыптырдым)))) һәм бу паста белән борщтан соң!!!,1,['десертка'],2,"[[8.7, 8.6], [8.83, 8.67]]","['аны берничә минут эчендә сыптырдым', 'сокланам']",['FOOD#QUALITY']
tat,restaurant,15423:1_609,"Дүшәмбе көнне беренче тапкыр килдек, һәм күңелле гаҗәпләндек: җырлар бушка!))",1,['җырлар'],2,"[[7.33, 7.33], [8.33, 9.0]]","['бушка', 'күңелле гаҗәпләндек']",['RESTAURANT#MISCELLANEOUS']
tat,restaurant,15423:5_611,"Сөйкемле Татьянага хезмәт күрсәткәне өчен аерым рәхмәт, аңа бик еш эләгәбез, һәм ул һәрвакыт ачык йөзле һәм сыйфатлы хезмәт күрсәтә, һәрвакыт киңәш бирә һәм шаяртуга җавап бирә, кызның юмор хисенә ия булуы күренә).",1,['хезмәт күрсәтә'],3,"[[7.5, 7.25], [7.75, 7.75], [7.8, 7.4]]","['аерым рәхмәт', 'ачык йөзле', 'сыйфатлы']",['SERVICE#GENERAL']
tat,restaurant,15423:5_611,"Сөйкемле Татьянага хезмәт күрсәткәне өчен аерым рәхмәт, аңа бик еш эләгәбез, һәм ул һәрвакыт ачык йөзле һәм сыйфатлы хезмәт күрсәтә, һәрвакыт киңәш бирә һәм шаяртуга җавап бирә, кызның юмор хисенә ия булуы күренә).",1,['кызның'],2,"[[7.67, 7.67], [7.67, 7.83]]","['юмор хисенә ия булуы', 'һәрвакыт киңәш бирә']",['SERVICE#GENERAL']
tat,restaurant,15655:2_620,"Интерьер бик шәп, барысы да агачтан һәм бик матур!",1,['интерьер'],2,"[[7.8, 7.6], [8.1, 7.7]]","['бик матур', 'бик шәп']",['AMBIENCE#GENERAL']
tat,restaurant,15655:3_621,Официантлар игътибарлы һәм бәйләнчек түгел!,1,['официантлар'],2,"[[7.0, 7.0], [7.2, 7.2]]","['бәйләнчек түгел', 'игътибарлы']",['SERVICE#GENERAL']
tat,restaurant,15655:9_626,"Мондый күркәм урынга гаҗәпләндек, һичшиксез, тагын килербез, һәм бер генә тапкыр да түгел!",1,['урынга'],3,"[[7.67, 7.5], [8.0, 8.0], [8.33, 8.33]]","['гаҗәпләндек', 'күркәм', 'һичшиксез, тагын килербез']",['RESTAURANT#GENERAL']
tat,restaurant,16151:13_636,"Сөләйман балыгы белән цезарь бик ошый.(бик яңа, кетердәвек һәм иң мөһиме бик аз тозлы балык белән)",1,['сөләйман балыгы белән цезарь'],2,"[[7.88, 7.5], [8.08, 7.83]]","['бик яңа', 'кетердәвек']",['FOOD#QUALITY']
tat,restaurant,16274:4_642,"Мин салатка,зур порциягә заказ бирдем,ничек кенә сәер булмасын,аны күпләп алып килделәр,кайнар ризыклардан бозау итеннән стейкка заказ бирдем,ит йомшак һәм сусыл иде,һәм әлбәттә инде минем иң яраткан десертым,тирамисуга заказ бирдем,һәм дөрес эшләдем, бик тәмле десерт.",1,['бозау итеннән стейкка'],2,"[[7.25, 7.25], [7.38, 7.38]]","['йомшак', 'сусыл']",['FOOD#QUALITY']
tat,restaurant,16274:4_642,"Мин салатка,зур порциягә заказ бирдем,ничек кенә сәер булмасын,аны күпләп алып килделәр,кайнар ризыклардан бозау итеннән стейкка заказ бирдем,ит йомшак һәм сусыл иде,һәм әлбәттә инде минем иң яраткан десертым,тирамисуга заказ бирдем,һәм дөрес эшләдем, бик тәмле десерт.",1,['ит'],2,"[[7.38, 7.38], [7.4, 7.2]]","['йомшак', 'сусыл']",['FOOD#QUALITY']
tat,restaurant,16274:6_643,"Хезмәт күрсәтү миңа ошады,барысын да шактый тиз китерделәр ,өстәлдә кулланылган тәлинкәләр тоткарланмады ,официантлар барысына да оператив хезмәт күрсәттеләр,мин аларны махсус күзәттем))), бәяләмәләрне чынбарлык белән чагыштырасы килде ,бәяләмәләр хаталы булып чыкты,гәрчә миңа бәхет елмайса да, шулай да мин анда тагын барачакмын әле.",1,['хезмәт күрсәтү'],2,"[[7.33, 6.83], [7.38, 7.25]]","['барысын да шактый тиз китерделәр', 'ошады']",['SERVICE#GENERAL']
tat,restaurant,16274:7_644,"Ә интерьерга килгәндә, миңа ошады, тыныч, иркен, барысы да чиста һәм пөхтә,пафоссыз.",1,['интерьерга'],6,"[[6.7, 6.2], [6.8, 6.4], [6.88, 6.5], [7.0, 6.5], [7.0, 6.8], [7.0, 7.0]]","['иркен', 'ошады', 'пафоссыз', 'пөхтә', 'тыныч', 'чиста']",['AMBIENCE#GENERAL']
tat,restaurant,16378:2_652,"Интерьер - тулаем алганда шактый тематик, залда инде кемдер телгә алган колонканы исәпкә алмаганда һәм төп залда яктылык җитмәве дә булырга мөмкин, миңа, монда язган күпләргә кебек үк, якты зал күбрәк ошый, ул күпкә уңайлырак, бердәнбер-ашъяулыкларның чисталыгына игътибар итәргә кирәк, һәрвакытта да идеаль түгел.",1,['якты зал'],2,"[[7.17, 7.0], [7.3, 7.2]]","['күбрәк ошый', 'күпкә уңайлырак']",['AMBIENCE#GENERAL']
tat,restaurant,16378:3_653,"Хезмәт күрсәтү-күңелле, әдәпле яшь кешеләр, бик еш түгел, ләкин бик сирәк тә килмиләр, җансыз эшләмиләр, елмаялар һәм гомумән табигый күренәләр, бернинди шелтәләр дә юк.",1,['яшь кешеләр'],7,"[[6.67, 6.33], [6.83, 7.0], [6.88, 6.75], [7.0, 7.0], [7.1, 6.9], [7.17, 6.67]]","['бик еш түгел', 'елмаялар', 'күңелле', 'ләкин бик сирәк тә килмиләр', 'табигый күренәләр', 'җансыз эшләмиләр', 'әдәпле']",['SERVICE#GENERAL']
tat,restaurant,16630:0_661,Уңайлы һәм җылы өй шартлары!,1,['шартлары'],3,"[[7.1, 7.0], [7.2, 7.1], [7.4, 7.2]]","['Уңайлы', 'җылы', 'өй']",['AMBIENCE#GENERAL']
tat,restaurant,16630:1_662,"Ягымлы һәм ярдәмчел персонал, бик игътибарлы хезмәт күрсәтү.",1,['персонал'],2,"[[7.2, 6.8], [7.4, 7.2]]","['Ягымлы', 'ярдәмчел']",['SERVICE#GENERAL']
tat,restaurant,16647:0_665,"бу урынны бик яратам,анда атна саен булам һәм шулай ук еш килергә уйлыйм, чөнки ул минем өчен бөтен яктан да идеаль.",1,['урынны'],2,"[[8.1, 7.9], [9.0, 8.33]]","['бик яратам', 'идеаль']",['RESTAURANT#GENERAL']
tat,restaurant,16647:1_666,"Мохит тыныч һәм уңайлы, интерьер нәкъ менә нинди кирәк, шундый, әллә ни игътибар җәлеп итми, әмма тулаем алганда рәхәт һәм бәйләнчек түгел, бик ял иттерә, һәм музыка моңа ярдәм итә.",1,['мохит'],2,"[[6.9, 6.6], [7.0, 6.7]]","['тыныч', 'уңайлы']",['AMBIENCE#GENERAL']
tat,restaurant,16647:1_666,"Мохит тыныч һәм уңайлы, интерьер нәкъ менә нинди кирәк, шундый, әллә ни игътибар җәлеп итми, әмма тулаем алганда рәхәт һәм бәйләнчек түгел, бик ял иттерә, һәм музыка моңа ярдәм итә.",1,['интерьер'],4,"[[6.5, 6.0], [7.0, 6.75], [7.0, 7.0], [7.5, 7.5]]","['бик ял иттерә', 'бәйләнчек түгел', 'нәкъ менә нинди кирәк', 'рәхәт']",['AMBIENCE#GENERAL']
tat,restaurant,16647:7_670,Десертлардан ваниль туңдырмалы җылы Шоколадлы тортны татып карарга кирәк-бик тә...,1,['ваниль туңдырмалы җылы шоколадлы тортны'],2,"[[8.0, 7.0], [8.5, 8.38]]","['бик тә', 'татып карарга кирәк']",['FOOD#QUALITY']
tat,restaurant,16676:4_673,"Официантлар бик ачык йөзле, даими рәвештә кунакларны карыйлар, шуңа күрә озак көтәргә туры килмәде, бу бик күңелле.",1,['официантлар'],3,"[[7.0, 6.67], [7.9, 7.5], [8.0, 8.0]]","['бик ачык йөзле', 'бик күңелле', 'озак көтәргә туры килмәде']",['SERVICE#GENERAL']
tat,restaurant,16676:5_674,"Меню шактый кызыклы, күбрәк Көнчыгыш юнәлешле, әмма иң мөһиме бәяләр буенча бик демократик.",1,['меню'],2,"[[6.75, 6.25], [8.0, 7.67]]","['бәяләр буенча бик демократик', 'шактый кызыклы']","['FOOD#PRICES', 'FOOD#STYLE_OPTIONS']"
tat,restaurant,16676:9_677,"Әгәр дә Московская метросы районында уңайлы арзанлы урын табу максаты тора икән, бу, мөгаен, иң яхшы вариантларның берседер, дип уйлыйм.",1,['урын'],3,"[[7.0, 6.8], [7.2, 7.0], [8.0, 7.6]]","['арзанлы', 'иң яхшы вариантларның берседер', 'уңайлы']","['AMBIENCE#GENERAL', 'RESTAURANT#GENERAL', 'RESTAURANT#PRICES']"
tat,restaurant,16714:3_679,"Салат сусыл һәм тәмле, сарык ите һәм яшелчәләр бик лаеклы.",1,['салат'],2,"[[7.2, 7.1], [7.3, 7.2]]","['сусыл', 'тәмле']",['FOOD#QUALITY']
tat,restaurant,16714:5_681,"Официант бәйләнчек түгел, ләкин әдәпле...бик яхшы килешү.",1,['официант'],3,"[[6.5, 6.0], [7.12, 7.12], [7.83, 7.5]]","['бик яхшы', 'бәйләнчек түгел', 'әдәпле']",['SERVICE#GENERAL']
tat,restaurant,16761:11_688,Шундый шәп оешма өчен зур рәхмәт!,1,['оешма'],2,"[[7.83, 7.67], [8.0, 7.5]]","['зур рәхмәт', 'шәп']",['RESTAURANT#GENERAL']
tat,restaurant,16955:3_691,"Калган ике зал нормаль, әлбәттә, яхшыларына кадәр) аларга шуышырга һәм шуышырга... менә ризык!!!!!",1,['зал'],2,"[[4.67, 4.33], [4.9, 3.4]]","['нормаль', 'әлбәттә, яхшыларына кадәр) аларга шуышырга һәм шуышырга']",['AMBIENCE#GENERAL']
tat,restaurant,16955:4_692,"Мин кыздырылган баклажаннарга( татлы соуста) заказ бирдем ...Минем чагыштырыр нәрсәм бар..... мин сынап карадым һәм бик кәефсезләндем (((шундый б.. әле ашаганым юк иде, алар төче иде (гәрчә соуста булса да), ә соус!!!! аш-су бүлмәсендәге бөтен кеше анда борыннарын сеңгергәндәй тоела!!!!!!",1,['кыздырылган баклажаннарга'],3,"[[1.33, 8.67], [1.5, 8.5], [2.2, 7.8]]","['бик кәефсезләндем', 'төче', 'шундый б.. әле ашаганым юк иде']",['FOOD#QUALITY']
tat,restaurant,17009:6_696,"Ашау уңаеннан, паста ярыйсы гына иде, уртача гына, бераз тозланган, цезарь бик үк шәп түгел иде, җилләнгән һәм салкын тавык филесы кисәкләре мине әллә ни илһамландырмады.",1,['паста'],3,"[[4.4, 4.2], [4.88, 3.5], [4.9, 3.5]]","['бераз тозланган', 'уртача гына', 'ярыйсы гына']",['FOOD#QUALITY']
tat,restaurant,17475:4_702,"Нормаль каршы алдылар (администраторның йөзендә бернинди елмаю да булмады), өстәл янына алып бардылар.",1,['администраторның'],2,"[[4.5, 4.33], [5.0, 3.38]]","['Нормаль', 'бернинди елмаю да булмады']",['SERVICE#GENERAL']
tat,restaurant,17475:5_703,"Официант менюга йөз тотмый,өстәлләрне күрми,кулыннан бөтен нәрсә ава, пычрак тәлинкәләр өстәлдә 10 минут торалар һәм бу тулы булмаган залда!!!?",1,['официант'],4,"[[2.1, 7.9], [2.33, 7.67], [2.33, 8.0], [2.67, 7.33]]","['кулыннан бөтен нәрсә ава', 'менюга йөз тотмый', 'пычрак тәлинкәләр өстәлдә 10 минут торалар', 'өстәлләрне күрми']",['SERVICE#GENERAL']
tat,restaurant,17475:10_706,Бөтен персонал белән елмаеп һәм яхшы чырай белән озаттылар!,1,['персонал'],2,"[[7.33, 6.67], [7.38, 6.75]]","['елмаеп', 'яхшы чырай белән']",['SERVICE#GENERAL']
tat,restaurant,17572:7_708,Безгә йомшак һәм уңайлы диваннарга утырырга тәкъдим иттеләр.,1,['диваннарга'],2,"[[7.1, 6.9], [7.2, 7.0]]","['йомшак', 'уңайлы']",['AMBIENCE#GENERAL']
tat,restaurant,17572:13_714,Официант һәрвакыт игътибарлы һәм ягымлы иде.,1,['официант'],2,"[[7.33, 7.33], [7.38, 7.38]]","['игътибарлы', 'ягымлы']",['SERVICE#GENERAL']
tat,restaurant,17999:8_719,"Зур ресторан, яхшы һәм иң мөһиме шактый отышлы урын һәм аш-су бик ярыйсы, әмма менә хезмәт күрсәтү яхшыга өметләнүне сорый....",1,['урын'],2,"[[7.0, 6.75], [7.17, 6.67]]","['шактый отышлы', 'яхшы']",['LOCATION#GENERAL']
tat,restaurant,18003:5_720,"Һәм безне каршы алдылар да өстәл янына озаттылар, ә официантка нинди иде, могҗиза, ачык йөзле, игътибарлы, әмма иң мөһиме, ул артык күп түгел иде, ләкин ул эшне 100, хәтта 200% ка башкарды.",1,['официантка'],4,"[[7.2, 7.3], [7.4, 7.5], [8.33, 7.67], [8.5, 7.88]]","['100, хәтта 200% ка', 'ачык йөзле', 'игътибарлы', 'могҗиза']",['SERVICE#GENERAL']
tat,restaurant,18148:2_727,"Беренче тапкыр миңа бик ошады: халык бик күп түгел иде, официантка игътибарлы иде, заказны бик тиз алып килде.",1,['официантка'],2,"[[7.4, 7.0], [7.62, 7.0]]","['бик тиз алып килде', 'игътибарлы']",['SERVICE#GENERAL']
tat,restaurant,18148:3_728,"Меню мине гаҗәпләндерде: кызыклы десертлар күп, алкоголь коктейльләре бик күп...дөрес, бәяләр түбән түгел, бигрәк тә кайнар ризык һәм салатларга.",1,['десертлар'],2,"[[7.17, 7.33], [7.25, 7.0]]","['кызыклы', 'күп']",['FOOD#STYLE_OPTIONS']
tat,restaurant,18220:5_734,"Кыскасы, тонык яктылык, тыныч музыка,сөйкемле һәм кайгыртучан персонал-үз эшләрен эшләделәр-тынычланырга мәҗбүр иттеләр))).",1,['музыка'],2,"[[7.0, 7.0], [7.33, 7.0]]","['тыныч', 'тынычланырга мәҗбүр иттеләр']",['AMBIENCE#GENERAL']
tat,restaurant,18220:5_734,"Кыскасы, тонык яктылык, тыныч музыка,сөйкемле һәм кайгыртучан персонал-үз эшләрен эшләделәр-тынычланырга мәҗбүр иттеләр))).",1,['персонал'],3,"[[7.33, 7.0], [7.33, 7.17]]","['кайгыртучан', 'сөйкемле', 'тынычланырга мәҗбүр иттеләр']",['SERVICE#GENERAL']
tat,restaurant,18220:9_738,Иринага игътибарлы һәм әдәпле хезмәт күрсәткәне өчен аерым рәхмәт.,1,['хезмәт күрсәткәне'],3,"[[7.3, 7.1], [7.4, 7.2], [7.5, 7.17]]","['аерым рәхмәт', 'игътибарлы', 'әдәпле']",['SERVICE#GENERAL']
tat,restaurant,18253:6_741,"Паста тәмле, барысына да киңәш итәм.",1,['паста'],2,"[[7.2, 7.0], [7.67, 7.33]]","['киңәш итәм', 'тәмле']",['FOOD#QUALITY']
tat,restaurant,18253:7_742,"Ә менә пицца фонтан түгел-гадәти шундый, берни дә искитәрлек түгел.",1,['пицца'],3,"[[4.75, 4.25], [4.88, 3.25], [4.9, 3.4]]","['берни дә искитәрлек түгел', 'гадәти', 'фонтан түгел']",['FOOD#QUALITY']
tat,restaurant,18372:3_746,"Бигрәк тә яхшы официантка Алена,сөйкемле,яхшы күңелле, ачык йөзле һәм һәрвакыт сайлау белән ярдәм итәчәк!",1,['официантка'],5,"[[7.0, 6.75], [7.0, 6.8], [7.1, 6.9], [7.17, 7.17], [7.83, 7.83]]","['Бигрәк тә яхшы', 'ачык йөзле', 'сөйкемле', 'ярдәм итәчәк', 'яхшы күңелле']",['SERVICE#GENERAL']
tat,restaurant,18756:1_761,"Мин бу барда 28.10.09 булдым, шуны әйтә алам, хезмәт күрсәтү үзенчәлекле бернәрсә белән дә аерылып тормый, сыра шактый кыйммәт тора һәм аннары ""каен тузы светлое"" 220р сырасы миңа бик ошамады, тик менә сырага кабымлыклар миңа бик ошады һәм аларның итлеләре өстенлек иткән ризыкларның зур сайлау мөмкинлеген билгеләп үтәргә кирәк, бу минем өчен шәхсән бик мөһим.",1,['сырага кабымлыклар'],2,"[[7.38, 6.75], [8.0, 7.5]]","['бик ошады', 'зур сайлау мөмкинлеген']","['FOOD#QUALITY', 'FOOD#STYLE_OPTIONS']"
tat,restaurant,18780:1_762,"Әгәр дә сез авызга сыймый торган зур ролл Ашарга телисез икән, Сезгә монда.",1,['ролл'],2,"[[7.0, 7.0], [8.0, 7.83]]","['авызга сыймый торган', 'зур']",['FOOD#QUALITY']
tat,restaurant,18780:5_766,"Бу урынга инде ике ел йөрим. ризыкның һәм хезмәт күрсәтүнең сыйфаты үзгәрми, ә даимилек-профессионализм билгесе.",1,['ризыкның'],2,"[[7.0, 6.33], [7.5, 7.17]]","['даимилек-профессионализм билгесе', 'үзгәрми']",['FOOD#QUALITY']
tat,restaurant,18780:5_766,"Бу урынга инде ике ел йөрим. ризыкның һәм хезмәт күрсәтүнең сыйфаты үзгәрми, ә даимилек-профессионализм билгесе.",1,['хезмәт күрсәтүнең'],2,"[[7.0, 6.33], [7.5, 7.17]]","['даимилек-профессионализм билгесе', 'үзгәрми']",['SERVICE#GENERAL']
tat,restaurant,18983:5_769,"Барысы да официантка бәйле, ачык йөзлеләре бар, ә бар бик үк ачык булмаганнары. 3)",1,['официантка'],2,"[[4.33, 4.33], [5.25, 4.5]]","['ачык йөзлеләре', 'бик үк ачык булмаганнары']",['SERVICE#GENERAL']
tat,restaurant,18983:8_771,Музыка артык көчле һәм бәйләнчек.,1,['музыка'],2,"[[2.2, 7.2], [2.4, 7.0]]","['артык көчле', 'бәйләнчек']",['AMBIENCE#GENERAL']
tat,restaurant,18983:10_773,"Плюслардан шуны гына билгеләп үтәргә була: бу бинада һәрвакыт халык аз, һәрвакыт буш урыннар күп.",1,['бинада'],2,"[[6.5, 5.67], [7.17, 7.0]]","['буш урыннар күп', 'халык аз']",['RESTAURANT#MISCELLANEOUS']
tat,restaurant,19027:1_775,"Официантлар бик мөлаем, бәйләнчек түгел,хезмәт күрсәтү шәп!",1,['официантлар'],2,"[[6.7, 6.2], [7.7, 7.1]]","['бик мөлаем', 'бәйләнчек түгел']",['SERVICE#GENERAL']
tat,restaurant,19111:2_778,"Персонал миңа ошады, официантка бик мөлаем, аралашучан һәм яхшы күңелле иде, безнең үтенеч буенча проблемаларсыз безне фотога төшерде, ашарга тиз алып килде, артык тәлинкәләр дә өстәлдә тоткарланмады.",1,['официантка'],5,"[[6.83, 6.17], [6.88, 6.5], [7.0, 6.7], [7.33, 7.33], [7.8, 7.2]]","['аралашучан', 'бик мөлаем', 'проблемаларсыз безне фотога төшерде', 'тиз', 'яхшы күңелле']",['SERVICE#GENERAL']
tat,restaurant,19111:5_780,"Зал зур, җиһазлар Яхшы, стенадагы зур телевизорны теләсә кайсы өстәлдән карарга уңайлы. 3.",1,['телевизорны'],2,"[[7.0, 5.67], [7.0, 6.0]]","['зур', 'карарга уңайлы']",['AMBIENCE#GENERAL']
tat,restaurant,19111:7_781,"Вискига заказ бирдек - виски ярыйсы, ошады.",1,['виски'],2,"[[6.25, 5.5], [6.8, 6.2]]","['ошады', 'ярыйсы']",['DRINKS#QUALITY']
tat,restaurant,19265:0_784,"Якынча бер ай элек бу бинада булдык, чөнки күпләр аны искиткеч урын буларак тәкъдим иттеләр.",1,['урын'],2,"[[7.8, 7.2], [7.83, 7.33]]","['искиткеч', 'тәкъдим иттеләр']",['RESTAURANT#GENERAL']
tat,restaurant,19265:1_785,"Әйе, чыннан да, урын бик яхшы, күңелле.",1,['урын'],2,"[[6.8, 6.2], [7.7, 6.9]]","['бик яхшы', 'күңелле']",['RESTAURANT#GENERAL']
tat,restaurant,19265:2_786,"Бу урында булган танышларның күбесенә кебек үк, интерьер да ошады, дусларча, җылы аралашуга бик этәрә.",1,['интерьер'],2,"[[6.9, 6.3], [7.7, 6.9]]","['бик этәрә', 'ошады']",['AMBIENCE#GENERAL']
tat,restaurant,19265:3_787,"Персонал ачык йөзле, ярдәмчел.",1,['персонал'],2,"[[6.9, 6.2], [7.1, 6.4]]","['ачык йөзле', 'ярдәмчел']",['SERVICE#GENERAL']
tat,restaurant,19383:2_790,"Бина зур түгел, бик камералы, бу күңелле.",1,['бина'],2,"[[7.0, 6.5], [7.12, 6.88]]","['бик камералы', 'күңелле']",['AMBIENCE#GENERAL']
tat,restaurant,19383:3_791,"Интерьер башка паблардагы кебек гадәти, Китаплы стеллажлар һәм йомшак диваннар сөендерде.:)",1,['диваннар'],2,"[[7.0, 6.67], [7.12, 6.5]]","['йомшак', 'сөендерде']",['AMBIENCE#GENERAL']
tat,restaurant,19383:4_792,"Сыра тәмле, сайлап алырлык нәрсәләр бар.",1,['сыра'],2,"[[6.5, 5.62], [7.2, 6.6]]","['сайлап алырлык нәрсәләр бар', 'тәмле']","['DRINKS#QUALITY', 'DRINKS#STYLE_OPTIONS']"
tat,restaurant,19383:5_793,"Заказ бирдек: пешкән креветкалар - креветкалар кебек, ләкин ниндидер бик ваклар (240 сум), сөләйман балыгы белән ""Салмон"" салаты начар түгел, ләкин төче, соус җитми, клярдагы кальмар боҗрасы-сыра өчен яхшы, сыер итеннән ясалган ит чипсылары - тәмле, Рагу - тәмле, әмма күбрәк итле шулпаны хәтерләтә иде.Соус белән Король креветкалары - бик тәмле ризык(599 сум), кызганычка, барлык бәяләрне дә хәтерләмим.",1,"['сөләйман балыгы белән ""салмон"" салаты']",2,"[[4.33, 4.33], [5.12, 3.25]]","['начар түгел', 'төче']",['FOOD#QUALITY']
tat,restaurant,19383:6_794,"Бөтен залга бер официантка бар иде (җомга кич барлык өстәлләр дә алынган), ләкин ерып чыкты, эчемлекләр һәм ашамлыкларны озак көтәргә туры килмәде, бераз ачык йөзлелек җитмәде, ә гомумән начар түгел иде.",1,['официантка'],3,"[[3.67, 5.67], [4.0, 5.5], [5.67, 5.83]]","['бер', 'бераз ачык йөзлелек җитмәде', 'ерып чыкты']",['SERVICE#GENERAL']
tat,restaurant,19439:5_797,"Интерьер тәэсирле, бик яхшы, матур, стильле.",1,['интерьер'],4,"[[7.0, 6.6], [7.0, 6.7], [7.5, 6.9], [7.9, 7.1]]","['бик яхшы', 'матур', 'стильле', 'тәэсирле']",['AMBIENCE#GENERAL']
tat,restaurant,19439:6_798,"Бигрәк тә шунысы ошады, өстәлләр бер-берсеннән ерак урнаштырылган, килүчеләр бер-берсенә комачауламый, алар күренми һәм ишетелми, мондый аулак уңайлылык тудырыла.",1,['өстәлләр'],3,"[[7.67, 6.5], [8.0, 8.0]]","['Бигрәк тә шунысы ошады', 'аулак уңайлылык', 'бер-берсеннән ерак урнаштырылган']",['AMBIENCE#GENERAL']
tat,restaurant,19439:11_800,"Аш-су югарыда: салатлар гадәти түгел, тәмле, өлешләре шактый зур.",1,['салатлар'],2,"[[6.88, 6.12], [7.38, 7.12]]","['гадәти түгел', 'тәмле']",['FOOD#QUALITY']
tat,restaurant,19467:9_805,"Официантка бик әйбәт туры килде: игътибарлы, бәяләүе карашларсыз, һәм аны сәгатьләр буе көтәргә туры килмәде.",1,['официантка'],4,"[[6.8, 6.2], [7.0, 6.83], [7.1, 6.4], [7.17, 6.83]]","['аны сәгатьләр буе көтәргә туры килмәде', 'бик әйбәт', 'бәяләүе карашларсыз', 'игътибарлы']",['SERVICE#GENERAL']
tat,restaurant,19467:10_806,"Террасада хезмәт күрсәтү начар түгел, ләкин бер килү икенчесеннән аерыла.",1,['хезмәт күрсәтү'],2,"[[4.83, 3.67], [5.12, 3.5]]","['бер килү икенчесеннән аерыла', 'начар түгел']",['SERVICE#GENERAL']
tat,restaurant,19467:17_811,Тулаем алганда Терраса өметне өзми һәм яраткан урыннарның берсе булып кала бирә.,1,['терраса'],2,"[[6.33, 5.5], [8.12, 7.62]]","['яраткан урыннарның берсе', 'өметне өзми']",['RESTAURANT#GENERAL']
tat,restaurant,19503:0_812,"Бүген дустым белән шушы бинада булдым! барысы да бик ошады,хезмәт күрсәтү әле кергәндә үк шатландырды,ягымлы һәм елмаючан администратор Екатерина безне каршы алды һәм бик яхшы күренеш ачыла торган бик яхшы өстәл артына утыртты.",1,['администратор'],2,"[[6.8, 6.3], [6.9, 6.4]]","['елмаючан', 'ягымлы']",['SERVICE#GENERAL']
tat,restaurant,19677:3_819,"Зур порцияләр, кызыклы салатлар һәм кайнар ризыклар, барысы да чагыштырмача аз бәягә бик туклыклы һәм тәмле иде!",1,['салатлар'],3,"[[7.0, 6.5], [7.12, 6.75], [7.62, 6.88]]","['бик туклыклы', 'тәмле', 'чагыштырмача аз бәягә']","['FOOD#PRICES', 'FOOD#QUALITY']"
tat,restaurant,19677:3_819,"Зур порцияләр, кызыклы салатлар һәм кайнар ризыклар, барысы да чагыштырмача аз бәягә бик туклыклы һәм тәмле иде!",1,['кайнар ризыклар'],4,"[[6.67, 5.67], [7.12, 6.75], [7.33, 7.33], [8.17, 7.83]]","['бик туклыклы', 'кызыклы', 'тәмле', 'чагыштырмача аз бәягә']","['FOOD#PRICES', 'FOOD#QUALITY']"
tat,restaurant,19677:4_820,"Бик күңелле, тыйнак хезмәт күрсәтү!",1,['хезмәт күрсәтү'],2,"[[6.5, 5.88], [8.0, 7.5]]","['Бик күңелле', 'тыйнак']",['SERVICE#GENERAL']
tat,restaurant,19677:8_823,Барыгызга да бу искиткеч кафега барырга киңәш итәм!,1,['кафега'],2,"[[7.67, 7.33], [7.8, 7.0]]","['искиткеч', 'киңәш итәм']",['RESTAURANT#GENERAL']
tat,restaurant,19746:2_824,"Интерьер күңелле, бина зур түгел, ләкин бик уңайлы.",1,['интерьер'],2,"[[6.9, 6.3], [8.17, 7.83]]","['бик уңайлы', 'күңелле']",['AMBIENCE#GENERAL']
tat,restaurant,19817:1_827,"Тыныч мохит бик ошый, фондагы тыныч музыка әңгәмәгә комачауламый, һәрвакыт буш өстәл бар.",1,['мохит'],2,"[[6.6, 6.1], [8.0, 7.83]]","['Тыныч', 'бик ошый']",['AMBIENCE#GENERAL']
tat,restaurant,19817:3_828,"Миңа халык җыелмаган, шау-шу һәм йөгерү булмаган бинада ашау күпкә тынычрак һәм уңайлырак.",1,['бинада'],4,"[[7.12, 6.38], [7.12, 6.62], [7.33, 7.0]]","['күпкә тынычрак', 'уңайлырак', 'халык җыелмаган', 'шау-шу']",['AMBIENCE#GENERAL']
tat,restaurant,19817:7_831,"Әлбәттә, роллларның ассортиментын бераз күбрәк теләр идем, әмма булганнары бик ошый.",1,['роллларның'],2,"[[3.8, 5.7], [7.6, 7.0]]","['ассортиментын бераз күбрәк теләр идем', 'бик ошый']","['FOOD#QUALITY', 'FOOD#STYLE_OPTIONS']"
tat,restaurant,19817:12_835,"Беконлы драниклар бик тәмле һәм порция чын ""ирләрнеке"".",1,['беконлы драниклар'],2,"[[7.88, 7.38], [8.12, 7.62]]","['бик тәмле', 'порция чын ""ирләрнеке""']","['FOOD#QUALITY', 'FOOD#STYLE_OPTIONS']"
tat,restaurant,19817:14_837,"Ничектер бер тапкыр тәҗрибәсез официанткага эләктек, аннан канәгать түгел идек, ләкин аны башка күрмәдек.",1,['официанткага'],2,"[[2.83, 7.0], [3.3, 6.0]]","['канәгать түгел', 'тәҗрибәсез']",['SERVICE#GENERAL']
tat,restaurant,19817:18_839,"Гомуми хезмәт күрсәтүдән канәгать, бәйләнчек түгел, ләкин игътибарлы.",1,['хезмәт күрсәтүдән'],3,"[[6.6, 5.9], [7.0, 6.4], [7.38, 7.0]]","['бәйләнчек түгел', 'игътибарлы', 'канәгать']",['SERVICE#GENERAL']
tat,restaurant,20086:3_847,"Безнең залдагы Интерьер безгә ошады-уңайлы, матур җиһазлар.",1,['интерьер'],2,"[[6.9, 6.3], [7.25, 7.0]]","['ошады', 'уңайлы']",['AMBIENCE#GENERAL']
tat,restaurant,20397:1_853,Ресторан бик зур!! әмма шул ук вакытта бик уңайлы һәм чыннан да күп урын!,1,['ресторан'],3,"[[7.6, 7.2], [7.75, 8.0], [8.0, 8.67]]","['бик зур', 'бик уңайлы', 'чыннан да күп урын']",['AMBIENCE#GENERAL']
tat,restaurant,20397:6_857,"Хезмәт күрсәтү бик шәп! барысы да вакытында, эчемлекләр-шундук диярлек! сөйкемле Анна безгә барысын да сөйләп бирде һәм меню буенча бик тиз һәм төгәл киңәшләр бирде.",1,['хезмәт күрсәтү'],2,"[[7.8, 7.4], [8.33, 8.17]]","['бик шәп', 'шундук диярлек']",['SERVICE#GENERAL']
tat,restaurant,20397:6_857,"Хезмәт күрсәтү бик шәп! барысы да вакытында, эчемлекләр-шундук диярлек! сөйкемле Анна безгә барысын да сөйләп бирде һәм меню буенча бик тиз һәм төгәл киңәшләр бирде.",1,['анна'],4,"[[6.8, 6.5], [7.0, 6.33], [7.5, 7.38]]","['меню буенча бик тиз һәм төгәл киңәшләр бирде', 'сөйкемле', 'тиз', 'төгәл']",['SERVICE#GENERAL']
tat,restaurant,20417:7_864,"Меню Яхшы, тыйнак.",1,['меню'],2,"[[6.0, 5.33], [6.8, 6.0]]","['Яхшы', 'тыйнак']",['FOOD#QUALITY']
tat,restaurant,20417:20_870,"Интерьер матур, барысы да зәвык белән.",1,['интерьер'],2,"[[6.9, 6.3], [7.5, 7.33]]","['зәвык белән', 'матур']",['AMBIENCE#GENERAL']
tat,restaurant,20417:21_871,"Төс, гамма, урындыклар — барысы да матур һәм уңайлы.",1,['төс'],2,"[[6.67, 6.17], [6.88, 6.5]]","['матур', 'уңайлы']",['AMBIENCE#GENERAL']
tat,restaurant,20417:21_871,"Төс, гамма, урындыклар — барысы да матур һәм уңайлы.",1,['гамма'],2,"[[6.67, 6.17], [6.88, 6.5]]","['матур', 'уңайлы']",['AMBIENCE#GENERAL']
tat,restaurant,20417:21_871,"Төс, гамма, урындыклар — барысы да матур һәм уңайлы.",1,['урындыклар'],2,"[[6.88, 6.5], [6.88, 6.62]]","['матур', 'уңайлы']",['AMBIENCE#GENERAL']
tat,restaurant,20784:8_876,"Шашлык яңа, эри, бернинди май да, сөяк тә юк.",1,['шашлык'],3,"[[7.12, 6.62], [7.2, 6.5], [7.5, 7.1]]","['бернинди май да, сөяк тә юк', 'эри', 'яңа']",['FOOD#QUALITY']
tat,restaurant,20784:12_878,"Порцияләр гадәти, зур түгел, ләкин кечкенә дә түгел.",1,['порцияләр'],3,"[[5.0, 3.5], [5.12, 3.75]]","['гадәти', 'зур түгел', 'кечкенә дә түгел']",['FOOD#STYLE_OPTIONS']
tat,restaurant,20861:3_882,"Зур экраннарда Fashion трансляцияләнә. дусларча очрашулар өчен күңелле, тыныч интерьер.",1,['интерьер'],2,"[[6.5, 5.8], [6.8, 6.2]]","['күңелле', 'тыныч']",['AMBIENCE#GENERAL']
tat,restaurant,21574:2_901,"Шундук шаккаттырганы, официанткалар!!!- барысы да сайлап алынган кебек, чәй алу максаты белән түгел (өстәвенә, нинди чәй-банкет бит ул), чын ихластан һәм яхшы күңел белән елмаялар, каршы алалар, озаталар, ә бөтен бәйрәм дәвамында ""күренми торган хатыннар"" ризыкны тыйнак кына алмаштыралар, шул ук вакытта кирәк булганда-алар шунда ук пәйда булалар)",1,['официанткалар'],7,"[[6.33, 5.5], [7.25, 7.25], [7.38, 6.62], [7.46, 7.23], [7.67, 7.5], [7.67, 7.83], [7.83, 7.5]]","['""күренми торган хатыннар"" ризыкны тыйнак кына алмаштыралар', 'сайлап алынган кебек', 'тыйнак кына', 'шаккаттырганы', 'шунда ук пәйда булалар', 'яхшы күңел белән', 'яхшы күңел белән елмаялар']",['SERVICE#GENERAL']
tat,restaurant,21574:5_903,"Креветка һәм яфраклы салат бик ошады, баклажан рулетиклары (эчлеккә әстерхан чикләвекләре керә иде, калганын аңламадым)), салкын балык рулеты һәм, дөге һәм яшелчәләр белән тутырылган корюшка-чыннан да матур һәм тәмле ризык.",1,['дөге һәм яшелчәләр белән тутырылган корюшка'],3,"[[7.38, 6.88], [7.83, 7.0], [8.0, 7.67]]","['бик ошады', 'тәмле', 'чыннан да матур']",['FOOD#QUALITY']
tat,restaurant,21574:5_903,"Креветка һәм яфраклы салат бик ошады, баклажан рулетиклары (эчлеккә әстерхан чикләвекләре керә иде, калганын аңламадым)), салкын балык рулеты һәм, дөге һәм яшелчәләр белән тутырылган корюшка-чыннан да матур һәм тәмле ризык.",1,['ризык'],2,"[[7.5, 6.9], [7.83, 7.0]]","['тәмле', 'чыннан да матур']",['FOOD#QUALITY']
tat,restaurant,21716:1_907,"Һәрвакыт менеджер Екатерина белән аралаштык, ул безнең барлык сорауларга җавап бирде, күп очракта безнең каршыга килде, һәм килешенгәннәрнең барысы да эшләнде.",1,['менеджер'],3,"[[6.67, 5.67], [7.0, 6.12], [7.33, 6.33]]","['безнең барлык сорауларга җавап бирде', 'безнең каршыга килде', 'килешенгәннәрнең барысы да эшләнде']",['SERVICE#GENERAL']
tat,restaurant,21716:6_910,"Кайнар ризык, атап әйткәндә, дуңгыз итеннән шашлык һәм сөләйман балыгы бик яхшы эшләнгән, барысы да йомшак һәм сусыл.",1,['кайнар ризык'],3,"[[7.5, 6.75], [7.5, 7.33], [7.67, 7.5]]","['бик яхшы', 'йомшак', 'сусыл']",['FOOD#QUALITY']
tat,restaurant,21716:6_910,"Кайнар ризык, атап әйткәндә, дуңгыз итеннән шашлык һәм сөләйман балыгы бик яхшы эшләнгән, барысы да йомшак һәм сусыл.",1,['дуңгыз итеннән шашлык'],3,"[[7.5, 6.75], [7.5, 7.12], [7.5, 7.33]]","['бик яхшы', 'йомшак', 'сусыл']",['FOOD#QUALITY']
tat,restaurant,21716:6_910,"Кайнар ризык, атап әйткәндә, дуңгыз итеннән шашлык һәм сөләйман балыгы бик яхшы эшләнгән, барысы да йомшак һәм сусыл.",1,['сөләйман балыгы'],3,"[[7.5, 6.75], [7.5, 7.12], [7.5, 7.33]]","['бик яхшы', 'йомшак', 'сусыл']",['FOOD#QUALITY']
tat,restaurant,21856:1_914,"Өстәлгә заказ бирергә шалтыраттым, ягымлы егет Евгений җавап бирде ,безнең барлык теләкләрне исәпкә алып, безгә өстәл броньлады, моның өчен аңа аерым зур рәхмәт!!!!!!",1,['егет'],2,"[[6.9, 6.3], [8.5, 8.5]]","['зур рәхмәт', 'ягымлы']",['SERVICE#GENERAL']
tat,restaurant,21856:3_916,"Бик әйбәт кыз безгә хезмәт күрсәтте, барлык сорауларыбызга сабыр гына, әдәпле генә җавап бирде.",1,['кыз'],3,"[[6.83, 6.17], [6.83, 6.33], [7.8, 7.3]]","['сабыр гына, әдәпле генә җавап бирде', 'әдәпле генә', 'әйбәт']",['SERVICE#GENERAL']
tat,restaurant,21856:4_917,"Аш-су бик шәп,өлешләр бик зур, пешерүчеләргә аерым рәхмәт!!!!!!!!!",1,['аш-су'],2,"[[7.83, 8.5], [8.3, 7.9]]","['аерым рәхмәт', 'бик шәп']",['FOOD#QUALITY']
tat,restaurant,22527:3_931,"Хезмәт күрсәтү бик шәп: тәлинкәләрне шундук җыештыралар, яңа ризыкларны тиз китерәләр, шуңа күрә бернәрсә дә көтәргә кирәкми.",1,['хезмәт күрсәтү'],4,"[[7.5, 7.67], [7.67, 7.83], [7.8, 7.4]]","['бернәрсә дә көтәргә кирәкми', 'бик шәп', 'тиз китерәләр', 'шундук җыештыралар']",['SERVICE#GENERAL']
tat,restaurant,22970:0_933,"Бик иркен һәм якты, интерьер Минем яраткан стильдә:)",1,['интерьер'],3,"[[7.17, 7.0], [8.0, 7.5], [8.0, 7.67]]","['Бик иркен', 'якты', 'яраткан']",['AMBIENCE#GENERAL']
tat,restaurant,22975:2_939,"Бик күңелле егет хезмәт күрсәтте, ул һәрвакыт елмая һәм безгә яхшы ризыклар тәкъдим итә иде.",1,['егет'],2,"[[6.5, 5.83], [7.6, 6.8]]","['Бик күңелле', 'елмая']",['SERVICE#GENERAL']
tat,restaurant,23369:4_941,"Халык аз иде, тирә-як бик ямьле, һәм озын кич утыруларга этәрә торган иде.",1,['тирә-як'],2,"[[7.67, 7.67], [7.8, 7.2]]","['бик ямьле', 'этәрә торган']",['AMBIENCE#GENERAL']
tat,restaurant,23369:7_943,"Официант белән бик бәхет елмайды,ул безгә бик игелекле һәм оператив хезмәт күрсәтте.",1,['официант белән'],3,"[[7.0, 6.5], [7.5, 7.0], [8.12, 7.62]]","['бик бәхет елмайды', 'бик игелекле', 'оператив']",['SERVICE#GENERAL']
tat,restaurant,23369:10_944,"Аш-су турында нәрсә әйтергә мөмкин...кайнар ризык бик сөендерде,аеруча тәмле итеп ит әзерләнгән-сусыл, йомшак, яшелчәләр тәмле итеп әзерләнгән.",1,['ит'],3,"[[7.0, 6.5], [7.12, 6.62], [7.7, 7.2]]","['аеруча тәмле', 'йомшак', 'сусыл']",['FOOD#QUALITY']
tat,restaurant,23858:3_950,Ярыйсы бәядән үз сыралары булу һәм аның тәме начар булмавы да сөендерде.,1,['сыралары'],2,"[[5.6, 4.0], [6.38, 5.62]]","['Ярыйсы бәядән', 'начар булмавы']","['DRINKS#PRICES', 'DRINKS#QUALITY']"
tat,restaurant,23858:13_954,"Шулай булгач, кичне коткарып кала алдык, ә глобустан авыр, күңелсез утырым калды...",1,['глобустан'],2,"[[2.83, 6.5], [3.0, 6.33]]","['авыр', 'күңелсез']",['RESTAURANT#GENERAL']
tat,restaurant,23878:6_956,"Меню күптөрле, бәяләр адекват.",1,['меню'],2,"[[6.25, 5.62], [7.0, 6.4]]","['адекват', 'күптөрле']","['FOOD#STYLE_OPTIONS', 'RESTAURANT#PRICES']"
tat,restaurant,24132:1_962,Интерьер үзенең нәфис гадилеге белән бик ошый - уңайлы һәм җылы.,1,['интерьер'],4,"[[7.5, 7.25], [8.0, 8.0], [8.75, 8.88]]","['бик ошый', 'нәфис гадилеге', 'уңайлы', 'җылы']",['AMBIENCE#GENERAL']
tat,restaurant,24132:9_969,"Шулай булгач, әгәр вакытыгызны рәхәт, уңайлы, дустанә мохиттә уздырырга һәм шул ук вакытта тәмле ашарга телисез икән, Кухня - нәкъ менә сезгә кирәк нәрсә ;)",1,['мохиттә'],3,"[[7.3, 6.7], [7.4, 6.8]]","['дустанә', 'рәхәт', 'уңайлы']",['AMBIENCE#GENERAL']
tat,restaurant,24132:9_969,"Шулай булгач, әгәр вакытыгызны рәхәт, уңайлы, дустанә мохиттә уздырырга һәм шул ук вакытта тәмле ашарга телисез икән, Кухня - нәкъ менә сезгә кирәк нәрсә ;)",1,['кухня'],2,"[[7.0, 6.33], [7.38, 6.38]]","['нәкъ менә сезгә кирәк нәрсә', 'тәмле']","['FOOD#QUALITY', 'RESTAURANT#GENERAL']"
tat,restaurant,24217:4_974,"Тышлау материалларының һәр җирдә арзанлылары кулланылган, ләкин пространство үзе уңайлы һәм бәйрәмчә күренә.",1,['пространство'],2,"[[7.0, 6.5], [7.1, 6.6]]","['бәйрәмчә', 'уңайлы']",['AMBIENCE#GENERAL']
tat,restaurant,24217:9_979,"Сыра сайлау зур түгел (ләкин сыра бик яхшы), гомумән, бар өчен алкоголь сайлау зур түгел кебек тоелды.",1,['сыра'],2,"[[2.83, 6.67], [7.8, 7.2]]","['сайлау зур түгел', 'яхшы']","['DRINKS#QUALITY', 'DRINKS#STYLE_OPTIONS']"
tat,restaurant,24275:3_985,"Аш-су шулай ук бик шатландырды, классик Итальян ашлары гаҗәп тәмле һәм бик аутентик иде.",1,['итальян ашлары'],2,"[[7.62, 6.88], [7.9, 7.2]]","['бик аутентик', 'гаҗәп тәмле']",['FOOD#QUALITY']
tat,restaurant,24275:8_988,"Гомумән алганда, бу безнең өчен күңелле ачыш булды, өйдән ерак түгел бөтен гаилә белән җылы шартларда тәмле ашарга урын бар.",1,['урын'],2,"[[6.67, 6.0], [7.0, 6.67]]","['күңелле', 'тәмле ашарга']",['RESTAURANT#GENERAL']
tat,restaurant,24501:0_990,Сезнең ресторан мохите һәм персоналның миңа көтелмәгән күңелле тәэсир калдырганы өчен рәхмәт белдерәсем килә!,1,['ресторан'],2,"[[6.67, 6.0], [7.5, 7.67]]","['көтелмәгән күңелле тәэсир', 'рәхмәт белдерәсем килә']",['RESTAURANT#GENERAL']
tat,restaurant,24501:1_991,"Без компания белән 14.02 дә килдек, өстәлне алдан броньлап куйган идек, кыз телефон аша бик ягымлы һәм әдәпле иде, без ресторанга кергәч, безне шунда ук каршы алдылар һәм причалга караган террасадагы без теләгән өстәл артына озаттылар, официант-молодец, ул үзен озак көттермәде һәм менюда бик яхшы ориентлашты, безгә теләгән ризыкларны сайларга ярдәм итте.",1,['кыз'],2,"[[6.9, 6.5], [7.5, 6.75]]","['бик ягымлы', 'әдәпле']",['SERVICE#GENERAL']
tat,restaurant,24501:1_991,"Без компания белән 14.02 дә килдек, өстәлне алдан броньлап куйган идек, кыз телефон аша бик ягымлы һәм әдәпле иде, без ресторанга кергәч, безне шунда ук каршы алдылар һәм причалга караган террасадагы без теләгән өстәл артына озаттылар, официант-молодец, ул үзен озак көттермәде һәм менюда бик яхшы ориентлашты, безгә теләгән ризыкларны сайларга ярдәм итте.",1,['официант'],3,"[[7.0, 7.0], [7.3, 6.7], [7.62, 7.25]]","['бик яхшы ориентлашты', 'молодец', 'ярдәм итте']",['SERVICE#GENERAL']
tat,restaurant,24578:2_993,"Ресторан шактый уңайлы, матур өй шартлары.",1,['шартлары'],2,"[[6.6, 6.0], [6.88, 6.88]]","['матур', 'өй']",['AMBIENCE#GENERAL']
tat,restaurant,25507:14_1018,"Гомумән тәэсирләр күңелле калды, безгә хезмәт күрсәткән официантка бик матур һәм гади кыз, моны, әлбәттә, администраторлар турында әйтеп булмый..хәерле булсын алар белән!!",1,['кыз'],2,"[[6.5, 5.9], [7.5, 6.75]]","['бик матур', 'гади']",['SERVICE#GENERAL']
tat,restaurant,25709:5_1019,Кергәндә кызлар безнең нәрсәләрне өстен күрүебез турында сорадылар һәм икенче катка озаттылар.,1,['кызлар'],2,"[[6.38, 5.62], [6.67, 6.67]]","['нәрсәләрне өстен күрүебез турында сорадылар', 'озаттылар']",['SERVICE#GENERAL']
tat,restaurant,25709:9_1021,Шактый күңелле тыныч музыка һәм җиңелчә караңгылык.,1,['музыка'],2,"[[6.38, 5.75], [6.6, 5.7]]","['Шактый күңелле', 'тыныч']",['AMBIENCE#GENERAL']
tat,restaurant,25753:3_1027,"Хезмәт күрсәтү бик ошады - профессиональ,бәйләнчек түгел, яхшы күңелле.",1,['хезмәт күрсәтү'],4,"[[7.12, 6.88], [7.38, 7.25], [7.5, 7.38], [8.12, 7.62]]","['бик ошады', 'бәйләнчек түгел', 'профессиональ', 'яхшы күңелле']",['SERVICE#GENERAL']
tat,restaurant,25861:4_1033,"Хезмәт күрсәтү ошамады-заказны бик озак әзерлиләр (яки китерәләрме??), ике тапкыр да ресторанның ярым буш булуын исәпкә алып...",1,['хезмәт күрсәтү'],2,"[[2.0, 8.33], [2.7, 6.5]]","['бик озак', 'ошамады']",['SERVICE#GENERAL']
tat,restaurant,25960:0_1035,Ачылудан соң беренче айларда мондый шәп урынга сөенеп туя алмадым.,1,['урынга'],2,"[[7.6, 7.4], [8.12, 7.88]]","['сөенеп туя алмадым', 'шәп']",['RESTAURANT#GENERAL']
tat,restaurant,26022:1_1040,"Урын бик күңелле, кечкенә генә, ямьле - тик бу ресторанга караганда күбрәк кафе.",1,['урын'],2,"[[6.83, 6.33], [7.17, 6.0]]","['бик күңелле', 'ямьле']",['AMBIENCE#GENERAL']
tat,restaurant,26022:3_1041,"Гардеробщик-официант-барменга, сөйкемле һәм дустанә афроамерикалыга зур рәхмәт ))",1,['афроамерикалыга'],2,"[[6.8, 6.2], [6.9, 6.3]]","['дустанә', 'сөйкемле']",['SERVICE#GENERAL']
tat,restaurant,26152:16_1051,"Шеф-повардан тавыклы салат - артык әйберсез, гадәти булмаган, ләкин тәмле.",1,['шеф-повардан тавыклы салат'],2,"[[6.33, 5.67], [6.9, 6.1]]","['артык әйберсез', 'тәмле']",['FOOD#QUALITY']
tat,restaurant,26330:1_1058,"Интерьерның гадилегенә, аш-суның сыйфатына(шеф пешекчегә бик зур рәхмәт),сырага кабымлыкларның бик зур төрлелегенә гаҗәпләндек.",1,['аш-суның'],2,"[[6.88, 6.25], [8.17, 8.17]]","['бик зур рәхмәт', 'гаҗәпләндек']",['FOOD#QUALITY']
tat,restaurant,26330:2_1059,"""Халапен перчиклары"" бигрәк тә ошады (бу тиңдәшсез ризык шулай дип атала иде),уртача бәяләр, зур порцияләр.",1,['халапен перчиклары'],2,"[[7.88, 7.62], [8.67, 8.0]]","['бигрәк тә ошады', 'тиңдәшсез ризык']",['FOOD#QUALITY']
tat,restaurant,26330:2_1059,"""Халапен перчиклары"" бигрәк тә ошады (бу тиңдәшсез ризык шулай дип атала иде),уртача бәяләр, зур порцияләр.",1,['порцияләр'],2,"[[7.2, 6.6], [7.33, 7.0]]","['зур', 'уртача бәяләр']","['FOOD#PRICES', 'FOOD#STYLE_OPTIONS']"
tat,restaurant,26330:5_1061,"Безгә хезмәт күрсәткән кыз, сирәк исемле Антонина, ресторан ризыкларын яхшы белә һәм безгә төрле кабымлыкларны оста тәкъдим итте.",1,['кыз'],2,"[[6.67, 6.0], [7.0, 6.33]]","['оста', 'яхшы']",['SERVICE#GENERAL']
tat,restaurant,26887:1_1067,"Ләкин соңгы вакытта аш-су да, хезмәт күрсәтү дә начарланды: йә суши ашап булмастай тозлы иде, йә беренче ашамлыкка пирожок беренче ашамлыкның үзен ашаганнан соң бирелде.",1,['суши'],2,"[[1.33, 8.5], [1.83, 7.83]]","['булмастай', 'тозлы']",['FOOD#QUALITY']
tat,restaurant,26887:12_1069,Мондый дәрәҗәдәге ресторан өчен персоналның йомшаклыгы һәм башкара белмәве оешма турындагы гомуми тәэсирдә чагылыш тапмаска тиеш.,1,['персоналның'],2,"[[2.2, 7.3], [2.3, 7.2]]","['башкара белмәве', 'йомшаклыгы']",['SERVICE#GENERAL']
tat,restaurant,27169:7_1076,"Бәяләр кулай,ашамлыклар оригиналь, зәвык белән бизәлгән, һәм, иң мөһиме, барысы да бик тәмле, порцияләр Яхшы.",1,['ашамлыклар'],3,"[[7.0, 6.33], [7.62, 6.88]]","['бик тәмле', 'зәвык белән', 'оригиналь']","['FOOD#QUALITY', 'FOOD#STYLE_OPTIONS']"
tat,restaurant,27169:11_1080,"Яхшы күңелле, әдәпле, игътибарлы һәм шул ук вакытта тыйнак хезмәт күрсәтүне билгеләп үтәсем килә!",1,['хезмәт күрсәтүне'],4,"[[6.6, 6.0], [6.9, 6.4], [7.25, 7.12]]","['Яхшы күңелле', 'игътибарлы', 'тыйнак', 'әдәпле']",['SERVICE#GENERAL']
tat,restaurant,27539:4_1089,"Ә калганы әйбәт: администратор кыз да (безгә ризык сайларга булышты), ямьле мохит, залда тәмәке төтене юк, хезмәт күрсәтү бик тиз, официат кызлар игътибарлы, ризык бик тәмле.",1,['администратор кыз'],2,"[[6.83, 6.17], [8.0, 7.67]]","['безгә ризык сайларга булышты', 'әйбәт']",['SERVICE#GENERAL']
tat,restaurant,27539:5_1090,"Гомумән алганда, яхшы кытай рестораны, ризык әлбәттә ""Харбин"" да әйткәнгә караганда бераз кыйммәтрәк, әмма ресторан моңа тора.",1,['кытай рестораны'],2,"[[4.75, 3.62], [6.38, 5.62]]","['бераз кыйммәтрәк', 'яхшы']","['RESTAURANT#GENERAL', 'RESTAURANT#PRICES']"
tat,restaurant,27569:13_1099,"Шулай булгач, әгәр дә тәмле һәм арзан ашарга мөмкин булган тыныч, күңелле урын кирәк икән, Арагви-иң яхшы вариант!килегез, үкенмәссез!",1,['арагви'],2,"[[6.88, 6.38], [8.33, 7.67]]","['арзан', 'иң яхшы']","['RESTAURANT#GENERAL', 'RESTAURANT#PRICES']"
tat,restaurant,27629:4_1106,"Официантка, әйтерсең җиңел наркотиклар астында игътибар белән тыңламаган һәм бернәрсә дә язмаган, нәтиҗәдә 25 минут көткәннән соң заказ биргән ризыкны алып килмәделәр.",1,['официантка'],3,"[[2.2, 7.3], [2.33, 7.5], [3.0, 6.33]]","['бернәрсә дә язмаган', 'игътибар белән тыңламаган', 'әйтерсең җиңел наркотиклар астында']",['SERVICE#GENERAL']
tat,restaurant,27629:7_1108,Аш-су дәгъвалы һәм тәмле түгел.,1,['аш-су'],2,"[[2.5, 6.8], [2.8, 6.6]]","['дәгъвалы', 'тәмле түгел']",['FOOD#QUALITY']
tat,restaurant,27816:2_1114,"Бик яхшы банкет менюсы, яхшы аш-су һәм бик демократик бәяләр.",1,['аш-су'],2,"[[6.9, 6.4], [7.5, 7.0]]","['бик демократик', 'яхшы']","['FOOD#PRICES', 'FOOD#QUALITY']"
tat,restaurant,27816:6_1116,"Өйдәгечә уңай мохит, чөнки ямьле шартлар һәм якты йөзле персонал.",1,['мохит'],2,"[[6.75, 6.25], [7.0, 6.5]]","['уңай', 'Өйдәгечә']",['AMBIENCE#GENERAL']
tat,restaurant,27841:1_1120,Хезмәт күрсәтүче персоналга шундук сокландым: нәкъ менә сине көткән кебек каршы алалар һәм килүеңә бик шатланалар.,1,['хезмәт күрсәтүче персоналга'],3,"[[7.9, 7.6], [8.17, 7.67], [8.25, 7.88]]","['килүеңә бик шатланалар', 'нәкъ менә сине көткән кебек каршы алалар', 'сокландым']",['SERVICE#GENERAL']
tat,restaurant,27841:10_1127,"хезмәт күрсәтү 10лыга, барысы да вакытында, ягымлы һәм елмаеп.",1,['хезмәт күрсәтү'],4,"[[7.5, 7.25], [7.5, 7.5], [8.67, 8.33]]","['10лыга', 'барысы да вакытында', 'елмаеп', 'ягымлы']",['SERVICE#GENERAL']
tat,restaurant,27925:3_1129,Хезмәт күрсәтү яхшы метрдотель каршы алды һәм безгә бик яхшы туры килгән өстәлгә кадәр озатты.,1,['метрдотель'],2,"[[6.17, 5.67], [7.0, 6.83]]","['безгә бик яхшы туры килгән өстәлгә кадәр озатты', 'каршы алды']",['SERVICE#GENERAL']
tat,restaurant,27925:6_1131,"Безнең зур булмаган банкетикка без бер-ике тәмле ризыкка заказ бирдек, мин үземә әкәм-төкәмгә заказ бирдем, бик тәмле иде һәм бөтенләй кыйммәт булмаган 300 сум чамасы, минем егетем мангалдагы иттән ризыкларга заказ бирде, алар анда тулы, аңа гадәттә ярамый, ә монда ошады аның дуслары да мангалдагы төрле иткә заказ бирделәр, шулай ук бик ошаттылар!",1,['әкәм-төкәмгә'],2,"[[7.8, 7.0], [7.83, 7.5]]","['бик тәмле', 'бөтенләй кыйммәт булмаган']","['FOOD#PRICES', 'FOOD#QUALITY']"
tat,restaurant,27925:8_1133,"Кыскасы, без бу ресторанда уздырган кичтән бик канәгать калдык, шулай булгач, барыгызга да киңәш итәбез))",1,['ресторанда'],2,"[[7.75, 7.5], [8.5, 7.9]]","['барыгызга да киңәш итәбез', 'бик канәгать калдык']",['RESTAURANT#GENERAL']
tat,restaurant,28083:8_1136,"Персонал әдәпле, безгә беркем дә тупас эндәшмәде һәм хаталы исәпләмәде.",1,['персонал'],3,"[[6.9, 6.3], [7.17, 7.33]]","['тупас эндәшмәде', 'хаталы исәпләмәде', 'әдәпле']",['SERVICE#GENERAL']
tat,restaurant,28112:5_1140,Порцияләр зур һәм бик туклыклы.,1,['порцияләр'],2,"[[7.1, 6.6], [7.6, 7.0]]","['бик туклыклы', 'зур']",['FOOD#STYLE_OPTIONS']
tat,restaurant,28112:20_1147,"Ашарга да була,сөйләшергә дә (музыка бик рәхәт һәм көчле түгел), ханымны алып килергә дә, туган көнеңне билгеләп үтәргә дә.",1,['музыка'],2,"[[6.62, 6.12], [7.4, 6.6]]","['бик рәхәт', 'көчле түгел']",['AMBIENCE#GENERAL']
tat,restaurant,28258:1_1148,"Безне беренче булып парковщик каршы алды, машина куярга булышты һәм хәтта ишекләрне ачып, безне әдәпле генә сәламләде.",1,['парковщик'],2,"[[7.0, 6.38], [7.17, 7.17]]","['булышты', 'әдәпле генә']",['SERVICE#GENERAL']
tat,restaurant,28275:4_1159,"Күңелле, рәхәт интерьер, уңайлы диваннар.",1,['интерьер'],2,"[[6.7, 6.1], [7.0, 6.75]]","['Күңелле', 'рәхәт']",['AMBIENCE#GENERAL']
tat,restaurant,28275:6_1160,"Безнең өстәлгә хезмәт күрсәткән кыз (исемнәрен белмим, кызганычка каршы) - игътибарлы һәм алдан сизүчән, безнең барлык сорауларга рәхәтләнеп җавап бирде.",1,['кыз'],3,"[[6.8, 6.4], [7.17, 7.0]]","['алдан сизүчән', 'безнең барлык сорауларга рәхәтләнеп җавап бирде', 'игътибарлы']",['SERVICE#GENERAL']
tat,restaurant,28612:1_1168,"Бик күңелле һәм әдәпле персонал, инде керү урынында каршы алалар, күптән кунакка көткәннәр кебек тоела.",1,['персонал'],3,"[[6.9, 6.5], [7.62, 7.5], [7.67, 7.33]]","['Бик күңелле', 'күптән кунакка көткәннәр кебек тоела', 'әдәпле']",['SERVICE#GENERAL']
tat,restaurant,28612:4_1171,"Тыныч һәм салмак музыка яңгыравы бик ошады, бик ял иттерүче мохит.",1,['музыка'],3,"[[6.7, 6.0], [8.12, 7.62]]","['Тыныч', 'бик ошады', 'салмак']",['AMBIENCE#GENERAL']
tat,restaurant,28612:5_1172,"Искиткеч интерьер, әкияткә эләккәндәй.",1,['интерьер'],2,"[[8.5, 8.12], [8.5, 8.25]]","['Искиткеч', 'әкияткә эләккәндәй']",['AMBIENCE#GENERAL']
tat,restaurant,28710:6_1174,"Интерьер, әлбәттә, шундук таң калдыра, инде урамда барысы да бик матур чыршы һәм туя,фонарьлар яңа ел кәефе, эчтә уңайлы һәм купшы,йомшак диваннар,шәмнәр, ак рояль.",1,['шәмнәр'],2,"[[7.0, 6.83], [7.5, 7.33]]","['купшы', 'уңайлы']",['AMBIENCE#GENERAL']
tat,restaurant,28710:6_1174,"Интерьер, әлбәттә, шундук таң калдыра, инде урамда барысы да бик матур чыршы һәм туя,фонарьлар яңа ел кәефе, эчтә уңайлы һәм купшы,йомшак диваннар,шәмнәр, ак рояль.",1,['ак рояль'],2,"[[7.0, 6.83], [7.5, 7.33]]","['купшы', 'уңайлы']",['AMBIENCE#GENERAL']
tat,restaurant,28710:9_1176,"Персонал мине дә шатландырды, дип әйтә алам, кергәндә безне елмаеп торган хостесс каршы алды шулай ук кәеф күтәрелде һәм кичкә кадәр ул шулай калды да!",1,['хостесс'],2,"[[6.75, 6.38], [7.5, 7.17]]","['елмаеп торган', 'шулай ук кәеф күтәрелде']",['SERVICE#GENERAL']
tat,restaurant,28710:10_1177,"Официантлар да бик игътибарлы һәм әдәпле, безгә нидер ошамаган мизгелне искә төшерә алмыйм!",1,['официантлар'],2,"[[7.0, 6.6], [7.7, 7.0]]","['бик игътибарлы', 'әдәпле']",['SERVICE#GENERAL']
tat,restaurant,28710:11_1178,"Гомумән алганда, бик шәп ресторан, барысына да киңәш итәм һәм рәхәтләнеп үзем кайтырмын.",1,['ресторан'],3,"[[7.5, 7.5], [7.67, 7.33], [7.7, 7.2]]","['барысына да киңәш итәм', 'бик шәп', 'рәхәтләнеп үзем кайтырмын']",['RESTAURANT#GENERAL']
tat,restaurant,28745:1_1179,"Мин "" Мидзуки ""ны бу сайттан бәяләмәләргә нигезләнеп сайладым, һәм ялгышмадым - бик уңайлы урын, тәмле ризык (ролллар һәм тавык белән дөге заказ бирделәр), музыка йомшак һәм тыныч.",1,['музыка'],2,"[[6.4, 5.6], [6.6, 5.8]]","['йомшак', 'тыныч']",['AMBIENCE#GENERAL']
tat,restaurant,29298:4_1184,"Тулаем алганда, бик яхшы, лаеклы бина, дөрес, пәнҗешәмбе, җомга һәм ял көннәрендә өстәлләрне 3 атна алдан броньларга кирәклеге күңелсезләндерә.",1,['бина'],2,"[[7.0, 6.1], [7.4, 6.8]]","['бик яхшы', 'лаеклы']",['RESTAURANT#GENERAL']
tat,restaurant,29321:4_1187,"Бик матур интерьер, шундый нәфис һәм уңайлы.",1,['интерьер'],3,"[[7.0, 6.25], [7.1, 6.5], [8.12, 7.75]]","['Бик матур', 'нәфис', 'уңайлы']",['AMBIENCE#GENERAL']
tat,restaurant,29321:6_1188,"Аннары нәрсә...меню күптөрле, теләсә нинди зәвыкка, ләкин җентекләп караганда нәтиҗәдә балыкка тукталдым, чөнки шәхсән миңа башка берни дә ошамады (пиццаны башка махсуслашкан урыннарда ашарга мөмкин, паста...мин аны өйдә дә ясыйм, аш..бәйрәм өчен түгел).",1,['меню'],2,"[[7.0, 6.3], [7.33, 7.0]]","['күптөрле', 'теләсә нинди зәвыкка']",['FOOD#STYLE_OPTIONS']
tat,restaurant,29321:7_1189,"Шәрабка бәяләр котырган..хәер, мондый ресторан өчен бу нормаль дә булырга мөмкин, тик менә ризык белән чагыштырганда миңа кыйммәт тоелды!",1,['шәрабка'],2,"[[1.12, 8.25], [2.17, 7.67]]","['котырган', 'кыйммәт']",['DRINKS#PRICES']
tat,restaurant,29321:8_1190,"Гомумән алганда, аш-су итальянныкына якын, тик менә ниндидер супер искиткеч әйбер күрмәдем, шуңа күрә 8 генә.",1,['аш-су'],2,"[[6.33, 5.33], [6.75, 6.0]]","['8 генә', 'ниндидер супер искиткеч әйбер күрмәдем']",['FOOD#QUALITY']
tat,restaurant,29350:1_1194,"Ресторанда бик тәмле ризык, аерым алганда-суши, ролллар, дуңгыз шашлыгы,җылы Мексика салаты(киңәш итәм)!!! 2.",1,['җылы мексика салаты'],2,"[[7.4, 7.0], [8.17, 7.83]]","['бик тәмле', 'киңәш итәм']",['FOOD#QUALITY']
tat,restaurant,29350:2_1195,"Бераз уңайлы түгел, зур киңлектән һәм бераз салкын (кышын), әмма җәй көне - бу тәрәзәдән супер күренешләр!!! 3.",1,['зур киңлектән'],2,"[[3.33, 5.33], [3.33, 6.67]]","['Бераз уңайлы түгел', 'бераз салкын']",['AMBIENCE#GENERAL']
tat,restaurant,29350:4_1197,"Персонал бик әдәпле (бигрәк тә официантка Анастасия),ачык йөзле һәм ризыкларның составын яхшы белә, бу бик мөһим.",1,['персонал'],3,"[[6.88, 6.5], [7.33, 7.33], [7.7, 6.9]]","['ачык йөзле', 'бик әдәпле', 'ризыкларның составын яхшы белә']",['SERVICE#GENERAL']
tat,restaurant,29383:8_1202,"Музыка кычкырып уйный, шуңа күрә офицанткаларны чакырып булмый, һәм кайвакыт заказ өчен ризыкны ишетмиләр, утырасың 50 мин көтәсең, ә ул заказ бирелмәгән булып чыга тагын 50 мин көтәсең (әзерләү вакыты 40-50 мин дип язылган).",1,['офицанткаларны'],2,"[[2.5, 7.33], [2.75, 6.88]]","['ишетмиләр', 'чакырып булмый']",['SERVICE#GENERAL']
tat,restaurant,29383:9_1203,"Офицант кыз, моны мин әзерләмим, тизрәк әзерли алмыйм дип әйтеп торды һәм бик интеккән кыяфәт.",1,['офицант кыз'],2,"[[1.67, 8.0], [2.67, 7.0]]","['бик интеккән кыяфәт', 'тизрәк әзерли алмыйм']",['SERVICE#GENERAL']
tat,restaurant,29395:6_1208,"Без ашадык, ашадык, һәм ризыклардан берничек тә ләззәтләнеп туя алмадык, ул шундый тәмле, гадәти булмаган иде, чөнки мин гөрҗе ресторанында беренче тапкыр булдым.",1,['ризыклардан'],3,"[[7.17, 6.5], [8.0, 7.5], [8.67, 8.67]]","['берничек тә ләззәтләнеп туя алмадык', 'гадәти булмаган', 'шундый тәмле']",['FOOD#QUALITY']
tat,restaurant,30368:6_1224,"Аш-су шатландырды, зур сыра тәлинкәсе, чыннан да зур һәм тәмле булып чыкты!",1,['сыра тәлинкәсе'],2,"[[7.0, 6.33], [7.33, 7.0]]","['зур', 'тәмле']",['FOOD#QUALITY']
tat,restaurant,30368:12_1228,"Тулаем алганда, яхшы, җылы мохит.",1,['мохит'],2,"[[6.75, 6.25], [7.0, 6.4]]","['яхшы', 'җылы']",['AMBIENCE#GENERAL']
tat,restaurant,31004:14_1236,"Гомумән, бәяләр уртача,әмма мондый аш-су белән бөтенләй акланмаган.",1,['аш-су'],2,"[[1.83, 8.17], [2.17, 6.83]]","['бөтенләй акланмаган', 'мондый']","['FOOD#PRICES', 'FOOD#QUALITY']"
tat,restaurant,31071:1_1238,"Беренчедән, бик шау-шулы: зал зур түгел һәм барысы да берьюлы сөйләшеп утырганда (ә кунаклар күп иде), шундый шау-шу килеп чыга ки, каршыдагы юлдашларың нәрсә турында сөйләшкәне дә ишетелми, өстәлләр дә бер-берсенә шактый якын урнашкан.",1,['зал'],3,"[[2.0, 8.0], [2.17, 7.67], [4.33, 5.0]]","['бик шау-шулы', 'зур түгел', 'шундый шау-шу']",['AMBIENCE#GENERAL']
tat,restaurant,31071:3_1239,"Өченчедән, хезмәт күрсәтү: зал уртасында өске киемдә таптанып йөрү бик күңелсез булды (барлык официантлар да зал буйлап йөгереп йөрделәр, берәү дә каршы алмады һәм гардеробның кайда икәнен күрсәтмәде - ул бәдрәфләр арасындагы шкаф булып чыкты:)), официантка башта ашамлыклар алып килде, аннары инде приборлар китерде, счетны шактый озак алып килделәр, киткәндә, гардеробтагы кыз бөтен курткаларны да бирмәде һәм чыгып китте... вак-төяк, ләкин тәэсир шулардан төзелә.",1,['официантлар'],2,"[[2.88, 6.5], [3.17, 6.0]]","['берәү дә каршы алмады', 'күрсәтмәде']",['SERVICE#GENERAL']
ukr,restaurant,225:13_3,"М'ясо було просмажене трохи сильніше, ніж замовляла,але, тим не менш, смачним і ніжним.",1,"[""м'ясо""]",2,"[[6.9, 6.2], [7.0, 6.2]]","['ніжним', 'смачним']",['FOOD#QUALITY']
ukr,restaurant,280:4_7,"Інтер'єр ресторану виконаний в приємних світлих тонах, є зручні (цікаві) столики біля стін, але ось місця в центрі ресторану трохи розчаровують, тому що вони дуже незатишні.",1,"[""інтер'єр""]",2,"[[6.67, 6.0], [7.12, 6.75]]","['в приємних світлих тонах', 'приємних']",['AMBIENCE#GENERAL']
ukr,restaurant,280:4_7,"Інтер'єр ресторану виконаний в приємних світлих тонах, є зручні (цікаві) столики біля стін, але ось місця в центрі ресторану трохи розчаровують, тому що вони дуже незатишні.",1,['місця в центрі ресторану'],2,"[[3.12, 6.75], [3.6, 6.0]]","['дуже незатишні', 'трохи розчаровують']",['AMBIENCE#GENERAL']
ukr,restaurant,280:8_10,Дякуємо ресторану La Fabrik за приємний вечір!),1,['ресторану la fabrik'],2,"[[7.12, 6.88], [7.33, 7.33]]","['Дякуємо', 'приємний вечір']",['RESTAURANT#GENERAL']
ukr,restaurant,1032:4_12,"До великого здивування піца (ще раз - з дитячого меню!) була на стільки гостра, що і дорослі не змогли її їсти, не кажучи вже про дитину.",1,['піца'],2,"[[2.33, 8.0], [2.38, 7.75]]","['на стільки гостра', 'не змогли її їсти']",['FOOD#QUALITY']
ukr,restaurant,1032:12_17,"За сервіс 3, тому що офіціант плутала замовлення, не могла допомогти з вибором (або не хотіла, коли клієнт просить допомогти визначитися, він не хоче почути ""все смачне, беріть все"").",1,['офіціант'],2,"[[2.5, 6.62], [2.8, 6.6]]","['не могла допомогти з вибором', 'плутала замовлення']",['SERVICE#GENERAL']
ukr,restaurant,1032:14_18,"З плюсів хочу відзначити няню в дитячій кімнаті, дуже мила дівчина, дитині дуже сподобалася.",1,['дівчина'],2,"[[7.88, 7.5], [8.0, 8.0]]","['дуже мила', 'дуже сподобалася']",['SERVICE#GENERAL']
ukr,restaurant,1052:7_25,"Назавжди залишиться в пам'яті офіціант, який звертався до нас виключно на ""ти"", дерзив, а коли йому було зроблено зауваження, він нам повідомив, що він посварився зі своєю дівчиною і у нього огидний настрій!",1,['офіціант'],2,"[[1.67, 8.33], [1.7, 8.3]]","['дерзив', 'звертався до нас виключно на ""ти""']",['SERVICE#GENERAL']
ukr,restaurant,1052:11_27,"Резюме наступне: місце в цілому відмінне, ціни не кусаються, але слід серйозно задуматися про заміну персоналу...",1,['місце'],2,"[[7.0, 6.67], [8.0, 7.67]]","['відмінне', 'ціни не кусаються']","['RESTAURANT#GENERAL', 'RESTAURANT#PRICES']"
ukr,restaurant,1105:3_29,"Все завжди все дуже смачне: борщ із копченостями, роли на грилі, шалена філадельфія.",1,['філадельфія'],2,"[[8.0, 8.0], [8.75, 8.38]]","['дуже смачне', 'шалена']",['FOOD#QUALITY']
ukr,restaurant,1105:6_31,Улюблений салат Цезар з креветками також був хорошим.,1,['салат цезар з креветками'],2,"[[7.2, 7.0], [8.0, 8.0]]","['Улюблений', 'хорошим']",['FOOD#QUALITY']
ukr,restaurant,1105:12_35,"Інтер'єр досить спокійний, у бежево-коричневих тонах, але не дешевий, не скажеш, що це якесь кафе у ""чорта на пасках"".",1,"[""інтер'єр""]",2,"[[5.5, 4.17], [6.0, 4.67]]","['досить спокійний', 'не дешевий']",['AMBIENCE#GENERAL']
ukr,restaurant,1200:0_37,"Святкували день народження, все сподобалося,вдалося знайти місце, яке поєднувало б в собі затишний інтер'єр (перший зал), смачну їжу,приємний персонал і дуууже демократичні ціни ( на рахунок знижка 33% на честь дня народження), але все таки було кілька дуже дивних моментів.1.",1,['місце'],2,"[[7.33, 7.33], [8.5, 8.5]]","['дуууже демократичні ціни', 'сподобалося']","['RESTAURANT#GENERAL', 'RESTAURANT#PRICES']"
ukr,restaurant,1308:7_55,"Спокійний та стильний інтер'єр, приємна атмосфера, уважне, але ненав'язливе обслуговування, відмінна їжа – все на тверду 10!",1,"[""інтер'єр""]",2,"[[7.0, 6.25], [7.3, 7.0]]","['Спокійний', 'стильний']",['AMBIENCE#GENERAL']
ukr,restaurant,1308:7_55,"Спокійний та стильний інтер'єр, приємна атмосфера, уважне, але ненав'язливе обслуговування, відмінна їжа – все на тверду 10!",1,['обслуговування'],2,"[[7.12, 6.75], [7.5, 7.25]]","[""ненав'язливе"", 'уважне']",['SERVICE#GENERAL']
ukr,restaurant,1368:1_57,"Дуже сподобався інтер'єр-чисто пабівський, але при цьому ненав'язливий і комфортний.",1,"[""інтер'єр""]",3,"[[6.62, 6.5], [6.75, 6.75], [7.67, 7.33]]","['Дуже сподобався', 'комфортний', ""ненав'язливий""]",['AMBIENCE#GENERAL']
ukr,restaurant,1368:2_58,Атмосфера що треба-розташовує до веселощів і дружнього спілкування.,1,['атмосфера'],2,"[[7.0, 6.7], [7.17, 7.0]]","['розташовує', 'що треба']",['AMBIENCE#GENERAL']
ukr,restaurant,1368:17_68,"За цінами, до речі, теж нормально все – середні для подібних закладів, не завищені як у багатьох.",1,['закладів'],3,"[[5.0, 3.12], [5.17, 3.5], [5.25, 3.75]]","['не завищені', 'нормально', 'середні']",['RESTAURANT#PRICES']
ukr,restaurant,1427:3_71,"Зайшли до вас ввечері, втомлені, виявилося що всі зали забиті а на веранді все ж прохолодно сидіти з дитиною, зустрів нас молода людина запропонував кілька столів куди можна було присісти,Проводила нас до столика вже дівчина(імені на жаль не запам'ятала) судячи із зовнішнього вигляду адміністратор,вона ж і подала меню,що найбільше здивувало нам налили абсолютно безкоштовної води по келихах, було дуже приємно.",1,['молода людина'],2,"[[6.17, 5.67], [6.67, 6.67]]","['запропонував', 'зустрів']",['SERVICE#GENERAL']
ukr,restaurant,1427:5_72,"Обслуговування ненав'язливе, відчули себе як вдома.",1,['обслуговування'],2,"[[6.5, 6.3], [7.62, 7.62]]","[""ненав'язливе"", 'як вдома']",['SERVICE#GENERAL']
ukr,restaurant,1434:2_76,"І інтер'єр мене не розчарував,а, навпаки, дуже порадував.",1,"[""інтер'єр""]",2,"[[6.17, 5.33], [7.83, 7.67]]","['дуже порадував', 'не розчарував']",['AMBIENCE#GENERAL']
ukr,restaurant,1434:3_77,Дуже красиве і затишне місце.,1,['місце'],2,"[[7.5, 7.1], [8.1, 7.7]]","['Дуже красиве', 'затишне']",['AMBIENCE#GENERAL']
ukr,restaurant,1563:5_93,"Якщо вже паб, то нехай би він залишався пабом ... але на свій страх і ризик, Я не втрималася від спокуси і замовила мої улюблені суші, хоча багато разів зарікалася... якщо особливо не чіплятися, то суші, загалом то були звичайними, але.. як то трохи недотягували до рівня щоб ними можна було дійсно насолоджуватися.",1,['суші'],2,"[[4.62, 4.62], [5.0, 3.5]]","['звичайними', 'трохи недотягували до рівня щоб ними можна було дійсно насолоджуватися']",['FOOD#QUALITY']
ukr,restaurant,1563:7_95,"Пиво також всім сподобалося, та й вибір досить великий - як і повинно бути в пабі.",1,['пиво'],2,"[[7.17, 7.17], [7.5, 7.0]]","['вибір досить великий', 'сподобалося']","['DRINKS#QUALITY', 'DRINKS#STYLE_OPTIONS']"
ukr,restaurant,1666:5_100,"З обслуговуванням пощастило, попалася мила дівчина, яка докладно розповідала і відповідала на всі питання з посмішкою.",1,['дівчина'],3,"[[7.0, 6.8], [7.33, 7.33], [7.38, 7.25]]","['відповідала на всі питання з посмішкою', 'докладно розповідала', 'мила']",['SERVICE#GENERAL']
ukr,restaurant,1749:0_101,"Гарне місце, де можна посидіти великою компанією і відмінно відпочити.",1,['місце'],2,"[[7.1, 6.8], [8.0, 7.67]]","['Гарне', 'відмінно відпочити']",['RESTAURANT#GENERAL']
ukr,restaurant,1749:6_106,"Такий я пробувала тільки в Італії, на подив торт виявився ніжний і повітряний, просто пальчики оближеш!",1,['торт'],3,"[[7.3, 7.5], [8.88, 8.5]]","['ніжний', 'пальчики оближеш', 'повітряний']",['FOOD#QUALITY']
ukr,restaurant,1751:2_112,"Зал дуже просторий і атмосферний, вільного місця предостатньо.",1,['зал'],2,"[[7.4, 7.2], [7.9, 7.5]]","['атмосферний', 'дуже просторий']",['AMBIENCE#GENERAL']
ukr,restaurant,1751:12_117,"Кава-десерт - теж без претензій, все смачно.",1,['кава-десерт'],2,"[[6.5, 5.67], [7.25, 7.0]]","['без претензій', 'смачно']",['FOOD#QUALITY']
ukr,restaurant,2006:2_125,"У ресторані спокійна, затишна атмосфера.",1,['атмосфера'],2,"[[6.7, 6.0], [7.0, 6.4]]","['затишна', 'спокійна']",['AMBIENCE#GENERAL']
ukr,restaurant,2006:3_126,Особливо мені сподобалося як смачно був приготований десерт Тірамісу.,1,['десерт тірамісу'],2,"[[7.0, 6.33], [7.12, 6.62]]","['смачно', 'сподобалося']",['FOOD#QUALITY']
ukr,restaurant,2013:0_128,Ресторан Атлантіс залишається протягом багатьох років одним з найприємніших і затишних місць.,1,['ресторан атлантіс'],2,"[[7.12, 6.62], [8.17, 8.0]]","['затишних', 'найприємніших']",['RESTAURANT#GENERAL']
ukr,restaurant,2013:4_132,"Бланманже і Декуаз мої фаворити, дуже рекомендую!",1,['бланманже'],2,"[[7.8, 7.4], [8.5, 8.33]]","['дуже рекомендую', 'фаворити']",['FOOD#QUALITY']
ukr,restaurant,2013:4_132,"Бланманже і Декуаз мої фаворити, дуже рекомендую!",1,['декуаз'],2,"[[7.8, 7.4], [8.5, 8.33]]","['дуже рекомендую', 'фаворити']",['FOOD#QUALITY']
ukr,restaurant,2013:5_133,"Суші, для тих хто любить, просто супер смачні, мабуть, найсмачніші в місті, ну і за його межами, на мій погляд!:)",1,['суші'],2,"[[8.3, 8.1], [9.0, 8.67]]","['найсмачніші', 'супер смачні']",['FOOD#QUALITY']
ukr,restaurant,2013:10_137,Дуже його рекомендую і вдячна ресторану за якісну роботу протягом багатьох років!,1,['ресторану'],2,"[[7.0, 6.33], [8.33, 8.17]]","['Дуже його рекомендую', 'якісну']",['RESTAURANT#GENERAL']
ukr,restaurant,2073:10_142,"Хороший співак, з хорошим голосом... але для такого маленького приміщення - це просто тихий жах.",1,['приміщення'],2,"[[1.17, 8.5], [2.83, 6.33]]","['просто тихий жах', 'такого маленького']",['AMBIENCE#GENERAL']
ukr,restaurant,2168:4_148,"На першому поверсі відкрита кухня, все облицьовано плиткою і багато столів - не дуже затишно, але інтер'єр справді цікавий, хоча б щось оригінальне для такого формату.",1,"[""інтер'єр""]",2,"[[7.0, 6.75], [7.17, 7.0]]","['цікавий', 'щось оригінальне для такого формату']",['AMBIENCE#GENERAL']
ukr,restaurant,2364:6_164,"І обслуговування офіціантів сподобалося, тому що вони не нав'язливі і не помітні, але не дивлячись на це келихи завжди були повні, посуд прибраний вчасно.",1,['офіціантів'],4,"[[6.8, 6.0], [6.9, 6.2], [7.33, 6.83], [7.38, 7.12]]","['келихи завжди були повні', ""не нав'язливі"", 'не помітні', 'посуд прибраний вчасно']",['SERVICE#GENERAL']
ukr,restaurant,2468:2_166,"Напевно, я консерватор, бо люблю заклади саме такого типу: гарний інтер’єр, негучна музика, спокійна атмосфера, ввічливий і чемний персонал.",1,['персонал'],2,"[[6.88, 6.12], [6.9, 6.5]]","['ввічливий', 'чемний']",['SERVICE#GENERAL']
ukr,restaurant,2468:10_171,"Офіціантка стежила за столом і вчасно міняла попільничку і додавала вина, тобто.",1,['офіціантка'],2,"[[6.75, 5.75], [6.83, 6.17]]","['вчасно', 'стежила за столом']",['SERVICE#GENERAL']
ukr,restaurant,2468:11_172,сервіс як він має бути - у класичному стилі.,1,['сервіс'],2,"[[7.0, 5.88], [7.5, 7.17]]","['у класичному стилі', 'як він має бути']",['SERVICE#GENERAL']
ukr,restaurant,2495:6_175,"Спасибі величезне за гарне обслуговування, приємну атмосферу і гостинних офіціантів!",1,['обслуговування'],2,"[[6.75, 6.5], [8.17, 7.83]]","['Спасибі величезне', 'гарне']",['SERVICE#GENERAL']
ukr,restaurant,2495:7_176,"Сподіваємося ще не раз відвідати це чудове, затишне місце з чудовою кухнею і доброзичливим персоналом.",1,['місце'],2,"[[7.1, 6.5], [7.7, 7.3]]","['затишне', 'чудове']",['RESTAURANT#GENERAL']
ukr,restaurant,2606:2_177,"Місце затишне, інтер’єр — цікавий і якісно зроблений, кухня добра.",1,['інтер’єр'],2,"[[6.9, 6.4], [7.0, 6.33]]","['цікавий', 'якісно']",['AMBIENCE#GENERAL']
ukr,restaurant,2606:4_179,"Потім офіціантка ніби пропала, було не достукатися, щоб щось дозамовити, дуже довго доводилося чекати, в результаті порахували неправильно, в рахунок внесли на 2 пункти більше, ніж ми замовляли.",1,['офіціантка'],4,"[[2.0, 7.33], [2.0, 7.75], [2.67, 7.33], [2.9, 6.7]]","['дуже довго доводилося чекати', 'не достукатися', 'ніби пропала', 'порахували неправильно']",['SERVICE#GENERAL']
ukr,restaurant,2606:5_180,"І ця офіціантка замість, того щоб ввічливо розібратися, надійшла по-хамськи, в результаті принесла новий рахунок, зі словами, не знаю...Я не пам'ятаю, що Ви замовляли, але будь По-вашому...коротше, зіпсувала настрій....так що прийду я в цей заклад ще не скоро знову",1,['офіціантка'],2,"[[1.83, 8.17], [2.67, 7.17]]","['зіпсувала настрій', 'по-хамськи']",['SERVICE#GENERAL']
ukr,restaurant,2616:3_183,"Інтер'єр акуратний, спокійний, комфортний.",1,"[""інтер'єр""]",3,"[[6.7, 6.0], [6.8, 6.2]]","['акуратний', 'комфортний', 'спокійний']",['AMBIENCE#GENERAL']
ukr,restaurant,2616:8_187,"Сервіс: швидко, по справі, без помилок.",1,['сервіс'],3,"[[6.88, 6.38], [6.88, 6.5], [7.0, 6.5]]","['без помилок', 'по справі', 'швидко']",['SERVICE#GENERAL']
ukr,restaurant,2692:1_193,"Це місце, щоб добре, смачно і просто поїсти.",1,['місце'],3,"[[7.0, 6.0], [7.0, 6.25], [7.33, 6.67]]","['добре', 'просто поїсти', 'смачно']",['RESTAURANT#GENERAL']
ukr,restaurant,2692:4_195,"З року в рік ресторан не стає гірше, що не може не радувати.",1,['ресторан'],2,"[[6.38, 5.62], [7.25, 7.12]]","['не може не радувати', 'не стає гірше']",['RESTAURANT#GENERAL']
ukr,restaurant,2747:3_200,Усі три рази сиділи в залі для курців – дуже милі та зручні диванчики-купе.,1,['диванчики-купе'],2,"[[7.2, 6.6], [7.4, 6.9]]","['дуже милі', 'зручні']",['AMBIENCE#GENERAL']
ukr,restaurant,2747:8_204,"Зі страв, які брала, найбільше сподобався салат ""Кавказький"" - ніжний з оригінальною кислинкою грейпфрута.",1,"['салат ""кавказький""']",2,"[[7.2, 6.6], [8.5, 8.12]]","['найбільше сподобався', 'ніжний']",['FOOD#QUALITY']
ukr,restaurant,2747:10_206,Смачно-оригінально поданий овочевий гарнір.,1,['овочевий гарнір'],2,"[[6.88, 6.38], [7.25, 7.0]]","['Смачно', 'оригінально']","['FOOD#QUALITY', 'FOOD#STYLE_OPTIONS']"
ukr,restaurant,2747:11_207,"Форель, запечена з овочами з соусом з петрушки - смачна, легка та красиво оформлена страва.",1,"['форель,']",2,"[[6.75, 6.0], [7.1, 6.5]]","['легка', 'смачна']",['FOOD#QUALITY']
ukr,restaurant,2747:11_207,"Форель, запечена з овочами з соусом з петрушки - смачна, легка та красиво оформлена страва.",1,['соусом з петрушки'],2,"[[6.75, 6.0], [7.1, 6.5]]","['легка', 'смачна']",['FOOD#QUALITY']
ukr,restaurant,2747:11_207,"Форель, запечена з овочами з соусом з петрушки - смачна, легка та красиво оформлена страва.",1,['страва'],3,"[[6.83, 6.17], [7.17, 6.83], [7.38, 7.12]]","['красиво оформлена', 'легка', 'смачна']","['FOOD#QUALITY', 'FOOD#STYLE_OPTIONS']"
ukr,restaurant,2747:15_208,"Легке тонке тісто, соковите м'ясо-прекрасно.",1,['тісто'],3,"[[6.75, 6.25], [7.17, 7.17], [8.12, 7.88]]","['Легке', 'прекрасно', 'тонке']",['FOOD#QUALITY']
ukr,restaurant,2747:15_208,"Легке тонке тісто, соковите м'ясо-прекрасно.",1,"[""м'ясо""]",2,"[[7.1, 6.4], [8.12, 7.88]]","['прекрасно', 'соковите']",['FOOD#QUALITY']
ukr,restaurant,2747:18_211,Загалом ми відмінно провели час і смачно поїли в цьому затишному ресторані.,1,['ресторані'],3,"[[7.25, 6.5], [7.75, 7.12]]","['відмінно', 'затишному', 'смачно']","['AMBIENCE#GENERAL', 'FOOD#QUALITY', 'RESTAURANT#GENERAL']"
ukr,restaurant,2965:6_215,"Обслуговування не нав'язливе,я б сказала непомітне,дуже приємні офіціанти,відразу принесли вазу для квітів,прийняли замовлення,все дуже ввічливо, з хорошим знанням меню і доброзичливістю.",1,['обслуговування'],2,"[[6.7, 5.9], [6.75, 6.12]]","[""не нав'язливе"", 'непомітне']",['SERVICE#GENERAL']
ukr,restaurant,2965:7_216,"Кухня порадувала різноманітністю, гарним, інформативним меню, за яким легко можна було вибрати страву на будь-який смак, оскільки представлена ​​японська, російська, грузинська кухня.",1,['меню'],2,"[[6.9, 6.3], [7.0, 6.4]]","['гарним', 'інформативним']",['FOOD#STYLE_OPTIONS']
ukr,restaurant,2965:10_218,"Дуже приємно провели час ,дуже раді що вибрали цей ресторан, задоволені залишилися рівнем сервісу і кухнею.",1,['ресторан'],2,"[[7.75, 7.12], [8.0, 7.83]]","['Дуже приємно', 'дуже раді']",['RESTAURANT#GENERAL']
ukr,restaurant,10099:5_220,"Їжа смачна, незвична.",1,['їжа'],2,"[[7.0, 6.6], [7.0, 6.75]]","['незвична', 'смачна']",['FOOD#QUALITY']
ukr,restaurant,10099:7_221,"На рахунок інтер'єру: місце спокійне, галасливих компаній немає (не було, принаймні, в момент нашого відвідування), дуже приємна і затишна атмосфера, все в найкращих традиціях.",1,['атмосфера'],2,"[[7.1, 6.9], [8.0, 7.3]]","['дуже приємна', 'затишна']",['AMBIENCE#GENERAL']
ukr,restaurant,10239:3_223,"Інтер'єр в легкому французькому стилі з приємним освітленням на столиках, обслуговування без нав'язування зайвих страв і напоїв (офіціантка Анна), все відбувалося чітко і швидко.",1,['обслуговування'],3,"[[7.25, 6.5], [7.5, 7.0], [7.5, 7.17]]","[""без нав'язування"", 'чітко', 'швидко']",['SERVICE#GENERAL']
ukr,restaurant,10239:3_223,"Інтер'єр в легкому французькому стилі з приємним освітленням на столиках, обслуговування без нав'язування зайвих страв і напоїв (офіціантка Анна), все відбувалося чітко і швидко.",1,['офіціантка'],3,"[[7.17, 6.83], [7.33, 7.0], [7.5, 6.83]]","[""без нав'язування"", 'чітко', 'швидко']",['SERVICE#GENERAL']
ukr,restaurant,10239:9_228,Дуже дякуємо персоналу ресторану за душевний і якісний прийом.,1,['прийом'],2,"[[7.4, 7.0], [7.5, 7.3]]","['душевний', 'якісний']",['SERVICE#GENERAL']
ukr,restaurant,10354:0_229,"Я не ходила в цей ресторан в дитинстві, не знаю, як все було колись, але зараз це цілком симпатичний і затишний заклад з хорошою кухнею.",1,['заклад'],2,"[[6.75, 6.25], [6.83, 6.67]]","['затишний', 'симпатичний']",['RESTAURANT#GENERAL']
ukr,restaurant,10354:2_230,"Адміністрація люб'язно надала нам новий банкетний зал, де ми закрилися, включили свою музику, курили кальян, веселилися, і нам ніхто не заважав.",1,['банкетний зал'],2,"[[6.67, 5.83], [7.0, 6.67]]","['новий', 'ніхто не заважав']",['AMBIENCE#GENERAL']
ukr,restaurant,10354:4_232,"Мене ж найбільше порадувало, що адміністрація пішла нам назустріч і зробила хорошу знижку на банкет:)",1,['адміністрація'],2,"[[7.25, 6.88], [8.0, 8.0]]","['найбільше порадувало', 'пішла нам назустріч']",['SERVICE#GENERAL']
ukr,restaurant,10354:11_235,"З кухні можу порекомендувати: чебуреки з сиром сулугуні та зеленню (чарівні!), сациві з баклажан, суп чанахи, звичайно ж, хінкалі, ну і, напевно, баранячі ніжки (не пам'ятаю точну назву страви).",1,['чебуреки з сиром сулугуні та зеленню'],2,"[[7.5, 7.17], [8.62, 8.62]]","['порекомендувати', 'чарівні']",['FOOD#QUALITY']
ukr,restaurant,10625:7_239,"Інтер'єр спокійний, зроблено зі смаком, але без особливих вишукувань.",1,"[""інтер'єр""]",3,"[[5.33, 4.17], [6.5, 5.7], [6.7, 6.4]]","['без особливих вишукувань', 'зі смаком', 'спокійний']",['AMBIENCE#GENERAL']
ukr,restaurant,10645:2_243,"Про сервіс нічого негативного не скажеш - швидко підходять, всі усміхаються, підходять запитують, чи все подобається.",1,['сервіс'],3,"[[5.83, 4.67], [6.75, 6.25], [6.88, 6.38]]","['всі усміхаються', 'нічого негативного', 'швидко підходять']",['SERVICE#GENERAL']
ukr,restaurant,10645:4_244,"Інтер'єр на любителя, але мило і зручно.",1,"[""інтер'єр""]",3,"[[5.25, 5.0], [6.6, 6.0], [6.7, 6.3]]","['зручно', 'мило', 'на любителя']",['AMBIENCE#GENERAL']
ukr,restaurant,10645:11_247,"З іншого боку по одному шашлику є з кожного виду м'яса, в принципі вистачає, але хочеться чогось незвичайного побачити..",1,['шашлику'],2,"[[5.0, 3.8], [5.0, 4.33]]","['в принципі вистачає', 'хочеться чогось незвичайного']",['FOOD#STYLE_OPTIONS']
ukr,restaurant,10663:2_249,Дуже ввічливий та приємний чоловік з гардероба.,1,['чоловік з гардероба'],2,"[[7.1, 6.6], [7.88, 7.5]]","['Дуже ввічливий', 'приємний']",['SERVICE#GENERAL']
ukr,restaurant,10663:4_250,"Викликав нам адміністратора, найприємніша дівчина, все розповіла, показала, ніяких питань не виникло, навіть заглянули краєм ока в Малий зал (в цей час там починався банкет).",1,['адміністратора'],2,"[[6.67, 6.5], [8.17, 8.5]]","['найприємніша', 'ніяких питань не виникло']",['SERVICE#GENERAL']
ukr,restaurant,10663:6_251,"Дівчата офіціантки всі вітаються і посміхаються, інтер'єр приголомшливий.",1,['дівчата офіціантки'],2,"[[6.75, 6.5], [7.0, 7.0]]","['вітаються', 'посміхаються']",['SERVICE#GENERAL']
ukr,restaurant,10663:9_253,"Приємний комплімент в холодну погоду, поки чекали замовлення попили гарячого чаю, приголомшливо!",1,['чаю'],2,"[[7.17, 6.83], [8.1, 8.3]]","['гарячого', 'приголомшливо']",['DRINKS#QUALITY']
ukr,restaurant,10663:10_254,"Дівчина офіціантка (в чеку було написано Луїза) ввічлива, обслуговування ненав'язливе, якісне.",1,['обслуговування'],2,"[[6.5, 5.8], [6.8, 6.2]]","[""ненав'язливе"", 'якісне']",['SERVICE#GENERAL']
ukr,restaurant,10663:12_256,"М'ясо зі своєї коптильні приголомшливе, смакота!",1,"[""м'ясо""]",2,"[[8.6, 8.6], [8.8, 8.4]]","['приголомшливе', 'смакота']",['FOOD#QUALITY']
ukr,restaurant,10663:16_259,Всім раджу сходити в це чудове місце!,1,['місце'],2,"[[7.17, 7.0], [8.0, 8.0]]","['раджу сходити', 'чудове']",['RESTAURANT#GENERAL']
ukr,restaurant,10778:3_261,"Потім-уважний персонал,адекватні ціни, затишний та красивий інтер'єр, центр міста.",1,"[""інтер'єр""]",2,"[[7.0, 6.6], [7.0, 6.8]]","['затишний', 'красивий']",['AMBIENCE#GENERAL']
ukr,restaurant,10778:6_263,"Хороша енергетика в цьому ресторані,яку створюють уважні та професійні люди.",1,['люди'],2,"[[7.0, 6.6], [7.2, 6.8]]","['професійні', 'уважні']",['SERVICE#GENERAL']
ukr,restaurant,10778:10_267,Таких хороших і затишних місць в Пітері не так багато.,1,['місць'],2,"[[7.0, 6.5], [7.12, 6.62]]","['затишних', 'хороших']",['RESTAURANT#GENERAL']
ukr,restaurant,10798:1_269,"Можу сказати одне-знайшли місце, куди дійсно варто зайти кожному і приємно провести час в тихій, затишній обстановці.",1,['обстановці'],2,"[[6.6, 6.2], [6.9, 6.5]]","['затишній', 'тихій']",['AMBIENCE#GENERAL']
ukr,restaurant,10798:4_272,"Європейська кухня не відстає..) все по вищому разряду. за досить низькі ціни дуже смачно.і сервіс..приємні дівчата, дуже швидко принесли замовлення, все здорово.",1,['європейська кухня'],3,"[[6.67, 6.33], [7.75, 7.38], [8.5, 8.0]]","['все по вищому разряду', 'досить низькі ціни', 'дуже смачно']","['FOOD#PRICES', 'FOOD#QUALITY']"
ukr,restaurant,10798:4_272,"Європейська кухня не відстає..) все по вищому разряду. за досить низькі ціни дуже смачно.і сервіс..приємні дівчата, дуже швидко принесли замовлення, все здорово.",1,['сервіс'],2,"[[7.67, 7.17], [8.0, 7.67]]","['все здорово', 'дуже швидко принесли']",['SERVICE#GENERAL']
ukr,restaurant,10798:5_273,коктелі і алкоголь видно що не розбавлені і теж на 5+. загалом висновок один - ще і ще туди будемо приходити і не раз! раджу.,1,['коктелі'],2,"[[7.38, 6.5], [8.25, 8.0]]","['5+', 'не розбавлені']",['DRINKS#QUALITY']
ukr,restaurant,10798:5_273,коктелі і алкоголь видно що не розбавлені і теж на 5+. загалом висновок один - ще і ще туди будемо приходити і не раз! раджу.,1,['алкоголь'],2,"[[7.38, 6.5], [8.25, 8.0]]","['5+', 'не розбавлені']",['DRINKS#QUALITY']
ukr,restaurant,10847:1_278,"Обстановка мила, затишна.",1,['обстановка'],2,"[[6.9, 6.1], [6.9, 6.3]]","['затишна', 'мила']",['AMBIENCE#GENERAL']
ukr,restaurant,10847:3_280,"Відразу видно, що до інтер'єру підходили якомога ретельніше, це радує.",1,"[""інтер'єру""]",2,"[[7.0, 7.33], [7.17, 7.33]]","['радує', 'якомога ретельніше']",['AMBIENCE#GENERAL']
ukr,restaurant,10847:5_282,"У кафе відчувається від персоналу, що люди хочуть працювати і це їм подобається, а це найголовніше!)",1,['персоналу'],2,"[[6.67, 6.33], [7.17, 7.33]]","['подобається', 'хочуть працювати']",['SERVICE#GENERAL']
ukr,restaurant,10847:9_284,"Десерт був дуже смачний, нам сподобалося)",1,['десерт'],2,"[[7.4, 7.1], [8.2, 7.8]]","['дуже смачний', 'сподобалося']",['FOOD#QUALITY']
ukr,restaurant,10847:10_285,"Суші паніровані в рибних сухарях або якось так викликали дуже багато захоплення, тому що це було дійсно смачно.",1,['суші паніровані в рибних сухарях'],2,"[[8.1, 7.7], [8.5, 8.0]]","['дуже багато захоплення', 'дійсно смачно']",['FOOD#QUALITY']
ukr,restaurant,10942:3_290,"Прекрасний інтер'єр, гарне обслуговування, швидко, ненав'язливо.",1,['обслуговування'],3,"[[6.7, 6.3], [6.8, 6.5], [6.9, 6.6]]","['гарне', ""ненав'язливо"", 'швидко']",['SERVICE#GENERAL']
ukr,restaurant,10942:7_292,"Великі порції, все дуже смачно.",1,['порції'],2,"[[6.67, 6.0], [8.0, 8.0]]","['Великі', 'дуже смачно']",['FOOD#QUALITY']
ukr,restaurant,10942:9_294,"Так само великий вибір коктейлів, деякі дуже непогані.",1,['коктейлів'],2,"[[7.0, 7.33], [7.12, 6.5]]","['великий вибір', 'дуже непогані']","['DRINKS#QUALITY', 'DRINKS#STYLE_OPTIONS']"
ukr,restaurant,10985:7_299,"Ну ладно - з китайською кухнею знайомі - замовили яловичину, свинину, рис, пару закусок, порції виявилися великими, їжа-смачною, принесли все гаряче.",1,['їжа'],2,"[[6.83, 6.33], [7.1, 6.7]]","['принесли все гаряче', 'смачною']",['FOOD#QUALITY']
ukr,restaurant,10985:9_301,"З приводу сервісу-офіціантка не віталася,не встигли сісти - прийшла за замовленням, правда страви винесли швидко, але рахунок довелося чекати....при тому, що крім нас було зайнято всього 2 столика ще.",1,['офіціантка'],2,"[[3.4, 6.4], [3.6, 6.4]]","['не віталася', 'рахунок довелося чекати']",['SERVICE#GENERAL']
ukr,restaurant,11027:2_302,"Заходимо в ресторан, де нас зустрічає доброзичлива, красива дівчина.",1,['дівчина'],2,"[[6.9, 6.7], [7.0, 7.0]]","['доброзичлива', 'красива']",['SERVICE#GENERAL']
ukr,restaurant,11027:6_305,Вельми незвичайне і цікаве дизайнерське рішення.,1,['дизайнерське рішення'],2,"[[7.2, 6.6], [7.33, 6.5]]","['незвичайне', 'цікаве']",['AMBIENCE#GENERAL']
ukr,restaurant,11027:7_306,Всі деталі продумані до дрібниць і разом створюють чудову атмосферу тепла і комфорту.,1,['атмосферу'],3,"[[6.88, 6.88], [7.12, 7.12], [7.6, 7.3]]","['комфорту', 'тепла', 'чудову']",['AMBIENCE#GENERAL']
ukr,restaurant,11027:11_308,"Офіціанти Меню знають, працюють злагоджено, уважні до гостей.",1,['офіціанти'],3,"[[6.62, 6.12], [7.12, 7.0], [7.33, 7.0]]","['Меню знають', 'злагоджено', 'уважні']",['SERVICE#GENERAL']
ukr,restaurant,11027:12_309,"Усміхаються, що завжди приємно. одним словом обслуговування 10балів причепитися нема до чого незважаючи на велику кількість гостей.",1,['обслуговування'],2,"[[7.83, 7.33], [8.38, 8.0]]","['10балів', 'причепитися нема до чого']",['SERVICE#GENERAL']
ukr,restaurant,11027:18_313,Спасибі величезне за чудовий ресторан.,1,['ресторан'],2,"[[8.0, 8.17], [8.2, 7.9]]","['Спасибі величезне', 'чудовий']",['RESTAURANT#GENERAL']
ukr,restaurant,11102:1_318,"Цікаве меню, особливо порадувало співвідношення ціна-якість.",1,['меню'],2,"[[7.0, 6.5], [7.33, 7.0]]","['Цікаве', 'особливо порадувало співвідношення ціна-якість']","['FOOD#PRICES', 'FOOD#STYLE_OPTIONS']"
ukr,restaurant,11102:2_319,"Сподобався суп в хлібі, ніде такого не пробувала, дуже незвично і смачно.",1,['суп в хлібі'],3,"[[7.12, 6.62], [7.3, 7.0], [7.83, 7.17]]","['Сподобався', 'дуже незвично', 'смачно']",['FOOD#QUALITY']
ukr,restaurant,11116:6_326,"Ціни, звичайно, не маленькі, відповідають назві ""РЕСТОРАН"".",1,['ресторан'],2,"[[4.5, 4.33], [5.17, 4.0]]","['відповідають назві', 'не маленькі']",['RESTAURANT#PRICES']
ukr,restaurant,11116:11_330,"Порадував тільки молода людина, весь час посміхався і хоча не він обслуговував наш столик, але не вважав за працю і прибирав посуд проходячи повз нас.",1,['молода людина'],3,"[[6.88, 6.62], [7.0, 6.33], [7.33, 7.17]]","['Порадував', 'посміхався', 'прибирав посуд']",['SERVICE#GENERAL']
ukr,restaurant,11155:4_333,"До сервісу дійсно ніяких нарікань все було прекрасно (звичайно довго чекали, але гідну їжу можна і почекати), інтер'єр такого роду мені подобається, але їжа була жахлива (може бути нам не пощастило).",1,['сервісу'],2,"[[7.67, 7.33], [8.0, 7.83]]","['ніяких нарікань', 'прекрасно']",['SERVICE#GENERAL']
ukr,restaurant,11155:14_340,Свіжовичавлений сік і хліб були смачними (такого хліба ніколи не їла),1,['хліб'],2,"[[6.9, 6.6], [7.33, 7.83]]","['ніколи не їла', 'смачними']",['FOOD#QUALITY']
ukr,restaurant,11355:3_349,"Про кухню поганого сказати не можу, але звичайнісінька!",1,['кухню'],2,"[[5.0, 3.83], [5.2, 4.0]]","['звичайнісінька', 'поганого сказати не можу']",['FOOD#QUALITY']
ukr,restaurant,11388:2_351,"Інтер'єр милий, всього в міру!",1,"[""інтер'єр""]",2,"[[6.33, 6.17], [6.7, 6.1]]","['всього в міру', 'милий']",['AMBIENCE#GENERAL']
ukr,restaurant,11388:6_353,"Дуже сподобався музичний колектив, хороша музика!",1,['музичний колектив'],2,"[[7.5, 7.5], [8.1, 8.1]]","['Дуже сподобався', 'хороша']",['AMBIENCE#GENERAL']
ukr,restaurant,11388:7_354,"З обслуговування претензій немає, добре зустріли, проводили за столик (забронювали заздалегідь в VIP зоні, вартість 400 руб.).",1,['обслуговування'],2,"[[6.4, 6.2], [7.33, 6.83]]","['добре зустріли', 'претензій немає']",['SERVICE#GENERAL']
ukr,restaurant,11388:8_355,"Офіціанти не змушували себе довго чекати, дуже все ввічливо і ввічливо!",1,['офіціанти'],3,"[[6.67, 6.33], [7.25, 7.0], [7.38, 7.75]]","['ввічливо', 'дуже все ввічливо', 'не змушували себе довго чекати']",['SERVICE#GENERAL']
ukr,restaurant,11421:2_358,"Відмінне обслуговування, усе приносили-уносили швидко і ввічливо.",1,['обслуговування'],3,"[[7.38, 7.12], [8.0, 7.62]]","['Відмінне', 'ввічливо', 'швидко']",['SERVICE#GENERAL']
ukr,restaurant,11421:4_360,"Все було дуже смачно, до кухні немає ніяких нарікань.",1,['кухні'],2,"[[7.25, 7.12], [8.0, 7.6]]","['дуже смачно', 'немає ніяких нарікань']",['FOOD#QUALITY']
ukr,restaurant,11532:13_370,"Коли принесли рахунок, були дуже приємно здивовані: виявляється, у вихідні рахунок на 50% дешевше з 13 до 17 вечора, а ми вже було подумали, що офіціанти помилилися на нашу користь))",1,['рахунок'],2,"[[7.25, 7.38], [8.17, 8.17]]","['дуже приємно здивовані', 'на 50% дешевше']",['RESTAURANT#PRICES']
ukr,restaurant,11532:14_371,"Хлібний кошик сподобався, і, до речі, він безкоштовний.",1,['хлібний кошик'],2,"[[6.9, 6.8], [7.3, 7.3]]","['безкоштовний', 'сподобався']","['FOOD#PRICES', 'FOOD#QUALITY']"
ukr,restaurant,11770:17_383,"Але коли переконався, що стейк зроблений також здорово, залишився задоволений.",1,['стейк'],2,"[[7.33, 7.33], [8.33, 8.0]]","['задоволений', 'здорово']",['FOOD#QUALITY']
ukr,restaurant,11770:19_385,"Офіціанти ввічливі і попереджувальні, обстановка гарна.",1,['офіціанти'],2,"[[6.9, 6.8], [7.0, 6.9]]","['ввічливі', 'попереджувальні']",['SERVICE#GENERAL']
ukr,restaurant,11793:8_393,Якщо ви йдете туди в перший раз - обов'язково спробуйте морозиво в клярі-найкраще в місті.,1,['морозиво в клярі'],2,"[[7.83, 7.67], [9.0, 8.33]]","['найкраще', ""обов'язково спробуйте""]",['FOOD#QUALITY']
ukr,restaurant,11825:7_399,"Прекрасна, ароматна, паруюча - ця паста поки найкраща з тих, що я пробувала!!!",1,['паста'],4,"[[7.4, 7.6], [7.5, 7.88], [8.1, 8.3], [9.0, 9.0]]","['Прекрасна', 'ароматна', 'найкраща', 'паруюча']",['FOOD#QUALITY']
ukr,restaurant,11825:10_401,"Атмосфера порадувала-тепле, затишне і спокійне місце.",1,['місце'],3,"[[6.7, 6.6], [7.0, 6.9], [7.0, 7.0]]","['затишне', 'спокійне', 'тепле']",['RESTAURANT#GENERAL']
ukr,restaurant,12118:4_406,"Інтер'єр ресторану, мені особисто, дуже імпонує, мої гості теж залишилися задоволені.",1,"[""інтер'єр""]",2,"[[7.17, 7.33], [7.8, 7.8]]","['дуже імпонує', 'задоволені']",['AMBIENCE#GENERAL']
ukr,restaurant,12118:5_407,"Що стосується кухні - не погано, але я очікувала більшого",1,['кухні'],2,"[[4.75, 4.12], [5.0, 3.6]]","['не погано', 'очікувала більшого']",['FOOD#QUALITY']
ukr,restaurant,12118:6_408,"На гаряче багато замовили шашлик зі свинини і телятину з шавлією, але на жаль, і те й інше було сухувато і прямо скажемо не смачно (((",1,['шашлик зі свинини'],2,"[[2.4, 7.1], [3.3, 6.1]]","['не смачно', 'сухувато']",['FOOD#QUALITY']
ukr,restaurant,12118:6_408,"На гаряче багато замовили шашлик зі свинини і телятину з шавлією, але на жаль, і те й інше було сухувато і прямо скажемо не смачно (((",1,['телятину з шавлією'],2,"[[2.4, 7.1], [3.3, 6.1]]","['не смачно', 'сухувато']",['FOOD#QUALITY']
ukr,restaurant,12118:17_414,"Обслуговували добре, дівчатка дуже милі.",1,['дівчатка'],2,"[[7.0, 7.0], [7.62, 7.62]]","['добре', 'дуже милі']",['SERVICE#GENERAL']
ukr,restaurant,12131:1_416,"Інтер'єр, інтер'єр, і ще раз інтер'єр!!! загальне колірне рішення і кожна деталь-просто чудові!!! особливо на контрасті з популярним зараз мінімалізмом, Дача - саме домашньо-затишне і при цьому дуже красиве місце.",1,['дача'],2,"[[8.7, 8.6], [8.8, 8.7]]","['дуже красиве', 'саме домашньо-затишне']",['RESTAURANT#GENERAL']
ukr,restaurant,12203:7_427,"У результаті в цьому закладі ми провели близько 2-х годин часу, чудово повечеряли і поспілкувалися, затишна і романтична обтановка!",1,['обтановка'],2,"[[7.0, 6.9], [7.1, 7.2]]","['затишна', 'романтична']",['AMBIENCE#GENERAL']
ukr,restaurant,12270:1_430,"Так би мовити все в одному)і бар і ресторан і дискотека і караоке, святкування урочистостей, перегляд футбольних матчів..все що тільки можна придумати-це Місячна ніч)",1,['місячна ніч'],2,"[[7.0, 6.83], [7.0, 7.33]]","['все в одному', 'все що тільки можна придумати']",['RESTAURANT#GENERAL']
ukr,restaurant,12270:4_433,"Після, підійшла мила дівчина, привіталася, посміхнулася і вибачилася за очікування)",1,['дівчина'],3,"[[6.67, 6.67], [7.0, 6.6], [7.0, 7.0]]","['вибачилася за очікування', 'мила', 'посміхнулася']",['SERVICE#GENERAL']
ukr,restaurant,12270:7_434,Вибрала зал для дискотек-музика неголосна-якщо що можуть зробити тихіше..дуже сподобалися зручні диванчики і сервіровка столу..,1,['диванчики'],2,"[[6.83, 6.67], [7.8, 7.4]]","['дуже сподобалися', 'зручні']",['AMBIENCE#GENERAL']
ukr,restaurant,12270:14_436,"Недорого, демократичні ціни (250шашлик + 150 вино) за таку якість порадували..прийду сюди ще разок..і навіть не один)",1,['шашлик'],2,"[[7.12, 7.0], [7.25, 7.12]]","['Недорого', 'демократичні ціни']",['FOOD#PRICES']
ukr,restaurant,12270:14_436,"Недорого, демократичні ціни (250шашлик + 150 вино) за таку якість порадували..прийду сюди ще разок..і навіть не один)",1,['вино'],2,"[[7.12, 7.0], [7.25, 7.12]]","['Недорого', 'демократичні ціни']",['DRINKS#PRICES']
ukr,restaurant,12341:1_437,"Інтер'єр незвичайний, приваблює.",1,"[""інтер'єр""]",2,"[[6.7, 6.8], [6.88, 6.62]]","['незвичайний', 'приваблює']",['AMBIENCE#GENERAL']
ukr,restaurant,12341:8_443,"Загалом-я не в захваті від цього закладу, туди більше не піду.",1,['закладу'],2,"[[2.5, 7.0], [3.0, 6.5]]","['не в захваті', 'не піду']",['RESTAURANT#GENERAL']
ukr,restaurant,12366:2_445,"Сам ресторан не дуже великий, інтер'єр досить приємний, якось там все затишно!",1,"[""інтер'єр""]",2,"[[6.67, 6.0], [7.17, 7.5]]","['досить приємний', 'затишно']",['AMBIENCE#GENERAL']
ukr,restaurant,12467:4_448,"Офіціантки всi в красивих формах, дуже привітні.",1,['офіціантки'],2,"[[6.8, 6.4], [7.6, 7.2]]","['всi в красивих формах', 'дуже привітні']",['SERVICE#GENERAL']
ukr,restaurant,12467:18_457,"Сподобалося все-обстановка, сервіс і кухня на висоті!",1,['обстановка'],2,"[[7.5, 7.5], [7.83, 7.67]]","['Сподобалося', 'на висоті']",['AMBIENCE#GENERAL']
ukr,restaurant,12467:18_457,"Сподобалося все-обстановка, сервіс і кухня на висоті!",1,['сервіс'],2,"[[7.5, 7.5], [7.88, 7.75]]","['Сподобалося', 'на висоті']",['SERVICE#GENERAL']
ukr,restaurant,12678:0_466,"Чудовий заклад, ми з чоловіком просто в захваті!",1,['заклад'],2,"[[8.2, 8.0], [8.83, 8.83]]","['Чудовий', 'в захваті']",['RESTAURANT#GENERAL']
ukr,restaurant,12814:1_470,"Кухня була нормальна, я б навіть сказав, що смачно було все приготовлено.",1,['кухня'],2,"[[5.75, 4.75], [6.75, 6.25]]","['нормальна', 'смачно']",['FOOD#QUALITY']
ukr,restaurant,12863:4_477,"Чоловік швидко скис, а я замовила ще порцію ролів, але, на жаль, вже не таких смачних...не пам'ятаю хитромудрої назви, але були з зеленою цибулею і чорним перцем..несмачні, сухі...а так цілком відмінно.",1,['ролів'],3,"[[2.6, 7.1], [3.75, 6.25]]","['не таких смачних', 'несмачні', 'сухі']",['FOOD#QUALITY']
ukr,restaurant,12880:5_481,"Ось і все хороше закінчується, так як сервіс в цьому заклад на нулі, страви одночасно не приносили, в результаті я їла,коли всі інші свої страви вже з'їли,тарілки брудні зі столу не прибирали,але найголовніше,коли принесли здачу - чека не було,відразу всі хороші враження про цей ресторан випарувалися,природно ніхто до нас більше не підійшов,а коли ми йшли ніхто з нами не попрощався.",1,['сервіс'],4,"[[1.4, 8.6], [2.0, 8.0], [2.33, 7.67], [2.67, 7.33]]","['на нулі', 'страви одночасно не приносили', 'тарілки брудні зі столу не прибирали', 'чека не було']",['SERVICE#GENERAL']
ukr,restaurant,12943:2_483,"І місце на диванчиках знайшлося, і офіціантка дуже привітна, але ненав'язлива, інтер'єр приємний, жива музика теж розслабляє, цілком і під неї можна вести бесіду.",1,['офіціантка'],2,"[[6.88, 6.75], [7.62, 7.12]]","['дуже привітна', ""ненав'язлива""]",['SERVICE#GENERAL']
ukr,restaurant,13100:2_486,При вході усміхнена дівчина хостес зустріла і проводила до столика-приємно.,1,['дівчина хостес'],2,"[[6.9, 7.0], [7.5, 7.17]]","['приємно', 'усміхнена']",['SERVICE#GENERAL']
ukr,restaurant,13100:5_487,"Вибрали сациві(холодне пробував вперше-дивовижно,дуже тонкий смак),хачапурі по-мегрельськи (крутіше ніж сирна піца)))),страви на мангалі,ну і хлопці взяли всякі закуски і салати,просто не пам'ятаю які саме.",1,['сациві'],2,"[[8.6, 8.3], [8.75, 8.62]]","['дивовижно', 'дуже тонкий смак']",['FOOD#QUALITY']
ukr,restaurant,13100:11_492,"Інтер'єр домашній і дуже затишний, туалет взагалі відмінний, а казки, що там грають, розслаблюють))))",1,"[""інтер'єр""]",2,"[[7.0, 6.9], [8.0, 7.8]]","['домашній', 'дуже затишний']",['AMBIENCE#GENERAL']
ukr,restaurant,13186:5_497,"Приємна атмосфера, але не більше того і на 2ом поверсі дуже душно!",1,['атмосфера'],2,"[[4.83, 3.5], [5.67, 4.67]]","['Приємна', 'не більше того']",['AMBIENCE#GENERAL']
ukr,restaurant,13225:3_500,"Дуже смачне пиво і великий його вибір, кухня теж відмінна, всі замовлені страви, були дуже смачні, а основне, чому я вибрала цей паб, тому що в той день грала жива музика, і ми були приємно здивовані, відмінний вийшов концертик!",1,['пиво'],2,"[[7.33, 7.33], [8.3, 8.1]]","['Дуже смачне', 'великий його вибір']","['DRINKS#QUALITY', 'DRINKS#STYLE_OPTIONS']"
ukr,restaurant,13252:9_509,"Дуже смачний чай по східному з інжирним варенням, він правда, досить дорогий.",1,['чай по східному з інжирним варенням'],2,"[[3.5, 6.25], [8.1, 7.9]]","['Дуже смачний', 'досить дорогий']","['DRINKS#PRICES', 'DRINKS#QUALITY']"
ukr,restaurant,13252:11_511,"Ввічливі, доброзичливі офіціанти, завжди готові щось підказати та порадити.",1,['офіціанти'],3,"[[7.1, 6.9], [7.2, 7.0], [7.67, 7.0]]","['Ввічливі', 'доброзичливі', 'завжди готові щось підказати та порадити']",['SERVICE#GENERAL']
ukr,restaurant,13623:2_513,"Були з чоловіком в понеділок близько восьмої вечора, зустріла дівчина, проводила до столика і принесла меню.",1,['дівчина'],2,"[[6.33, 5.67], [6.4, 5.8]]","['зустріла', 'проводила до столика']",['SERVICE#GENERAL']
ukr,restaurant,13623:3_514,"Буквально через 5 хвилин підійшов офіціант, зробили замовлення, він приніс спеції і розклав прилади, напої швидко з'явилися на столі.",1,['офіціант'],2,"[[6.33, 5.67], [7.33, 7.33]]","['Буквально через 5 хвилин підійшов', 'швидко']",['SERVICE#GENERAL']
ukr,restaurant,13623:5_516,"Так ось салати принесли через 20 хвилин, я замовляла з тунцем, дуже сподобався, чоловік Цезар з креветками - без особливо захоплення, але і без нарікань.",1,['цезар з креветками'],2,"[[5.0, 3.75], [5.0, 3.83]]","['без нарікань', 'без особливо захоплення']",['FOOD#QUALITY']
ukr,restaurant,13623:6_517,"Гаряче, моє - стейк з соусом з білих грибів гарної прожарки, дуже сподобався, чоловік замовив стейк з мармурової яловичини з чимось там, виявився сухуватий, але приправивши соусом цілком непогано.",1,['стейк з мармурової яловичини'],2,"[[4.5, 4.33], [4.9, 3.6]]","['сухуватий', 'цілком']",['FOOD#QUALITY']
ukr,restaurant,13790:2_528,"Другий раз прийшов з дівчиною, попередньо замовив столик, де сидів перший раз, обслуговування було на хорошому рівні, дуже хороший кальянщик, кальян був супер.",1,['кальянщик'],2,"[[7.7, 7.3], [8.4, 8.0]]","['дуже хороший', 'супер']","['RESTAURANT#MISCELLANEOUS', 'SERVICE#GENERAL']"
ukr,restaurant,13823:4_529,"Бізнес ланч, на подив, виявився дуже смачним і ситним - цілком відповідає своїй ціні.",1,['бізнес ланч'],2,"[[7.5, 7.25], [7.9, 7.5]]","['дуже смачним', 'ситним']",['FOOD#QUALITY']
ukr,restaurant,13823:5_530,"Загалом дуже гарне місце, різноманітне смачне меню, прийнятні ціни та висока якість обслуговування! нам дуже все сподобалося. дякую цьому закладу!",1,['місце'],2,"[[6.5, 6.67], [7.88, 7.88]]","['дуже гарне', 'прийнятні ціни']","['RESTAURANT#GENERAL', 'RESTAURANT#PRICES']"
ukr,restaurant,13823:5_530,"Загалом дуже гарне місце, різноманітне смачне меню, прийнятні ціни та висока якість обслуговування! нам дуже все сподобалося. дякую цьому закладу!",1,['меню'],2,"[[7.12, 7.5], [7.5, 7.75]]","['різноманітне', 'смачне']","['FOOD#QUALITY', 'FOOD#STYLE_OPTIONS']"
ukr,restaurant,13823:5_530,"Загалом дуже гарне місце, різноманітне смачне меню, прийнятні ціни та висока якість обслуговування! нам дуже все сподобалося. дякую цьому закладу!",1,['закладу'],2,"[[7.4, 7.2], [7.83, 7.83]]","['все сподобалося', 'дякую']",['RESTAURANT#GENERAL']
ukr,restaurant,13835:3_533,"Інтер'єр приємний, світлий і відчуваєш себе в ньому комфортно.",1,"[""інтер'єр""]",3,"[[6.75, 6.62], [6.9, 6.7], [7.25, 7.12]]","['комфортно', 'приємний', 'світлий']",['AMBIENCE#GENERAL']
ukr,restaurant,13835:8_538,Офіціантки ввічливі і попереджувальні.,1,['офіціантки'],2,"[[7.1, 6.9], [7.4, 7.2]]","['ввічливі', 'попереджувальні']",['SERVICE#GENERAL']
ukr,restaurant,13835:9_539,"Адміністратор Світлана допомогла нам при складанні банкетного меню та подбала про прикрасу зали, поставилася до нас з великою увагою.",1,['адміністратор'],2,"[[7.12, 7.12], [7.8, 7.6]]","['допомогла', 'з великою увагою']",['SERVICE#GENERAL']
ukr,restaurant,13912:9_544,Вибір тут набагато кращий і багатший.,1,['вибір'],2,"[[7.8, 7.3], [8.0, 7.5]]","['багатший', 'набагато кращий']",['DRINKS#STYLE_OPTIONS']
ukr,restaurant,13912:13_547,"Сподобалося обслуговування, швидко і якісно, ​​своєчасно прибирався посуд, що звільнився, та інші дрібниці, було приємно.",1,['обслуговування'],5,"[[7.0, 6.7], [7.0, 7.0], [7.1, 6.9], [7.12, 7.0], [7.25, 7.0]]","['Сподобалося', 'приємно', 'своєчасно прибирався', 'швидко', 'якісно']",['SERVICE#GENERAL']
ukr,restaurant,14031:3_550,"Хороший інтер'єр, приємний, вихований адміністратор Світлана.",1,['адміністратор'],2,"[[7.0, 7.0], [7.1, 6.9]]","['вихований', 'приємний']",['SERVICE#GENERAL']
ukr,restaurant,14031:5_551,"При обслуговуванні банкету офіціанти уважно дивилися за столом. щоб не було порожніх тарілок, при цьому дуже не нав'язливо.",1,['офіціанти'],2,"[[7.3, 7.0], [7.88, 7.62]]","[""дуже не нав'язливо"", 'уважно дивилися за столом']",['SERVICE#GENERAL']
ukr,restaurant,14031:9_554,"Всім величезне спасибі, ще не один раз відвідаємо цей приємний заклад і будемо рекомендувати своїм друзям.",1,['заклад'],3,"[[7.4, 7.0], [7.67, 7.67], [8.38, 8.38]]","['величезне спасибі', 'приємний', 'рекомендувати']",['RESTAURANT#GENERAL']
ukr,restaurant,14177:7_561,"Пива немає, але здається, що так і повинно бути в такому форматі.",1,['пива'],2,"[[5.0, 3.0], [5.0, 3.67]]","['здається, що так і повинно бути', 'немає']",['DRINKS#STYLE_OPTIONS']
ukr,restaurant,14177:13_562,"Їжа не розчарувала, але й особливих захоплень не викликала.",1,['їжа'],2,"[[5.0, 3.5], [5.17, 4.0]]","['не розчарувала', 'особливих захоплень не викликала']",['FOOD#QUALITY']
ukr,restaurant,14539:3_569,"Дуже смачний, великий шашлик на шампурі з оригінальною підставкою.",1,['шашлик'],2,"[[7.0, 6.67], [7.9, 7.5]]","['Дуже смачний', 'великий']",['FOOD#QUALITY']
ukr,restaurant,14568:0_577,"Зайшли в кафе з подругою за рекомендацією батьків, вони були недавно їм дуже сподобалося!",1,['кафе'],2,"[[7.0, 6.75], [8.1, 7.9]]","['дуже сподобалося', 'за рекомендацією']",['RESTAURANT#GENERAL']
ukr,restaurant,14568:8_583,"Загальний висновок: затишне містечко в центрі, з розумними цінами та дуже комфортною обстановкою)",1,['містечко'],2,"[[6.67, 6.33], [7.1, 6.9]]","['з розумними цінами', 'затишне']","['RESTAURANT#GENERAL', 'RESTAURANT#PRICES']"
ukr,restaurant,14865:0_584,Дуже душевну і теплу атмосферу змогли створити для нас в ресторані Проспект.,1,['атмосферу'],2,"[[7.4, 7.1], [8.25, 8.0]]","['Дуже душевну', 'теплу']",['AMBIENCE#GENERAL']
ukr,restaurant,14865:2_585,"У Петербурзькому стилі витриманий інтер'єр ресторану, кухня прекрасна, все дуже смачно, чудове оформлення столу і окремих страв.",1,['кухня'],2,"[[8.17, 8.17], [8.3, 8.1]]","['дуже смачно', 'прекрасна']",['FOOD#QUALITY']
ukr,restaurant,15159:1_588,Тоді сподобалася смачна їжа та великі порції + гуманні ціни.,1,['їжа'],3,"[[7.0, 7.33], [7.17, 7.17], [7.4, 7.2]]","['гуманні', 'смачна', 'сподобалася']","['FOOD#PRICES', 'FOOD#QUALITY']"
ukr,restaurant,15159:3_589,"Зал симпатичний, обслуговування не видатне, але і не нав'язливе.",1,['обслуговування'],2,"[[4.75, 3.75], [5.25, 3.75]]","['не видатне', ""не нав'язливе""]",['SERVICE#GENERAL']
ukr,restaurant,15159:6_590,"Як і раніше - їжа смачна, ціни гідні.",1,['їжа'],2,"[[6.83, 6.33], [7.2, 7.0]]","['смачна', 'ціни гідні']","['FOOD#PRICES', 'FOOD#QUALITY']"
ukr,restaurant,15159:7_591,Меню велике – можна довго обирати.,1,['меню'],2,"[[7.2, 7.0], [7.33, 6.67]]","['велике', 'можна довго обирати']",['FOOD#STYLE_OPTIONS']
ukr,restaurant,15335:0_593,"Відпочивали з друзями, гуляли, відзначали День народження друга, вирішили зайти в ресторан Трес Амігос нас дуже порадувала відразу обстановка і інтер'єр, дуже затишно і віє домашньою обстановкою!",1,['обстановка'],2,"[[7.67, 7.67], [8.12, 7.88]]","['дуже затишно', 'дуже порадувала']",['AMBIENCE#GENERAL']
ukr,restaurant,15335:0_593,"Відпочивали з друзями, гуляли, відзначали День народження друга, вирішили зайти в ресторан Трес Амігос нас дуже порадувала відразу обстановка і інтер'єр, дуже затишно і віє домашньою обстановкою!",1,"[""інтер'єр""]",2,"[[7.88, 7.62], [8.17, 8.17]]","['дуже затишно', 'дуже порадувала']",['AMBIENCE#GENERAL']
ukr,restaurant,15335:1_594,"Так як ми всі не куримо, то нас проводили доброзичливі й усміхнені офіціанти в зал, що не курить, зал виявився просторим і світлим, досить затишним!",1,['офіціанти'],2,"[[7.0, 6.9], [7.1, 7.0]]","['доброзичливі', 'усміхнені']",['SERVICE#GENERAL']
ukr,restaurant,15335:1_594,"Так як ми всі не куримо, то нас проводили доброзичливі й усміхнені офіціанти в зал, що не курить, зал виявився просторим і світлим, досить затишним!",1,['зал'],3,"[[6.67, 6.33], [7.0, 6.9], [7.1, 7.0]]","['виявився просторим', 'досить затишним', 'світлим']",['AMBIENCE#GENERAL']
ukr,restaurant,15335:2_595,"Хотілося б відзначити роботу персоналу: всі дуже доброзичливі та усміхнені хлопці, Оля наш офіціант проводивши нас за столик, одразу запропонувала нам напої, запропонувала свою допомогу з вибором страв, все докладно розповіла, що нам і не довелося довго мучитися читаючи меню!",1,['персоналу'],2,"[[7.17, 7.33], [8.0, 8.0]]","['дуже доброзичливі', 'усміхнені']",['SERVICE#GENERAL']
ukr,restaurant,15335:2_595,"Хотілося б відзначити роботу персоналу: всі дуже доброзичливі та усміхнені хлопці, Оля наш офіціант проводивши нас за столик, одразу запропонувала нам напої, запропонувала свою допомогу з вибором страв, все докладно розповіла, що нам і не довелося довго мучитися читаючи меню!",1,['офіціант'],2,"[[7.33, 7.0], [7.5, 7.25]]","['все докладно розповіла', 'запропонувала свою допомогу']",['SERVICE#GENERAL']
ukr,restaurant,15335:6_597,"У цьому ресторані сподобалося все і запальні танці (які були ввечері) і обслуговування, і їжа, і дуже смачні коктелі!!",1,['танці'],2,"[[7.12, 7.0], [8.38, 8.38]]","['запальні', 'сподобалося']",['AMBIENCE#GENERAL']
ukr,restaurant,15335:6_597,"У цьому ресторані сподобалося все і запальні танці (які були ввечері) і обслуговування, і їжа, і дуже смачні коктелі!!",1,['коктелі'],2,"[[7.0, 6.75], [8.12, 8.12]]","['дуже смачні', 'сподобалося']",['DRINKS#QUALITY']
ukr,restaurant,15363:1_600,"Заклад світлий, стильний",1,['заклад'],2,"[[6.9, 6.6], [7.6, 7.2]]","['світлий', 'стильний']",['AMBIENCE#GENERAL']
ukr,restaurant,15363:4_602,До обслуговування нарікань ніяких: обслужили швидко і з посмішкою!,1,['обслуговування'],3,"[[7.38, 7.62], [7.5, 7.25], [7.5, 7.83]]","['з посмішкою', 'нарікань ніяких', 'швидко']",['SERVICE#GENERAL']
ukr,restaurant,15363:6_603,Пошкодувала я про замовлення мого улюбленого борщу! тут він не смачний: бульйон з капустою... з великою кількістю капусти! спробувала додати побільше сметани))) але не допомогло... на жаль.,1,['борщу'],2,"[[2.17, 7.83], [2.3, 7.7]]","['Пошкодувала', 'не смачний']",['FOOD#QUALITY']
ukr,restaurant,15363:8_605,А від десерту я просто в захваті!!! З'їла його за кілька хвилин))) і це після борщу з пастою!!!,1,['десерту'],2,"[[8.7, 8.6], [8.83, 8.67]]","[""З'їла його за кілька хвилин"", 'просто в захваті']",['FOOD#QUALITY']
ukr,restaurant,15423:1_609,"У понеділок прийшли вперше, і були приємно здивовані: пісні БЕЗКОШТОВНО!))",1,['пісні'],2,"[[7.33, 7.33], [8.33, 9.0]]","['БЕЗКОШТОВНО', 'приємно здивовані']",['RESTAURANT#MISCELLANEOUS']
ukr,restaurant,15423:5_611,"Окреме спасибі за обслуговування милою Тетяні, дуже часто на неї потрапляємо, і завжди отримуємо привітне і якісне обслуговування, завжди порадить і відповість на жарт, видно що дівчина з почуттям гумору).",1,['обслуговування'],3,"[[7.5, 7.25], [7.75, 7.75], [7.8, 7.4]]","['Окреме спасибі', 'привітне', 'якісне']",['SERVICE#GENERAL']
ukr,restaurant,15423:5_611,"Окреме спасибі за обслуговування милою Тетяні, дуже часто на неї потрапляємо, і завжди отримуємо привітне і якісне обслуговування, завжди порадить і відповість на жарт, видно що дівчина з почуттям гумору).",1,['дівчина'],2,"[[7.67, 7.67], [7.67, 7.83]]","['з почуттям гумору', 'завжди порадить']",['SERVICE#GENERAL']
ukr,restaurant,15655:2_620,"Інтер'єр відмінний, все з дерева і дуже красиво!",1,"[""інтер'єр""]",2,"[[7.8, 7.6], [8.1, 7.7]]","['відмінний', 'дуже красиво']",['AMBIENCE#GENERAL']
ukr,restaurant,15655:3_621,Офіціанти уважні і ненав'язливі!,1,['офіціанти'],2,"[[7.0, 7.0], [7.2, 7.2]]","[""ненав'язливі"", 'уважні']",['SERVICE#GENERAL']
ukr,restaurant,15655:9_626,"Загалом були приємно здивовані таким чудовим місцем, обов'язково прийдемо ще, і не один раз!",1,['місцем'],3,"[[7.67, 7.5], [8.0, 8.0], [8.33, 8.33]]","[""обов'язково прийдемо ще"", 'приємно здивовані', 'чудовим']",['RESTAURANT#GENERAL']
ukr,restaurant,16151:13_636,"Дуже подобається цезар з лососем. (Дуже свіжий, хрумкий і головне з дуже мало солоною рибою)",1,['цезар з лососем'],3,"[[7.88, 7.5], [8.0, 7.7], [8.08, 7.83]]","['Дуже подобається', 'Дуже свіжий', 'хрумкий']",['FOOD#QUALITY']
ukr,restaurant,16274:4_642,"Замовила я салат, велику порцію,як не дивно його принесли у великій кількості,з гарячого замовила стейк з телятини,м'ясо було м'яким і соковитим,і звичайно ж моє найулюбленіше це десерт,замовила тірамісу,і правильно зробила, дуже смачний десерт.",1,['стейк з телятини'],2,"[[7.25, 7.25], [7.38, 7.38]]","[""м'яким"", 'соковитим']",['FOOD#QUALITY']
ukr,restaurant,16274:4_642,"Замовила я салат, велику порцію,як не дивно його принесли у великій кількості,з гарячого замовила стейк з телятини,м'ясо було м'яким і соковитим,і звичайно ж моє найулюбленіше це десерт,замовила тірамісу,і правильно зробила, дуже смачний десерт.",1,"[""м'ясо""]",2,"[[7.38, 7.38], [7.4, 7.2]]","[""м'яким"", 'соковитим']",['FOOD#QUALITY']
ukr,restaurant,16274:6_643,"Обслуговування мені сподобалося, досить швидко все принесли ,на столі використані тарілки не затримувалися ,офіціанти всіх оперативно обслуговували,я спеціально стежила за ними))), просто хотілося порівняти відгуки з реальністю ,виявилося відгуки були помилковими,хоча може мені просто пощастило, і все ж я туду ще піду.",1,['обслуговування'],2,"[[7.33, 6.83], [7.38, 7.25]]","['досить швидко все принесли', 'сподобалося']",['SERVICE#GENERAL']
ukr,restaurant,16274:7_644,"А щодо інтер'єру, то мені сподобався, спокійний, невимушений, все чистенько й акуратно, без пафосу.",1,"[""інтер'єру""]",6,"[[6.7, 6.2], [6.8, 6.4], [6.88, 6.5], [7.0, 6.5], [7.0, 6.8], [7.0, 7.0]]","['акуратно', 'без пафосу', 'невимушений', 'сподобався', 'спокійний', 'чистенько']",['AMBIENCE#GENERAL']
ukr,restaurant,16378:2_652,"Інтер'єр-в цілому досить тематично, виключаючи вже згадану кимось колонку в залі і може бути недолік світла в головному залі, мені, як і багатьом, хто тут писав більше подобається світлий зал, він набагато затишніше, єдине-варто звернути увагу на чистоту скатертин, не завжди ідеально.",1,['світлий зал'],2,"[[7.17, 7.0], [7.3, 7.2]]","['більше подобається', 'набагато затишніше']",['AMBIENCE#GENERAL']
ukr,restaurant,16378:3_653,"Обслуговування-приємні, ввічливі молоді люди, не дуже часто, але і не рідко підходять, працюють не бездушно, з посмішкою і взагалі органічно виглядають, ніяких нарікань.",1,['молоді люди'],7,"[[6.67, 6.33], [6.83, 7.0], [6.88, 6.75], [7.0, 7.0], [7.1, 6.9], [7.17, 6.67]]","['але і не рідко підходять', 'ввічливі', 'з посмішкою', 'не бездушно', 'не дуже часто', 'органічно виглядають', 'приємні']",['SERVICE#GENERAL']
ukr,restaurant,16630:0_661,Затишна і тепла домашня обстановка!,1,['обстановка'],3,"[[7.1, 7.0], [7.2, 7.1], [7.4, 7.2]]","['Затишна', 'домашня', 'тепла']",['AMBIENCE#GENERAL']
ukr,restaurant,16630:1_662,"Милий і чуйний персонал, дуже уважне обслуговування.",1,['персонал'],2,"[[7.2, 6.8], [7.4, 7.2]]","['Милий', 'чуйний']",['SERVICE#GENERAL']
ukr,restaurant,16647:0_665,"дуже люблю це місце, буваю там щотижня і думаю буду відвідувати так само часто, тому що для мене воно ідеально в усіх відношеннях.",1,['місце'],2,"[[8.1, 7.9], [9.0, 8.33]]","['дуже люблю', 'ідеально']",['RESTAURANT#GENERAL']
ukr,restaurant,16647:1_666,"Атмосфера спокійна і комфортна, інтер'єр саме такий, який потрібно, особливо не привертає увагу, але загалом приємний і ненав'язливий, дуже розслаблює, і музика цьому сприяє.",1,['атмосфера'],2,"[[6.9, 6.6], [7.0, 6.7]]","['комфортна', 'спокійна']",['AMBIENCE#GENERAL']
ukr,restaurant,16647:1_666,"Атмосфера спокійна і комфортна, інтер'єр саме такий, який потрібно, особливо не привертає увагу, але загалом приємний і ненав'язливий, дуже розслаблює, і музика цьому сприяє.",1,"[""інтер'єр""]",4,"[[6.5, 6.0], [7.0, 6.75], [7.0, 7.0], [7.5, 7.5]]","['дуже розслаблює', ""ненав'язливий"", 'приємний', 'саме такий, який потрібно']",['AMBIENCE#GENERAL']
ukr,restaurant,16647:7_670,З десертів варто спробувати теплий шоколадний торт з ванільним морозивом-дуже дуже...,1,['шоколадний торт з ванільним морозивом'],2,"[[8.0, 7.0], [8.5, 8.38]]","['варто спробувати', 'дуже дуже']",['FOOD#QUALITY']
ukr,restaurant,16676:4_673,"Офіціанти дуже привітні, постійно стежать за відвідувачами, тому довго чекати не довелося, що дуже приємно.",1,['офіціанти'],3,"[[7.0, 6.67], [7.9, 7.5], [8.0, 8.0]]","['довго чекати не довелося', 'дуже привітні', 'дуже приємно']",['SERVICE#GENERAL']
ukr,restaurant,16676:5_674,"Меню досить цікаве, більше має східну спрямованість, але головне за цінами дуже демократичне.",1,['меню'],2,"[[6.75, 6.25], [8.0, 7.67]]","['досить цікаве', 'за цінами дуже демократичне']","['FOOD#PRICES', 'FOOD#STYLE_OPTIONS']"
ukr,restaurant,16676:9_677,"Думаю, якщо стоїть завдання знайти затишне недороге містечко в районі метро Московська, то це напевно один з кращих варіантів.",1,['містечко'],3,"[[7.0, 6.8], [7.2, 7.0], [8.0, 7.6]]","['затишне', 'недороге', 'один з кращих варіантів']","['AMBIENCE#GENERAL', 'RESTAURANT#GENERAL', 'RESTAURANT#PRICES']"
ukr,restaurant,16714:3_679,"Салат соковитий і смачний, баранина і овочі дуже гідні.",1,['салат'],2,"[[7.2, 7.1], [7.3, 7.2]]","['смачний', 'соковитий']",['FOOD#QUALITY']
ukr,restaurant,16714:5_681,"Офіціант ненав'язливий, але чемний ... дуже хороше поєднання.",1,['офіціант'],3,"[[6.5, 6.0], [7.12, 7.12], [7.83, 7.5]]","['дуже хороше', ""ненав'язливий"", 'чемний']",['SERVICE#GENERAL']
ukr,restaurant,16761:11_688,Велике спасибі за такий чудовий заклад!,1,['заклад'],2,"[[7.83, 7.67], [8.0, 7.5]]","['Велике спасибі', 'чудовий']",['RESTAURANT#GENERAL']
ukr,restaurant,16955:3_691,"Два інших зали нормальні, звичайно до хороших) їм повзти і повзти..., але ось їжа!!!!!",1,['зали'],2,"[[4.67, 4.33], [4.9, 3.4]]","['звичайно до хороших) їм повзти і повзти', 'нормальні']",['AMBIENCE#GENERAL']
ukr,restaurant,16955:4_692,"Я замовила баклажани смажені (в солодкому соусі) ...мені є з чим порівнювати..... я спробувала і дуже засмутилася ((((таке г... я ще не їла, вони були прісні (хоча в соусі), а соус!!!! таке відчуття, що туди висякалися всі з кухні!!!!!!",1,['баклажани смажені'],3,"[[1.33, 8.67], [1.5, 8.5], [2.2, 7.8]]","['дуже засмутилася', 'прісні', 'таке г... я ще не їла']",['FOOD#QUALITY']
ukr,restaurant,17009:6_696,"З приводу їжі, паста була ну нічого, средненько, трохи пересолена, Цезар був не дуже, завітрені і холодні шматочки курячого філе мене не особливо надихнули.",1,['паста'],3,"[[4.4, 4.2], [4.88, 3.5], [4.9, 3.5]]","['ну нічого', 'средненько', 'трохи пересолена']",['FOOD#QUALITY']
ukr,restaurant,17475:4_702,"Зустріли нормально (ніякої посмішки на обличчі адміністратора при цьому не було) ,проводили до столу.",1,['адміністратора'],2,"[[4.5, 4.33], [5.0, 3.38]]","['нормально', 'ніякої посмішки']",['SERVICE#GENERAL']
ukr,restaurant,17475:5_703,"Офіціант не орієнтується в меню, не бачить столи, з рук все валиться, брудні тарілки стояли по 10 хвилин на столі і це при неповному залі!!!?",1,['офіціант'],4,"[[2.1, 7.9], [2.33, 7.67], [2.33, 8.0], [2.67, 7.33]]","['брудні тарілки стояли по 10 хвилин на столі', 'з рук все валиться', 'не бачить столи', 'не орієнтується в меню']",['SERVICE#GENERAL']
ukr,restaurant,17475:10_706,"Проводили всім персоналом, вже з посмішкою і доброзичливим виглядом!",1,['персоналом'],2,"[[7.33, 6.67], [7.38, 6.75]]","['доброзичливим виглядом', 'з посмішкою']",['SERVICE#GENERAL']
ukr,restaurant,17572:7_708,Нам запропонували присісти на м'яких і зручних диванчиках.,1,['диванчиках'],2,"[[7.1, 6.9], [7.2, 7.0]]","['зручних', ""м'яких""]",['AMBIENCE#GENERAL']
ukr,restaurant,17572:13_714,Офіціант був завжди уважний і люб'язний.,1,['офіціант'],2,"[[7.33, 7.33], [7.38, 7.38]]","[""люб'язний"", 'уважний']",['SERVICE#GENERAL']
ukr,restaurant,17999:8_719,"Великий ресторан, гарне і головне досить вигідне місце і кухня дуже пристойна, але обслуговування залишає бажати кращого....",1,['місце'],2,"[[7.0, 6.75], [7.17, 6.67]]","['гарне', 'досить вигідне']",['LOCATION#GENERAL']
ukr,restaurant,18003:5_720,"І зустріли нас і проводили до столика, а офіціантка яка була, просто диво, привітна, уважна, але найголовніше все в міру, її не було занадто багато, але роботу вона виконувала на всі 100, а то і 200 %.",1,['офіціантка'],4,"[[7.2, 7.3], [7.4, 7.5], [8.33, 7.67], [8.5, 7.88]]","['на всі 100, а то і 200 %', 'привітна', 'просто диво', 'уважна']",['SERVICE#GENERAL']
ukr,restaurant,18148:1_726,А оскільки воно вдало розташоване – в одному з улюблених районів міста – дісталася я до нього швидко.,1,['районів міста'],2,"[[8.12, 8.0], [8.17, 8.17]]","['вдало розташоване', 'улюблених']",['LOCATION#GENERAL']
ukr,restaurant,18148:2_727,"У перший раз мені дуже сподобалося: народу було не дуже багато, офіціантка уважна, замовлення принесла швидко.",1,['офіціантка'],2,"[[7.4, 7.0], [7.62, 7.0]]","['замовлення принесла швидко', 'уважна']",['SERVICE#GENERAL']
ukr,restaurant,18148:3_728,"Меню мене вразило: великий вибір цікавих десертів, величезний вибір алкогольних коктейлів...правда, ціни далеко не низькі, особливо на гаряче і салати.",1,['десертів'],2,"[[7.17, 7.33], [7.25, 7.0]]","['великий вибір', 'цікавих']",['FOOD#STYLE_OPTIONS']
ukr,restaurant,18220:5_734,"Коротше, приглушене світло, спокійна музика, милий і турботливий персонал - зробили свою справу - змусили розслабитися)))).",1,['музика'],2,"[[7.0, 7.0], [7.33, 7.0]]","['змусили розслабитися', 'спокійна']",['AMBIENCE#GENERAL']
ukr,restaurant,18220:5_734,"Коротше, приглушене світло, спокійна музика, милий і турботливий персонал - зробили свою справу - змусили розслабитися)))).",1,['персонал'],3,"[[7.33, 7.0], [7.33, 7.17]]","['змусили розслабитися', 'милий', 'турботливий']",['SERVICE#GENERAL']
ukr,restaurant,18220:9_738,"Окрема подяка Ірині, за її уважне і ввічливе обслуговування.",1,['обслуговування'],3,"[[7.3, 7.1], [7.4, 7.2], [7.5, 7.17]]","['Окрема подяка', 'ввічливе', 'уважне']",['SERVICE#GENERAL']
ukr,restaurant,18253:6_741,"Паста смачна, всім рекомендую.",1,['паста'],2,"[[7.2, 7.0], [7.67, 7.33]]","['рекомендую', 'смачна']",['FOOD#QUALITY']
ukr,restaurant,18253:7_742,"А ось піца не фонтан - звичайна така, нічого особливого.",1,['піца'],3,"[[4.75, 4.25], [4.88, 3.25], [4.9, 3.4]]","['звичайна', 'не фонтан', 'нічого особливого']",['FOOD#QUALITY']
ukr,restaurant,18372:3_746,"Особливо хороша офіціантка Олена, мила, добра, привітна і завжди допоможе з вибором!",1,['офіціантка'],5,"[[7.0, 6.75], [7.0, 6.8], [7.1, 6.9], [7.17, 7.17], [7.83, 7.83]]","['Особливо хороша', 'добра', 'допоможе', 'мила', 'привітна']",['SERVICE#GENERAL']
ukr,restaurant,18756:1_761,"Я був в цьому барі 28.10.09,  можу сказати що обслуговування ні чим особливим не виделяеться, пиво коштує досить дорого та потім пиво ""Береста світле"" 220р мені не дуже сподобалося, але ось закуски до пива мені дуже сподобалися і треба відзначити що їх великий вибір з переважанням м'ясних, що для мене особисто дуже важливо.",1,['закуски до пива'],2,"[[7.38, 6.75], [8.0, 7.5]]","['великий вибір', 'дуже сподобалися']","['FOOD#QUALITY', 'FOOD#STYLE_OPTIONS']"
ukr,restaurant,18780:1_762,"Якщо ви хочете з'їсти великий рол який навіть не зможе поміститися в рот, то вам сюди.",1,['рол'],2,"[[7.0, 7.0], [8.0, 7.83]]","['великий', 'навіть не зможе поміститися в рот']",['FOOD#QUALITY']
ukr,restaurant,18780:5_766,Відвідую це місце вже протягом двох років якість їжі та обслуговування не змінюється а сталість ознака професійності.,1,['їжі'],2,"[[7.0, 6.33], [7.5, 7.17]]","['не змінюється', 'сталість ознака професійності']",['FOOD#QUALITY']
ukr,restaurant,18780:5_766,Відвідую це місце вже протягом двох років якість їжі та обслуговування не змінюється а сталість ознака професійності.,1,['обслуговування'],2,"[[7.0, 6.33], [7.5, 7.17]]","['не змінюється', 'сталість ознака професійності']",['SERVICE#GENERAL']
ukr,restaurant,18983:5_769,"Все залежить від офіціанта, є привітні, а є і не дуже. 3)",1,['офіціанта'],2,"[[4.33, 4.33], [5.25, 4.5]]","['не дуже', 'привітні']",['SERVICE#GENERAL']
ukr,restaurant,18983:8_771,Музика занадто гучна і нав'язлива.,1,['музика'],2,"[[2.2, 7.2], [2.4, 7.0]]","['занадто гучна', ""нав'язлива""]",['AMBIENCE#GENERAL']
ukr,restaurant,18983:10_773,"З плюсів можна відзначити тільки те, що в цьому закладі завжди мало народу, завжди є багато вільних місць.",1,['закладі'],2,"[[6.5, 5.67], [7.17, 7.0]]","['багато вільних місць', 'мало народу']",['RESTAURANT#MISCELLANEOUS']
ukr,restaurant,19027:1_775,"Офіціанти дуже приємні, не нав'язливі, сервіс відмінний!",1,['офіціанти'],2,"[[6.7, 6.2], [7.7, 7.1]]","['дуже приємні', ""не нав'язливі""]",['SERVICE#GENERAL']
ukr,restaurant,19111:2_778,"Персонал мені сподобався, офіціантка була дуже приємною, товариською і доброзичливою, на наше прохання без проблем сфотографувала нас, їжу приносила швидко, лишнии тарілки теж не затримувала на столі.",1,['офіціантка'],5,"[[6.83, 6.17], [6.88, 6.5], [7.0, 6.7], [7.33, 7.33], [7.8, 7.2]]","['без проблем сфотографувала', 'доброзичливою', 'дуже приємною', 'товариською', 'швидко']",['SERVICE#GENERAL']
ukr,restaurant,19111:5_780,"Зал великий, меблі пристойна, великий телевізор на стіні зручно дивитися з будь-якого столика напевно. 3.",1,['телевізор'],2,"[[7.0, 5.67], [7.0, 6.0]]","['великий', 'зручно дивитися']",['AMBIENCE#GENERAL']
ukr,restaurant,19111:7_781,"Замовили віскі-віскі нормальне, сподобалося.",1,['віскі'],2,"[[6.25, 5.5], [6.8, 6.2]]","['нормальне', 'сподобалося']",['DRINKS#QUALITY']
ukr,restaurant,19265:0_784,"Приблизно місяць тому відвідали цей заклад, тому що багато хто рекомендував його, як чудове місце.",1,['місце'],2,"[[7.8, 7.2], [7.83, 7.33]]","['багато хто рекомендував', 'чудове']",['RESTAURANT#GENERAL']
ukr,restaurant,19265:1_785,"Так, дійсно, місце дуже гарне, приємне.",1,['місце'],2,"[[6.8, 6.2], [7.7, 6.9]]","['дуже гарне', 'приємне']",['RESTAURANT#GENERAL']
ukr,restaurant,19265:2_786,"Як і більшості знайомих, які відвідали дане місце, сподобався інтер'єр, дуже розташовує до дружнього, теплого спілкування.",1,"[""інтер'єр""]",2,"[[6.9, 6.3], [7.7, 6.9]]","['дуже розташовує', 'сподобався']",['AMBIENCE#GENERAL']
ukr,restaurant,19265:3_787,"Персонал привітний, чуйний.",1,['персонал'],2,"[[6.9, 6.2], [7.1, 6.4]]","['привітний', 'чуйний']",['SERVICE#GENERAL']
ukr,restaurant,19383:2_790,"Заклад невеликий, дуже камерний, що приємно.",1,['заклад'],2,"[[7.0, 6.5], [7.12, 6.88]]","['дуже камерний', 'приємно']",['AMBIENCE#GENERAL']
ukr,restaurant,19383:3_791,"Інтер'єр звичайний, як в інших пабах, порадували стелажі з книгами і м'які дивани.",1,['дивани'],2,"[[7.0, 6.67], [7.12, 6.5]]","[""м'які"", 'порадували']",['AMBIENCE#GENERAL']
ukr,restaurant,19383:4_792,"Пиво смачне, є з чого вибрати.",1,['пиво'],2,"[[6.5, 5.62], [7.2, 6.6]]","['смачне', 'є з чого вибрати']","['DRINKS#QUALITY', 'DRINKS#STYLE_OPTIONS']"
ukr,restaurant,19383:5_793,"Замовили: відварені креветки-креветки, як креветки, але якісь занадто маленькі (240 руб.), салат ""Салмон"" з лососем, непоганий, але пріснуватий, соусу явно не вистачає, кільця кальмара в клярі-під пиво нормально, м'ясні чіпси з яловичини - смачно, Рагу - смачно, але більше нагадувало бульйон з м'ясом, королівські креветки з соусом - дуже смачна страва(599 руб.), на жаль не всі ціни пам'ятаю.",1,"['салат ""салмон"" з лососем']",2,"[[4.33, 4.33], [5.12, 3.25]]","['непоганий', 'пріснуватий']",['FOOD#QUALITY']
ukr,restaurant,19383:6_794,"Була одна офіціантка на весь зал (п'ятниця вечір всі столики зайняті), але справлялася, напої та страви довго чекати не доводилося, не вистачало трохи привітності, а в загальному непогано.",1,['офіціантка'],3,"[[3.67, 5.67], [4.0, 5.5], [5.67, 5.83]]","['не вистачало трохи привітності', 'одна', 'справлялася']",['SERVICE#GENERAL']
ukr,restaurant,19439:5_797,"Інтер'єр вражаючий, дуже добротно, красиво, стильно.",1,"[""інтер'єр""]",4,"[[7.0, 6.6], [7.0, 6.7], [7.5, 6.9], [7.9, 7.1]]","['вражаючий', 'дуже добротно', 'красиво', 'стильно']",['AMBIENCE#GENERAL']
ukr,restaurant,19439:6_798,"Столики, що особливо сподобалося, розставлені віддалено один від одного, відвідувачі не заважають один одному, їх не видно і не чути, створюється такий собі відокремлений комфорт.",1,['столики'],3,"[[7.67, 6.5], [8.0, 8.0]]","['відокремлений комфорт', 'особливо сподобалося', 'розставлені віддалено один від одного']",['AMBIENCE#GENERAL']
ukr,restaurant,19439:11_800,"Кухня на висоті: салати незвичайні, смачні, порції досить пристойні за розміром.",1,['салати'],2,"[[6.88, 6.12], [7.38, 7.12]]","['незвичайні', 'смачні']",['FOOD#QUALITY']
ukr,restaurant,19467:9_805,"Офіціантка попалася хороша: уважна, без оцінюючих поглядів, і чекати годинами її не доводилося.",1,['офіціантка'],4,"[[6.8, 6.2], [7.0, 6.83], [7.1, 6.4], [7.17, 6.83]]","['без оцінюючих поглядів', 'уважна', 'хороша', 'чекати годинами її не доводилося']",['SERVICE#GENERAL']
ukr,restaurant,19467:10_806,"Сервіс у Терасі непоганий, але раз на раз не доводиться.",1,['сервіс'],2,"[[4.83, 3.67], [5.12, 3.5]]","['непоганий', 'раз на раз не доводиться']",['SERVICE#GENERAL']
ukr,restaurant,19467:17_811,В цілому Тераса не розчаровує і продовжує залишатися одним з улюблених місць.,1,['тераса'],2,"[[6.33, 5.5], [8.12, 7.62]]","['не розчаровує', 'одним з улюблених місць']",['RESTAURANT#GENERAL']
ukr,restaurant,19503:0_812,"Сьогодні з подругою відвідав цей заклад! дуже все сподобалося, обслуговування порадувало ще при вході,доброзичлива і усміхнена адміністратор Катерина зустріла нас і посадила за дуже хороший столик,звідки відкривався відмінний вид.",1,['адміністратор'],2,"[[6.8, 6.3], [6.9, 6.4]]","['доброзичлива', 'усміхнена']",['SERVICE#GENERAL']
ukr,restaurant,19677:3_819,"Великі порції, цікаві салати і гаряче, все було дуже ситно і смачно за порівняно невелику ціну!",1,['салати'],3,"[[7.0, 6.5], [7.12, 6.75], [7.62, 6.88]]","['дуже ситно', 'порівняно невелику ціну', 'смачно']","['FOOD#PRICES', 'FOOD#QUALITY']"
ukr,restaurant,19677:3_819,"Великі порції, цікаві салати і гаряче, все було дуже ситно і смачно за порівняно невелику ціну!",1,['гаряче'],4,"[[6.67, 5.67], [7.12, 6.75], [7.33, 7.33], [8.17, 7.83]]","['дуже ситно', 'порівняно невелику ціну', 'смачно', 'цікаві']","['FOOD#PRICES', 'FOOD#QUALITY']"
ukr,restaurant,19677:4_820,Дуже приємне ненав'язливе обслуговування!,1,['обслуговування'],2,"[[6.5, 5.88], [8.0, 7.5]]","['Дуже приємне', ""ненав'язливе""]",['SERVICE#GENERAL']
ukr,restaurant,19677:8_823,Всім рекомендую відвідати це чудове кафе!,1,['кафе'],2,"[[7.67, 7.33], [7.8, 7.0]]","['рекомендую', 'чудове']",['RESTAURANT#GENERAL']
ukr,restaurant,19746:2_824,"Інтер'єр приємний, приміщення невелике, але дуже затишне.",1,"[""інтер'єр""]",2,"[[6.9, 6.3], [8.17, 7.83]]","['дуже затишне', 'приємний']",['AMBIENCE#GENERAL']
ukr,restaurant,19817:1_827,"Дуже подобається спокійна атмосфера, тиха фонова музика не заважає бесіді, завжди є вільний столик.",1,['атмосфера'],2,"[[6.6, 6.1], [8.0, 7.83]]","['Дуже подобається', 'спокійна']",['AMBIENCE#GENERAL']
ukr,restaurant,19817:3_828,"Мені набагато спокійніше і затишніше їсти у закладі, де не товпиться народ, немає шуму та біганини.",1,['закладі'],4,"[[7.12, 6.38], [7.12, 6.62], [7.33, 7.0]]","['затишніше', 'набагато спокійніше', 'не товпиться народ', 'немає шуму']",['AMBIENCE#GENERAL']
ukr,restaurant,19817:7_831,"Звичайно, хотілося б трохи більше асортименту ролів, але ті, що є, дуже подобаються.",1,['ролів'],2,"[[3.8, 5.7], [7.6, 7.0]]","['дуже подобаються', 'хотілося б трохи більше асортименту']","['FOOD#QUALITY', 'FOOD#STYLE_OPTIONS']"
ukr,restaurant,19817:12_835,"Деруни з беконом дуже смачні і порція прямо справжня ""чоловіча"".",1,['деруни з беконом'],2,"[[7.88, 7.38], [8.12, 7.62]]","['дуже смачні', 'порція прямо справжня ""чоловіча""']","['FOOD#QUALITY', 'FOOD#STYLE_OPTIONS']"
ukr,restaurant,19817:14_837,"Якось раз потрапили на недосвідчену офіціантку, якій залишилися незадоволені, але більше її не бачили.",1,['офіціантку'],2,"[[2.83, 7.0], [3.3, 6.0]]","['недосвідчену', 'незадоволені']",['SERVICE#GENERAL']
ukr,restaurant,19817:18_839,"Загалом обслуговуванням задоволені, ненав'язливо, але уважно.",1,['обслуговуванням'],3,"[[6.6, 5.9], [7.0, 6.4], [7.38, 7.0]]","['задоволені', ""ненав'язливо"", 'уважно']",['SERVICE#GENERAL']
ukr,restaurant,20086:3_847,"Інтер'єр в нашому залі нам сподобався-затишно, красиві меблі.",1,"[""інтер'єр""]",2,"[[6.9, 6.3], [7.25, 7.0]]","['затишно', 'сподобався']",['AMBIENCE#GENERAL']
ukr,restaurant,20397:1_853,Ресторан величезний!! але при цьому дуже затишний і справді БАГАТО місця!,1,['ресторан'],3,"[[7.6, 7.2], [7.75, 8.0], [8.0, 8.67]]","['величезний', 'дуже затишний', 'справді БАГАТО місця']",['AMBIENCE#GENERAL']
ukr,restaurant,20397:6_857,"Обслуговування чудове! все вчасно, напої-практично моментально! мила дівчина Анна нам все розповіла і дала слушні поради по меню, чітко і швидко.",1,['обслуговування'],2,"[[7.8, 7.4], [8.33, 8.17]]","['практично моментально', 'чудове']",['SERVICE#GENERAL']
ukr,restaurant,20397:6_857,"Обслуговування чудове! все вчасно, напої-практично моментально! мила дівчина Анна нам все розповіла і дала слушні поради по меню, чітко і швидко.",1,['дівчина'],4,"[[6.8, 6.5], [7.0, 6.33], [7.5, 7.38]]","['дала слушні поради по меню', 'мила', 'чітко', 'швидко']",['SERVICE#GENERAL']
ukr,restaurant,20417:7_864,"Меню гарне, скромне.",1,['меню'],2,"[[6.0, 5.33], [6.8, 6.0]]","['гарне', 'скромне']",['FOOD#QUALITY']
ukr,restaurant,20417:20_870,"Інтер'єр красивий, усе зі смаком",1,"[""інтер'єр""]",2,"[[6.9, 6.3], [7.5, 7.33]]","['зі смаком', 'красивий']",['AMBIENCE#GENERAL']
ukr,restaurant,20417:21_871,"Колір, гамма, стільці — все красиво і зручно.",1,['колір'],2,"[[6.67, 6.17], [6.88, 6.5]]","['зручно', 'красиво']",['AMBIENCE#GENERAL']
ukr,restaurant,20417:21_871,"Колір, гамма, стільці — все красиво і зручно.",1,['гамма'],2,"[[6.67, 6.17], [6.88, 6.5]]","['зручно', 'красиво']",['AMBIENCE#GENERAL']
ukr,restaurant,20417:21_871,"Колір, гамма, стільці — все красиво і зручно.",1,['стільці'],2,"[[6.88, 6.5], [6.88, 6.62]]","['зручно', 'красиво']",['AMBIENCE#GENERAL']
ukr,restaurant,20784:8_876,"Шашлик свіжий, тане, ніякого жиру і кісток.",1,['шашлик'],3,"[[7.12, 6.62], [7.2, 6.5], [7.5, 7.1]]","['ніякого жиру і кісток', 'свіжий', 'тане']",['FOOD#QUALITY']
ukr,restaurant,20784:12_878,"Порції цілком нормальні, не величезні, але і не маленькі.",1,['порції'],3,"[[5.0, 3.5], [5.12, 3.75]]","['не величезні', 'не маленькі', 'цілком нормальні']",['FOOD#STYLE_OPTIONS']
ukr,restaurant,20861:3_882,"На великих екранах транслюється Fashion. приємний, спокійний інтер'єр для дружніх зустрічей.",1,"[""інтер'єр""]",2,"[[6.5, 5.8], [6.8, 6.2]]","['приємний', 'спокійний']",['AMBIENCE#GENERAL']
ukr,restaurant,21574:2_901,"Що відразу ж приємно здивувало, офіціантки!!!-все як на підбір посміхаються абсолютно щиро і доброзичливо, а не з метою отримати чайові (до того ж які чайові-це ж бенкет), зустрічають, проводжають, а протягом усього свята ненав'язливо ""як невидимки"" міняли страви, в той же час коли треба було-вони відразу з'являлися)",1,['офіціантки'],7,"[[6.33, 5.5], [7.25, 7.25], [7.38, 6.62], [7.46, 7.23], [7.67, 7.5], [7.67, 7.83], [7.83, 7.5]]","['все як на підбір', ""відразу з'являлися"", 'доброзичливо', ""ненав'язливо"", 'ненав\'язливо ""як невидимки"" міняли страви', 'посміхаються абсолютно щиро', 'приємно здивувало']",['SERVICE#GENERAL']
ukr,restaurant,21574:5_903,"Дуже сподобався салат з креветками і листям, рулетики з баклажанів (начинка включала в себе волоські горіхи, інше не зрозуміла))), холодний рибний рулет і, корюшка, фарширована рисом і овочами-воістину красиве і смачне блюдо.",1,"['корюшка, фарширована рисом і овочами']",3,"[[7.38, 6.88], [7.83, 7.0], [8.0, 7.67]]","['Дуже сподобався', 'воістину красиве', 'смачне']",['FOOD#QUALITY']
ukr,restaurant,21574:5_903,"Дуже сподобався салат з креветками і листям, рулетики з баклажанів (начинка включала в себе волоські горіхи, інше не зрозуміла))), холодний рибний рулет і, корюшка, фарширована рисом і овочами-воістину красиве і смачне блюдо.",1,['блюдо'],2,"[[7.5, 6.9], [7.83, 7.0]]","['воістину красиве', 'смачне']",['FOOD#QUALITY']
ukr,restaurant,21716:1_907,"Спілкувалися завжди з менеджером Катериною, яка відповідала на всі наші запитання, багато в чому йшла нам на зустріч, і все, що було домовлено - було зроблено.",1,['менеджером'],3,"[[6.67, 5.67], [7.0, 6.12], [7.33, 6.33]]","['відповідала на всі наші запитання', 'йшла нам на зустріч', 'що було домовлено - було зроблено']",['SERVICE#GENERAL']
ukr,restaurant,21716:6_910,"Гаряче, а саме шашлик зі свинини і лосось, зроблені дуже добре, все м'яко і соковито.",1,['гаряче'],3,"[[7.5, 6.75], [7.5, 7.33], [7.67, 7.5]]","['дуже добре', ""м'яко"", 'соковито']",['FOOD#QUALITY']
ukr,restaurant,21716:6_910,"Гаряче, а саме шашлик зі свинини і лосось, зроблені дуже добре, все м'яко і соковито.",1,['шашлик зі свинини'],3,"[[7.5, 6.75], [7.5, 7.12], [7.5, 7.33]]","['дуже добре', ""м'яко"", 'соковито']",['FOOD#QUALITY']
ukr,restaurant,21716:6_910,"Гаряче, а саме шашлик зі свинини і лосось, зроблені дуже добре, все м'яко і соковито.",1,['лосось'],3,"[[7.5, 6.75], [7.5, 7.12], [7.5, 7.33]]","['дуже добре', ""м'яко"", 'соковито']",['FOOD#QUALITY']
ukr,restaurant,21856:1_914,"Подзвонила замовити столик, відповів приємний молода людина Євген, забронював нам столик враховуючи всі наші побажання, за що йому окреме величезне ДЯКУЮ!!!!!!",1,['молода людина'],2,"[[6.9, 6.3], [8.5, 8.5]]","['величезне ДЯКУЮ', 'приємний']",['SERVICE#GENERAL']
ukr,restaurant,21856:3_916,"Обслуговувала нас чудова дівчина,ввічливо і терпляче відповідала на всі наші запитання.",1,['дівчина'],3,"[[6.83, 6.17], [6.83, 6.33], [7.8, 7.3]]","['ввічливо', 'терпляче відповідала', 'чудова']",['SERVICE#GENERAL']
ukr,restaurant,21856:4_917,"Кухня чудова, порції величезні, поворам окреме спасибі!!!!!!!!!",1,['кухня'],2,"[[7.83, 8.5], [8.3, 7.9]]","['окреме спасибі', 'чудова']",['FOOD#QUALITY']
ukr,restaurant,22527:3_931,"Обслуговування прекрасне: тарілки прибирали відразу, нові страви приносили швидко, так що нічого не треба було чекати.",1,['обслуговування'],4,"[[7.5, 7.67], [7.67, 7.83], [7.8, 7.4]]","['нічого не треба було чекати', 'прекрасне', 'прибирали відразу', 'приносили швидко']",['SERVICE#GENERAL']
ukr,restaurant,22970:0_933,"Дуже просторо і світло, інтер'єр в моєму улюбленому стилі:)",1,"[""інтер'єр""]",3,"[[7.17, 7.0], [8.0, 7.5], [8.0, 7.67]]","['Дуже просторо', 'світло', 'улюбленому']",['AMBIENCE#GENERAL']
ukr,restaurant,22975:2_939,"Обслуговував дуже приємний молода людина, який постійно посміхався і порадив нам гарні страви.",1,['молода людина'],2,"[[6.5, 5.83], [7.6, 6.8]]","['дуже приємний', 'посміхався']",['SERVICE#GENERAL']
ukr,restaurant,23369:4_941,"Народу було небагато, обстановка дуже затишна і розташовує до довгих посиденьок.",1,['обстановка'],2,"[[7.67, 7.67], [7.8, 7.2]]","['дуже затишна', 'розташовує']",['AMBIENCE#GENERAL']
ukr,restaurant,23369:7_943,"Дуже пощастило з офіціантом, який дуже люб'язно і оперативно нас обслуговував.",1,['офіціантом'],3,"[[7.0, 6.5], [7.5, 7.0], [8.12, 7.62]]","['Дуже пощастило', ""дуже люб'язно"", 'оперативно']",['SERVICE#GENERAL']
ukr,restaurant,23369:10_944,"Що можна сказати про кухню...гаряче дуже порадувало, особливо смачно приготовлено м'ясо-ніжне соковите, смачно приготовлені овочі.",1,"[""м'ясо""]",3,"[[7.0, 6.5], [7.12, 6.62], [7.7, 7.2]]","['ніжне', 'особливо смачно', 'соковите']",['FOOD#QUALITY']
ukr,restaurant,23858:3_950,Порадувало і наявність свого пива за прийнятною ціною і непоганого смаку.,1,['пива'],2,"[[5.6, 4.0], [6.38, 5.62]]","['непоганого', 'прийнятною ціною']","['DRINKS#PRICES', 'DRINKS#QUALITY']"
ukr,restaurant,23858:13_954,"Так що вечір вдалося врятувати, а від Глобуса залишився важкий неприємний осад...",1,['глобуса'],2,"[[2.83, 6.5], [3.0, 6.33]]","['важкий', 'неприємний']",['RESTAURANT#GENERAL']
ukr,restaurant,23878:6_956,"Меню різноманітне, ціни адекватні.",1,['меню'],2,"[[6.25, 5.62], [7.0, 6.4]]","['адекватні', 'різноманітне']","['FOOD#STYLE_OPTIONS', 'RESTAURANT#PRICES']"
ukr,restaurant,24132:1_962,Шалено подобається інтер'єр своєю вишуканою простотою - затишно і тепло.,1,"[""інтер'єр""]",4,"[[7.5, 7.25], [8.0, 8.0], [8.75, 8.88]]","['Шалено подобається', 'вишуканою простотою', 'затишно', 'тепло']",['AMBIENCE#GENERAL']
ukr,restaurant,24132:3_964,"Окреме спасибі за обслуговування нашій офіціантці (на жаль, імені не знаю) – чудово знала меню, ненав'язливо допомагала визначитися з вибором страв",1,['офіціантці'],2,"[[6.33, 5.5], [7.67, 7.33]]","[""ненав'язливо"", 'чудово']",['SERVICE#GENERAL']
ukr,restaurant,24132:9_969,"Так що якщо хочете провести час в затишній, що розташовує, доброзичливій атмосфері і при цьому смачно поїсти, то Кухня - саме те, що треба",1,['атмосфері'],3,"[[7.3, 6.7], [7.4, 6.8]]","['доброзичливій', 'затишній', 'що розташовує']",['AMBIENCE#GENERAL']
ukr,restaurant,24132:9_969,"Так що якщо хочете провести час в затишній, що розташовує, доброзичливій атмосфері і при цьому смачно поїсти, то Кухня - саме те, що треба",1,['кухня'],2,"[[7.0, 6.33], [7.38, 6.38]]","['саме те, що треба', 'смачно']","['FOOD#QUALITY', 'RESTAURANT#GENERAL']"
ukr,restaurant,24217:4_974,"Оздоблення скрізь використане недороге, але сам простір виглядає затишно і святково.",1,['простір'],2,"[[7.0, 6.5], [7.1, 6.6]]","['затишно', 'святково']",['AMBIENCE#GENERAL']
ukr,restaurant,24275:3_985,"Кухня теж дуже порадувала, класичні італійські страви були напрочуд смачні і вкрай автентичні.",1,['італійські страви'],2,"[[7.62, 6.88], [7.9, 7.2]]","['вкрай автентичні', 'напрочуд смачні']",['FOOD#QUALITY']
ukr,restaurant,24275:8_988,"Загалом для нас це відвідування було приємним відкриттям, що недалеко від будинку є місце де можна смачно поїсти в теплій обстановці всією сім'єю.",1,['місце'],2,"[[6.67, 6.0], [7.0, 6.67]]","['приємним', 'смачно поїсти']",['RESTAURANT#GENERAL']
ukr,restaurant,24501:0_990,"Хотіла б висловити подяку за, несподівано приємне враження, яке справив на мене персонал і атмосфера вашого ресторану!",1,['ресторану'],2,"[[6.67, 6.0], [7.5, 7.67]]","['висловити подяку', 'несподівано приємне враження']",['RESTAURANT#GENERAL']
ukr,restaurant,24501:1_991,"Ми приїхали компанією 14.02, заздалегідь забронювавши столик. Дівчина по телефону була дуже привітна та ввічлива. Коли ми зайшли в ресторан, нас одразу зустріли і провели до бажаного столика на терасі з видом на причал. Офіціантка — молодець, вона не змусила себе довго чекати і чудально орієнтувалася в меню, допомогла нам обрати бажані страви.",1,['дівчина'],2,"[[6.9, 6.5], [7.5, 6.75]]","['ввічлива', 'дуже привітна']",['SERVICE#GENERAL']
ukr,restaurant,24501:1_991,"Ми приїхали компанією 14.02, заздалегідь забронювавши столик. Дівчина по телефону була дуже привітна та ввічлива. Коли ми зайшли в ресторан, нас одразу зустріли і провели до бажаного столика на терасі з видом на причал. Офіціантка — молодець, вона не змусила себе довго чекати і чудально орієнтувалася в меню, допомогла нам обрати бажані страви.",1,['офіціантка'],3,"[[7.0, 7.0], [7.3, 6.7], [7.62, 7.25]]","['допомогла', 'молодець', 'чудально орієнтувалася']",['SERVICE#GENERAL']
ukr,restaurant,24578:2_993,"Ресторан досить затишний, мила домашня обстановка.",1,['обстановка'],2,"[[6.6, 6.0], [6.88, 6.88]]","['домашня', 'мила']",['AMBIENCE#GENERAL']
ukr,restaurant,25507:14_1018,"Взагалі враження залишилися приємні офіціантка яка нас обслуговувала дуже приємна і проста дівчина, чого звичайно не можна сказати про адміністраторів..але так Бог з ними!!",1,['дівчина'],2,"[[6.5, 5.9], [7.5, 6.75]]","['дуже приємна', 'проста']",['SERVICE#GENERAL']
ukr,restaurant,25709:5_1019,На вході дівчата запитали про наші уподобання і проводили на другий поверх.,1,['дівчата'],2,"[[6.38, 5.62], [6.67, 6.67]]","['запитали про наші уподобання', 'проводили']",['SERVICE#GENERAL']
ukr,restaurant,25709:9_1021,Досить приємна тиха музика і легка напівтемрява.,1,['музика'],2,"[[6.38, 5.75], [6.6, 5.7]]","['Досить приємна', 'тиха']",['AMBIENCE#GENERAL']
ukr,restaurant,25753:3_1027,"Дуже сподобалося обслуговування-професійне, ненав'язливе, доброзичливе.",1,['обслуговування'],4,"[[7.12, 6.88], [7.38, 7.25], [7.5, 7.38], [8.12, 7.62]]","['Дуже сподобалося', 'доброзичливе', ""ненав'язливе"", 'професійне']",['SERVICE#GENERAL']
ukr,restaurant,25861:4_1033,"Обслуговування не сподобалося-готують ( або приносять??) замовлення дуже довго, враховуючи що обидва рази ресторан був напівпорожній...",1,['обслуговування'],2,"[[2.0, 8.33], [2.7, 6.5]]","['дуже довго', 'не сподобалося']",['SERVICE#GENERAL']
ukr,restaurant,25960:0_1035,Перші місяці після відкриття просто не могли натішитися такому класному містечку.,1,['містечку'],2,"[[7.6, 7.4], [8.12, 7.88]]","['класному', 'не могли натішитися']",['RESTAURANT#GENERAL']
ukr,restaurant,26022:1_1040,"Заклад дуже приємний, маленький затишний-але це скоріше кафе, ніж ресторан.",1,['заклад'],2,"[[6.83, 6.33], [7.17, 6.0]]","['дуже приємний', 'затишний']",['AMBIENCE#GENERAL']
ukr,restaurant,26022:3_1041,"Велике спасибі гардеробнику-офіціанту-бармену в одній особі, симпатичному і доброзичливому афроамериканцю ))",1,['афроамериканцю'],2,"[[6.8, 6.2], [6.9, 6.3]]","['доброзичливому', 'симпатичному']",['SERVICE#GENERAL']
ukr,restaurant,26152:16_1051,"Салат від шеф-кухаря з куркою — нічого зайвого, нічого незвичайного, але смачно.",1,['салат від шеф-кухаря з куркою'],2,"[[6.33, 5.67], [6.9, 6.1]]","['нічого зайвого', 'смачно']",['FOOD#QUALITY']
ukr,restaurant,26330:1_1058,"Були приємно здивовані простотою інтер'єру,якістю кухні(спасибі величезне шеф кухарю), величезний вибір закусок до пива.",1,['кухні'],2,"[[6.88, 6.25], [8.17, 8.17]]","['приємно здивовані', 'спасибі величезне']",['FOOD#QUALITY']
ukr,restaurant,26330:2_1059,"Особливо сподобалися ""перчики халапена"" (здається так називалося це незрівнянне блюдо),помірні ціни, великі порції.",1,['перчики халапена'],2,"[[7.88, 7.62], [8.67, 8.0]]","['Особливо сподобалися', 'незрівнянне блюдо']",['FOOD#QUALITY']
ukr,restaurant,26330:2_1059,"Особливо сподобалися ""перчики халапена"" (здається так називалося це незрівнянне блюдо),помірні ціни, великі порції.",1,['порції'],2,"[[7.2, 6.6], [7.33, 7.0]]","['великі', 'помірні ціни']","['FOOD#PRICES', 'FOOD#STYLE_OPTIONS']"
ukr,restaurant,26330:5_1061,"Дівчина, яка нас обслуговувала, з рідкісним ім'ям Антоніна, добре розуміється на представленій рестораном їжі і вміло порекомендувала нам різні закуски.",1,['дівчина'],2,"[[6.67, 6.0], [7.0, 6.33]]","['вміло', 'добре']",['SERVICE#GENERAL']
ukr,restaurant,26887:1_1067,"Але останнім часом і кухня і обслуговування погіршилися: то суші були настільки солоними, що є їх було неможливо, то пиріжок до першої страви був поданий після того, як саме перше було з'їдено.",1,['суші'],2,"[[1.33, 8.5], [1.83, 7.83]]","['настільки солоними', 'неможливо']",['FOOD#QUALITY']
ukr,restaurant,26887:12_1069,"Для ресторану такого рівня не допустимо, щоб розхлябаність і невиконавчальність персоналу позначалися на загальному враженні про заклад.",1,['персоналу'],2,"[[2.2, 7.3], [2.3, 7.2]]","['невиконавчальність', 'розхлябаність']",['SERVICE#GENERAL']
ukr,restaurant,27169:7_1076,"Ціни прийнятні, страви оригінальні, зі смаком оформлені, і, найголовніше, все дуже смачно, порції хороші.",1,['страви'],3,"[[7.0, 6.33], [7.62, 6.88]]","['дуже смачно', 'зі смаком', 'оригінальні']","['FOOD#QUALITY', 'FOOD#STYLE_OPTIONS']"
ukr,restaurant,27169:11_1080,"Хочу відзначити доброзичливе, ввічливе, уважне і при цьому ненав'язливе обслуговування!",1,['обслуговування'],4,"[[6.6, 6.0], [6.9, 6.4], [7.25, 7.12]]","['ввічливе', 'доброзичливе', ""ненав'язливе"", 'уважне']",['SERVICE#GENERAL']
ukr,restaurant,27539:4_1089,"А в іншому все прекрасно: і дівчина адміністратор (допомогла нам зробити вибір страв), затишна атмосфера, в залі не накуренно, обслуговування дуже навіть швидке, офіціатки уважні, їжа смачна.",1,['дівчина адміністратор'],2,"[[6.83, 6.17], [8.0, 7.67]]","['допомогла', 'прекрасно']",['SERVICE#GENERAL']
ukr,restaurant,27539:5_1090,"В цілому пристойний китайський ресторан, їжа звичайно трохи дорожче, ніж скажімо в ""Харбіні"", але ресторан того вартий.",1,['китайський ресторан'],2,"[[4.75, 3.62], [6.38, 5.62]]","['пристойний', 'трохи дорожче']","['RESTAURANT#GENERAL', 'RESTAURANT#PRICES']"
ukr,restaurant,27569:13_1099,"Так що якщо потрібно спокійне, приємне місце, де можна смачно і недорого поїсти, Арагві - найкращий варіант!приходьте, не пошкодуєте!",1,['арагві'],2,"[[6.88, 6.38], [8.33, 7.67]]","['найкращий', 'недорого']","['RESTAURANT#GENERAL', 'RESTAURANT#PRICES']"
ukr,restaurant,27629:4_1106,"Офіціантка, як ніби під легкими наркотиками слухала не уважно і не чого не записувала, в результаті після 25 хвилинного очікування принесли не те блюдо, яке замовляли.",1,['офіціантка'],3,"[[2.2, 7.3], [2.33, 7.5], [3.0, 6.33]]","['не уважно', 'не чого не записувала', 'як ніби під легкими наркотиками']",['SERVICE#GENERAL']
ukr,restaurant,27629:7_1108,Кухня претензійна і не смачна.,1,['кухня'],2,"[[2.5, 6.8], [2.8, 6.6]]","['не смачна', 'претензійна']",['FOOD#QUALITY']
ukr,restaurant,27816:2_1114,"Прекрасне банкетне меню, гарна кухня та дуже демократичні ціни.",1,['кухня'],2,"[[6.9, 6.4], [7.5, 7.0]]","['гарна', 'дуже демократичні']","['FOOD#PRICES', 'FOOD#QUALITY']"
ukr,restaurant,27816:6_1116,"Атмосфера позитивна домашня, тому що затишна обстановка і привітний персонал.",1,['атмосфера'],2,"[[6.75, 6.25], [7.0, 6.5]]","['домашня', 'позитивна']",['AMBIENCE#GENERAL']
ukr,restaurant,27841:1_1120,"Відразу було зачарована обслуговуючим персоналом: зустрічають так, як ніби чекали саме тебе і дуже раді візиту.",1,['обслуговуючим персоналом'],3,"[[7.9, 7.6], [8.17, 7.67], [8.25, 7.88]]","['дуже раді візиту', 'зачарована', 'як ніби чекали саме тебе']",['SERVICE#GENERAL']
ukr,restaurant,27841:10_1127,"Обслуговування на 10, все вчасно, мило і з посмішкою.",1,['обслуговування'],4,"[[7.5, 7.25], [7.5, 7.5], [8.67, 8.33]]","['все вчасно', 'з посмішкою', 'мило', 'на 10']",['SERVICE#GENERAL']
ukr,restaurant,27925:3_1129,Обслуговування хороше нас зустрів метрдотель і провів до столика який відмінно нам подашел.,1,['метрдотель'],2,"[[6.17, 5.67], [7.0, 6.83]]","['зустрів', 'провів до столика який відмінно нам подашел']",['SERVICE#GENERAL']
ukr,restaurant,27925:6_1131,"На наш не великий банкетик ми замовили пару приємних страв, я замовила собі равлики дуже смачно було і зовсім недорого приблизно 300 рублів по-моєму, мій хлопець замовив страви з м'яса на мангалі, яких у них повно, йому не догодиш зазвичай, а тут сподобалося його друзі теж замовили по порції різного м'яса на мангалі теж дуже сподобалися!",1,['равлики'],2,"[[7.8, 7.0], [7.83, 7.5]]","['дуже смачно', 'зовсім недорого']","['FOOD#PRICES', 'FOOD#QUALITY']"
ukr,restaurant,27925:8_1133,"Загалом ми залишилися шалено задоволені проведеним ввечері в цьому ресторані, так що всім радимо))",1,['ресторані'],2,"[[7.75, 7.5], [8.5, 7.9]]","['всім радимо', 'шалено задоволені']",['RESTAURANT#GENERAL']
ukr,restaurant,28083:8_1136,"Персонал ввічливий, ніхто нам не хамив і не обраховував.",1,['персонал'],3,"[[6.9, 6.3], [7.17, 7.33]]","['ввічливий', 'не обраховував', 'не хамив']",['SERVICE#GENERAL']
ukr,restaurant,28112:5_1140,Порції великі і дуже ситні.,1,['порції'],2,"[[7.1, 6.6], [7.6, 7.0]]","['великі', 'дуже ситні']",['FOOD#STYLE_OPTIONS']
ukr,restaurant,28112:20_1147,"І поїсти можна, і поговорити (музика дуже приємна і неголосна) і даму привести і День народження відзначити.",1,['музика'],2,"[[6.62, 6.12], [7.4, 6.6]]","['дуже приємна', 'неголосна']",['AMBIENCE#GENERAL']
ukr,restaurant,28258:1_1148,"Першим нас зустрів паркувальник, допоміг припаркуватися і навіть відчинив двері та ввічливо нас привітав.",1,['паркувальник'],2,"[[7.0, 6.38], [7.17, 7.17]]","['ввічливо', 'допоміг']",['SERVICE#GENERAL']
ukr,restaurant,28275:4_1159,"Приємний, що розташовує інтер'єр, зручні диванчики.",1,"[""інтер'єр""]",2,"[[6.7, 6.1], [7.0, 6.75]]","['Приємний', 'що розташовує']",['AMBIENCE#GENERAL']
ukr,restaurant,28275:6_1160,"Дівчина, яка обслуговувала наш столик (на жаль, не знаю, як її звати), була уважна й привітна, із задоволенням відповідала на всі наші запитання.",1,['дівчина'],3,"[[6.8, 6.4], [7.17, 7.0]]","['привітна', 'уважна', 'із задоволенням відповідала на всі наші запитання']",['SERVICE#GENERAL']
ukr,restaurant,28585:6_1165,Страв в меню не багато але вибрати є з чого!,1,['страв'],2,"[[6.5, 5.5], [6.67, 6.0]]","['вибрати є з чого', 'не багато']",['FOOD#STYLE_OPTIONS']
ukr,restaurant,28612:1_1168,"Дуже приємний і ввічливий персонал, вже на вході зустрічають, складається відчуття, що давно чекали в гості.",1,['персонал'],3,"[[6.9, 6.5], [7.62, 7.5], [7.67, 7.33]]","['Дуже приємний', 'ввічливий', 'відчуття, що давно чекали в гості']",['SERVICE#GENERAL']
ukr,restaurant,28612:4_1171,"Дуже сподобалося, що звучить тиха і спокійна музика, дуже розслаблююча обстановка.",1,['музика'],3,"[[6.7, 6.0], [8.12, 7.62]]","['Дуже сподобалося', 'спокійна', 'тиха']",['AMBIENCE#GENERAL']
ukr,restaurant,28612:5_1172,"Приголомшливий інтер'єр, немов потрапляєш в казку.",1,"[""інтер'єр""]",2,"[[8.5, 8.12], [8.5, 8.25]]","['Приголомшливий', 'немов потрапляєш в казку']",['AMBIENCE#GENERAL']
ukr,restaurant,28710:6_1174,"Інтер'єр, звичайно, вражає відразу,вже на вулиці все дуже мило гарненька ялинка і туї, ліхтарики новорічний настрій,всередині затишно і шикарно,м'які дивани, свічки, білий рояль.",1,['свічки'],2,"[[7.0, 6.83], [7.5, 7.33]]","['затишно', 'шикарно']",['AMBIENCE#GENERAL']
ukr,restaurant,28710:6_1174,"Інтер'єр, звичайно, вражає відразу,вже на вулиці все дуже мило гарненька ялинка і туї, ліхтарики новорічний настрій,всередині затишно і шикарно,м'які дивани, свічки, білий рояль.",1,['білий рояль'],2,"[[7.0, 6.83], [7.5, 7.33]]","['затишно', 'шикарно']",['AMBIENCE#GENERAL']
ukr,restaurant,28710:9_1176,"Персонал можу сказати мене теж порадував, на вході нас зустріла усміхнена хостес вже відразу враження позитивне і до кінця вечора воно таким і залишилося!",1,['хостес'],2,"[[6.75, 6.38], [7.5, 7.17]]","['вже відразу враження позитивне', 'усміхнена']",['SERVICE#GENERAL']
ukr,restaurant,28710:10_1177,"Офіціанти теж дуже уважні і ввічливі, не можу згадати моменту, коли б нам щось не сподобалося!",1,['офіціанти'],2,"[[7.0, 6.6], [7.7, 7.0]]","['ввічливі', 'дуже уважні']",['SERVICE#GENERAL']
ukr,restaurant,28710:11_1178,"Загалом відмінний ресторан, всім рекомендую і з задоволенням повернуся туди сам.",1,['ресторан'],3,"[[7.5, 7.5], [7.67, 7.33], [7.7, 7.2]]","['всім рекомендую', 'відмінний', 'з задоволенням повернуся']",['RESTAURANT#GENERAL']
ukr,restaurant,28745:1_1179,"Я вибрав ""Мідзукі"" грунтуючись на відгуках з цього сайту, і не помилився - дуже затишне місце, смачна їжа (замовляли роли і рис з куркою), музика ненав'язлива і тиха.",1,['музика'],2,"[[6.4, 5.6], [6.6, 5.8]]","[""ненав'язлива"", 'тиха']",['AMBIENCE#GENERAL']
ukr,restaurant,29298:4_1184,"В цілому, дуже гарне, гідне заклад, щоправда засмучує те, що столики на четвер, п'ятницю і вихідні треба бронювати десь за 3 тижні",1,['заклад'],2,"[[7.0, 6.1], [7.4, 6.8]]","['гідне', 'дуже гарне']",['RESTAURANT#GENERAL']
ukr,restaurant,29321:4_1187,"Дуже гарний інтер'єр, такий ніжний і затишний.",1,"[""інтер'єр""]",3,"[[7.0, 6.25], [7.1, 6.5], [8.12, 7.75]]","['Дуже гарний', 'затишний', 'ніжний']",['AMBIENCE#GENERAL']
ukr,restaurant,29321:6_1188,"Далі що...меню різноманітне, на будь-який смак, але при детальному розгляді в результаті зупинилася на рибі, тому як особисто мені більше нічого не сподобалося (піцу поїсти можна в інших більш спеціалізованих місцях, паста...ну це я і вдома зроблю, суп..не для свята).",1,['меню'],2,"[[7.0, 6.3], [7.33, 7.0]]","['на будь-який смак', 'різноманітне']",['FOOD#STYLE_OPTIONS']
ukr,restaurant,29321:7_1189,"Ціни на вино просто шалені..хоча, може для такого ресторану це і нормально, але ось в співвідношенні з їжею мені здалося дорого!",1,['вино'],2,"[[1.12, 8.25], [2.17, 7.67]]","['дорого', 'просто шалені']",['DRINKS#PRICES']
ukr,restaurant,29321:8_1190,"Загалом в цілому кухня наближена до італійської, але ось чогось супер феєричного я не побачила, тому тільки 8.",1,['кухня'],2,"[[6.33, 5.33], [6.75, 6.0]]","['тільки 8', 'чогось супер феєричного я не побачила']",['FOOD#QUALITY']
ukr,restaurant,29350:1_1194,"У ресторані дуже смачна їжа, зокрема-суші, роли,свинячий шашлик, теплий мексиканський салат(рекомендую)!!! 2.",1,['теплий мексиканський салат'],2,"[[7.4, 7.0], [8.17, 7.83]]","['дуже смачна', 'рекомендую']",['FOOD#QUALITY']
ukr,restaurant,29350:2_1195,"Злегка не затишно, від великого простору і небагато прохолодно (взимку), але влітку - це супер види з вікна! 3.",1,['великого простору'],2,"[[3.33, 5.33], [3.33, 6.67]]","['Злегка не затишно', 'небагато прохолодно']",['AMBIENCE#GENERAL']
ukr,restaurant,29350:4_1197,"Персонал дуже ввічливий (особливо офіціантка Анастасія),привітний і добре знає склад страв, що не менш важливо.",1,['персонал'],3,"[[6.88, 6.5], [7.33, 7.33], [7.7, 6.9]]","['добре знає склад страв', 'дуже ввічливий', 'привітний']",['SERVICE#GENERAL']
ukr,restaurant,29383:8_1202,"Голосно грає музика тому офіцанток незватися і нечують іноді страви для замовлення, сидиш чекаєш 50 хв, а виявляється воно не замовлено чекаєш ще 50 хв (так написано вменю час приготування 40-50 хв).",1,['офіцанток'],2,"[[2.5, 7.33], [2.75, 6.88]]","['незватися', 'нечують']",['SERVICE#GENERAL']
ukr,restaurant,29383:9_1203,Дівчина офіцантка весь час говорила що вона це не готує швидше не може и дуже замучений вид.,1,['офіцантка'],2,"[[1.67, 8.0], [2.67, 7.0]]","[' швидше не мож', 'дуже замучений вид']",['SERVICE#GENERAL']
ukr,restaurant,29395:6_1208,"Ми їли, їли, і ніяк не могли насолодитися їжею, вона була такою смачною, незвичайною, тому що я була перший раз в грузинському ресторані.",1,['їжею'],3,"[[7.17, 6.5], [8.0, 7.5], [8.67, 8.67]]","['незвичайною', 'ніяк не могли насолодитися', 'такою смачною']",['FOOD#QUALITY']
ukr,restaurant,30201:4_1219,"Пиво розливне приносили не те що без піни, без бульбашок....",1,['пиво'],2,"[[2.17, 7.33], [3.33, 6.33]]","['без бульбашок', 'приносили не те']",['DRINKS#QUALITY']
ukr,restaurant,30368:6_1224,"Кухня порадувала, велика пивна тарілка, дійсно виявилася великою і смачною!",1,['пивна тарілка'],2,"[[7.0, 6.33], [7.33, 7.0]]","['великою', 'смачною']",['FOOD#QUALITY']
ukr,restaurant,30368:12_1228,"Загалом хороша, душевна обстановка.",1,['обстановка'],2,"[[6.75, 6.25], [7.0, 6.4]]","['душевна', 'хороша']",['AMBIENCE#GENERAL']
ukr,restaurant,31004:14_1236,"Ціни загалом, середні, але при такій кухні абсолютно невиправдані.",1,['кухні'],2,"[[1.83, 8.17], [2.17, 6.83]]","['абсолютно невиправдані', 'при такій']","['FOOD#PRICES', 'FOOD#QUALITY']"
ukr,restaurant,31071:1_1238,"По-перше, дуже шумно: зал невеликий і коли всі разом розмовляють (а відвідувачів було багато), виходить такий гул, що не чути, про що говорять твої супутники, що сидять навпроти і самі столи розташовані досить близько один до одного.",1,['зал'],3,"[[2.0, 8.0], [2.17, 7.67], [4.33, 5.0]]","['дуже шумно', 'невеликий', 'такий гул']",['AMBIENCE#GENERAL']
ukr,restaurant,31071:3_1239,"По-третє, обслуговування: було дуже неприємно топтатися в центрі залу у верхньому одязі (всі офіціанти бігали по залу, ніхто не зустрів і не показав де гардероб - він виявився шафою між туалетами:)), офіціантка приносила спочатку страви, а потім вже прилади, рахунок несли досить довго, коли йшли, дівчина з гардероба видала не всі куртки і пішла... дрібниці, але з них складається враження.",1,['офіціанти'],2,"[[2.88, 6.5], [3.17, 6.0]]","['не показав', 'ніхто не зустрів']",['SERVICE#GENERAL']
zho,laptop,6699557:S020,重量真的輕，鍵盤分離還可開啟藍芽使用也很方便。,1,['鍵盤'],3,"[[5.5, 4.75], [5.75, 4.75], [6.5, 6.17]]","['分離', '可開啟藍芽使用', '很方便']","['KEYBOARD#DESIGN_FEATURES', 'KEYBOARD#GENERAL']"
zho,laptop,6699348:S459,"好美的筆電,讚啦",1,['筆電'],2,"[[6.62, 6.25], [6.83, 6.67]]","['好美', '讚啦']","['LAPTOP#DESIGN_FEATURES', 'LAPTOP#GENERAL']"
zho,laptop,6699348:S1087,難得有比較入門規格可以選240Hz讚～,1,['規格'],2,"[[5.88, 5.25], [6.5, 6.25]]","['240Hz讚', '難得有比較入門']",['LAPTOP#DESIGN_FEATURES']
zho,laptop,6934270:S011,ACERPredatorPH16-72這台還不錯畫面更新率跟CPU都是最新的搭4080應該可以跑很多3A的大作遊戲了有攜帶需求的話可以取代桌機使用,1,['acerpredatorph16-72'],2,"[[6.25, 5.62], [6.88, 6.38]]","['可以跑很多3A的大作遊戲', '還不錯']","['LAPTOP#GENERAL', 'LAPTOP#USABILITY']"
zho,laptop,6926278:S002,"不過主打創作者也能使用的Blade14MercuryEdition2024並沒有備上SD或MicroSD記憶卡插槽，這點倒是讓我有點摸不著頭緒沒有SD讀卡機真的很無言，不管是smartcard還是標準SD或是microSD都沒有，就算不考慮""創作""，但這麼高貴的價格(10萬)，也有14""的大小，竟然沒有讀卡機，實在對不起他的價格。",1,['價格'],2,"[[3.5, 6.0], [3.88, 5.5]]","['實在對不起', '這麼高貴']",['LAPTOP#PRICE']
zho,laptop,7120838:S026,續航長，不帶充電器出門也不用怕。,1,['續航'],2,"[[6.0, 5.0], [6.12, 5.25]]","['不帶充電器出門也不用怕', '長']",['LAPTOP#OPERATION_PERFORMANCE']
zho,laptop,7072999:S019,我覺得看FA507NV比較好，AMD+4060顯卡，而且CP值也比較高，也能玩大部分遊戲了,1,['fa507nv'],2,"[[6.0, 6.0], [6.75, 5.75]]","['比較好', '能玩大部分遊戲']","['LAPTOP#GENERAL', 'LAPTOP#OPERATION_PERFORMANCE']"
zho,laptop,6948863:S006,M5406NA這台玫瑰金很漂亮耶，效能的話會比你現在的好，記憶體也有到16GB，我覺得還行,1,['m5406na'],2,"[[5.75, 5.25], [7.0, 6.88]]","['很漂亮', '還行']","['LAPTOP#DESIGN_FEATURES', 'LAPTOP#GENERAL']"
zho,laptop,6772787:S195,很愛這種方方正正的外型好看好看!!!!,1,['方方正正的外型'],2,"[[6.5, 5.0], [7.0, 6.5]]","['好看', '很愛']",['LAPTOP#DESIGN_FEATURES']
zho,laptop,6935598:S234,電競筆電真的不推14吋，傷眼又玩的不舒適，還是看MD實在,1,['14吋'],3,"[[3.67, 5.17], [3.75, 5.12], [4.0, 4.75]]","['不推', '傷眼', '玩的不舒適']","['DISPLAY#GENERAL', 'DISPLAY#OPERATION_PERFORMANCE']"
zho,laptop,6944839:S029,LGgram真的是輕薄極致工藝，雖然價格高，但其他方面無懈可擊。,1,['lggram'],3,"[[6.38, 5.38], [6.75, 6.0], [7.38, 7.25]]","['極致工藝', '無懈可擊', '輕薄']","['LAPTOP#DESIGN_FEATURES', 'LAPTOP#GENERAL', 'LAPTOP#PORTABILITY']"
zho,laptop,6728518:S001,買給長輩蠻適合的螢幕大字體可以調大也可以看的比較清楚也不會太笨重,1,['螢幕'],2,"[[5.67, 5.0], [6.33, 5.83]]","['大', '看的比較清楚']",['DISPLAY#DESIGN_FEATURES']
zho,laptop,6985642:S012,"續航力如此優秀,很吸引人喔～！",1,['續航力'],2,"[[6.62, 6.25], [7.0, 6.75]]","['如此優秀', '很吸引人']","['LAPTOP#GENERAL', 'LAPTOP#OPERATION_PERFORMANCE']"
zho,laptop,6822519:S012,個人推薦HP筆電，質感佳外觀美用起來就是愉快。,1,['hp筆電'],2,"[[6.25, 5.62], [6.83, 5.67]]","['個人推薦', '用起來就是愉快']",['LAPTOP#GENERAL']
zho,laptop,6817949:S018,推LenovoX13gen3大部分的筆電螢幕已經用oled，但個人反而不喜歡，久了就烙印問題無解。,1,['oled'],2,"[[3.88, 5.0], [4.0, 5.12]]","['久了就烙印問題無解', '個人反而不喜歡']",['DISPLAY#DESIGN_FEATURES']
zho,laptop,6923035:S005,"如果會用到4K需求就選1）ThinkBook14+2024(ultra7+4060)32gbram,1TB至少4060顯卡等級強很多對於4K剪片需求有幫助",1,['4060顯卡'],2,"[[6.0, 5.12], [6.62, 6.0]]","['對於4K剪片需求有幫助', '等級強很多']","['GRAPHICS#GENERAL', 'LAPTOP#USABILITY']"
zho,laptop,7053987:S041,不過外觀看起來很古老阿，真的有進步的空間，應該又是吃舊模具的關係???,1,['外觀'],2,"[[3.83, 5.0], [3.83, 6.0]]","['看起來很古老', '真的有進步的空間']",['LAPTOP#DESIGN_FEATURES']
zho,laptop,7033734:S003,我用【瑞米Raymii】R65N5段鋁合金筆電支架筆電架個人感想1.0.59KG有點小重但很穩;折疊後跟平版厚度差不多;沒有小零件會遺失2.,1,['筆電架'],3,"[[4.0, 5.0], [5.38, 5.25], [6.3, 5.7]]","['很穩', '折疊後跟平版厚度差不多', '有點小重']","['HARDWARE#DESIGN_FEATURES', 'HARDWARE#PORTABILITY', 'HARDWARE#QUALITY']"
zho,laptop,6918097:S023,Razer的筆電真的很漂亮，整體的硬體規格就是強用這台來打電玩真的會很開心,1,['razer的筆電'],2,"[[7.1, 6.8], [7.17, 6.17]]","['打電玩真的會很開心', '真的很漂亮']","['LAPTOP#DESIGN_FEATURES', 'LAPTOP#GENERAL']"
zho,laptop,6741164:S001,"小弟的P1gen1觸控螢幕買過兩隻筆(P1gen4也可用)第一隻是去光華聯想旗艦店買的第二隻是旗艦店沒貨,去新光華wacom專櫃買的wacom的筆比較貴但是手感比較好還可換三種筆心兩隻筆的按鈕不一樣電池同種但安裝方向也相反上面是幾年前的事了不知道現在有沒有新款另外如果要比較好的手寫體驗P1得設定螢幕顯示翻轉,然後螢幕和鍵盤換位子,螢幕鋪在桌面因為它開180度時螢幕還是懸空的想手寫一些東西可用免錢的WindowsJournal軟體本想寫專文介紹,不過今天沒空...",1,['wacom的筆'],2,"[[4.5, 5.25], [6.5, 5.62]]","['手感比較好', '比較貴']","['HARDWARE#OPERATION_PERFORMANCE', 'HARDWARE#PRICE']"
zho,laptop,6946311:S135,難得有我覺得欣賞的DELL筆電，真的很合胃口不過這麼高的售價應該很難賣,1,['dell筆電'],2,"[[6.0, 5.33], [7.0, 6.83]]","['真的很合胃口', '難得有我覺得欣賞']",['LAPTOP#GENERAL']
zho,laptop,6946311:S135,難得有我覺得欣賞的DELL筆電，真的很合胃口不過這麼高的售價應該很難賣,1,['售價'],2,"[[4.0, 5.38], [4.0, 6.17]]","['很難賣', '這麼高']",['LAPTOP#PRICE']
zho,laptop,6818071:S263,雙螢幕真的不錯，但也反映價格....,1,['雙螢幕'],2,"[[4.17, 5.0], [6.0, 5.33]]","['反映價格', '真的不錯']","['DISPLAY#DESIGN_FEATURES', 'DISPLAY#PRICE']"
zho,laptop,6767500:S004,這台藍色筆電很美很特別OLED螢幕看起來顏色就是鮮豔感謝分享,1,['筆電'],2,"[[6.17, 5.33], [6.75, 6.62]]","['很特別', '很美']",['LAPTOP#DESIGN_FEATURES']
zho,laptop,6956965:S069,如果是16:10的螢幕更全面更好用。,1,['16:10的螢幕'],2,"[[6.62, 6.0], [6.67, 6.17]]","['更全面', '更好用']",['DISPLAY#GENERAL']
zho,laptop,7040451:S001,買ARM平台的，是CPU的鍋吧，跟品牌關係不大，不管哪家都一樣至於ACER比較沒問題這個不予置評，只能說市佔率跟我自己的經驗可以說問題滿大的ACER的市佔都跌出前5了.....,1,['acer'],2,"[[3.5, 5.5], [3.5, 5.75]]","['不予置評', '問題滿大']",['COMPANY#GENERAL']
zho,laptop,7091887:S013,ThinkPad是我所有筆電中，最喜歡的品牌堅固耐用、品質好，絕對不在話下，原本下一台windows筆電也是想選ThinkPad但似乎最新的型號，已經把小紅點移除了...對我這種從x31就用thinkpad的user來說，沒了小紅點，彷彿就失去靈魂，感覺也跟其他牌子的筆電沒差異了真的很可惜，只好轉向Apple懷抱,1,['thinkpad'],3,"[[6.25, 5.5], [6.83, 7.33]]","['堅固', '最喜歡的品牌', '耐用']","['LAPTOP#GENERAL', 'LAPTOP#QUALITY']"
zho,laptop,7091887:S013,ThinkPad是我所有筆電中，最喜歡的品牌堅固耐用、品質好，絕對不在話下，原本下一台windows筆電也是想選ThinkPad但似乎最新的型號，已經把小紅點移除了...對我這種從x31就用thinkpad的user來說，沒了小紅點，彷彿就失去靈魂，感覺也跟其他牌子的筆電沒差異了真的很可惜，只好轉向Apple懷抱,1,['沒了小紅點'],2,"[[3.5, 6.0], [3.75, 5.25]]","['彷彿就失去靈魂', '真的很可惜']",['LAPTOP#DESIGN_FEATURES']
zho,laptop,7093489:S023,追劇or玩遊戲會推薦TCLNxtpaper14我就是買給我媽這台螢幕大操作又簡單還有護眼很適合長輩,1,['螢幕'],2,"[[5.75, 4.62], [6.5, 5.25]]","['大', '有護眼']","['DISPLAY#DESIGN_FEATURES', 'DISPLAY#GENERAL']"
zho,laptop,7093489:S023,追劇or玩遊戲會推薦TCLNxtpaper14我就是買給我媽這台螢幕大操作又簡單還有護眼很適合長輩,1,['tclnxtpaper14'],2,"[[6.67, 6.17], [6.83, 6.17]]","['很適合長輩', '推薦']",['LAPTOP#GENERAL']
zho,laptop,6850921:S033,聯想的筆電也是不錯用推薦一下,1,['聯想的筆電'],2,"[[6.0, 5.25], [6.12, 5.12]]","['不錯用', '推薦']",['LAPTOP#GENERAL']
zho,laptop,7021545:S115,顯卡可以跑遊戲順順續航又好真不錯,1,['續航'],2,"[[6.17, 5.83], [6.25, 5.38]]","['好', '真不錯']",['BATTERY#OPERATION_PERFORMANCE']
zho,laptop,7021545:S115,顯卡可以跑遊戲順順續航又好真不錯,1,['顯卡'],2,"[[6.0, 5.17], [6.17, 5.83]]","['可以跑遊戲順順', '真不錯']",['GRAPHICS#OPERATION_PERFORMANCE']
zho,laptop,7000679:S003,您的需求彼此抵觸、互斥1.輕便、超薄機種，運算不可能強（因為內部空間不夠，散熱受限！）2.強調邊緣運算、AI運算，表示您要跑得AI功能不在雲端，必須在自己電腦上跑？,1,['機種'],2,"[[6.12, 5.5], [6.25, 5.38]]","['超薄', '輕便']",['LAPTOP#PORTABILITY']
zho,laptop,6948814:S011,感謝心得這片觸控板真的是好用好看,1,['觸控板'],2,"[[6.83, 6.17], [7.12, 6.88]]","['好看', '真的是好用']","['HARDWARE#DESIGN_FEATURES', 'HARDWARE#OPERATION_PERFORMANCE']"
zho,laptop,6904022:S024,雷蛇的筆電真的不錯但是真的很貴用過一些電競筆電雷蛇每次都一定會多看一眼但是能不能買得起就要看荷包,1,['雷蛇的筆電'],3,"[[3.12, 6.25], [6.75, 5.88], [7.0, 6.88]]","['每次都一定會多看一眼', '真的不錯', '真的很貴']","['LAPTOP#GENERAL', 'LAPTOP#PRICE']"
zho,laptop,6747050:S005,感覺好爛，MSI微星也不過如此，沒啥CP值可言。,1,['msi微星'],3,"[[3.17, 6.5], [3.75, 5.0], [3.75, 5.88]]","['不過如此', '好爛', '沒啥CP值可言']","['COMPANY#GENERAL', 'COMPANY#PRICE']"
zho,laptop,6864966:S017,我最喜歡附贈的HyperXCloudIICore無線耳機，搭配上HPOMENTranscend16真的是開會神器!而且HPOMENTranscend16具備有強悍的效能，工作之餘拿來玩遊戲絕對是絕配!,1,['hpomentranscend16'],2,"[[6.83, 5.33], [6.83, 5.5]]","['強悍的效能', '是開會神器']","['LAPTOP#DESIGN_FEATURES', 'LAPTOP#OPERATION_PERFORMANCE']"
zho,laptop,6930659:S058,比起左右雙螢幕，我覺得上下雙螢幕這個設計比較好第一就是眼睛上下看也比左右看輕鬆第二就是對脖子比較友善,1,['上下雙螢幕'],3,"[[6.25, 5.38], [6.33, 5.83]]","['也比左右看輕鬆', '對脖子比較友善', '比較好']",['DISPLAY#DESIGN_FEATURES']
zho,laptop,6848038:S034,感覺經常外出使用應該還是要買商務輕便型筆電，有點後悔買了電競筆電太笨重了假如這台是去年出售，就一定會買下手了,1,['電競筆電'],2,"[[3.75, 5.38], [3.88, 5.25]]","['太笨重', '有點後悔買']","['LAPTOP#GENERAL', 'LAPTOP#PORTABILITY']"
zho,laptop,6810173:S063,說真的，賣的貴，硬體又差，我家買MSI也多年了，感覺越使用越差，價格越來越高。,1,['msi'],2,"[[3.5, 5.88], [3.88, 5.12]]","['貴', '越使用越差']","['LAPTOP#GENERAL', 'LAPTOP#PRICE']"
zho,laptop,6699109:S003,OLED真的不錯，用了就回不去了，主要看樓主什麼用途，vivobook就真的不錯,1,['oled'],2,"[[6.33, 5.5], [7.25, 6.62]]","['用了就回不去了', '真的不錯']",['DISPLAY#GENERAL']
zho,laptop,6724439:S090,外型很俐落好看但雷蛇的價位一向都不便宜~,1,['外型'],2,"[[6.25, 5.5], [6.38, 4.5]]","['好看', '很俐落']",['LAPTOP#DESIGN_FEATURES']
zho,laptop,6784346:S016,"大大您好唷~如果母親節要買給媽媽的話，會比較推薦您微星的Prestige14系列的筆電會比較好唷，他的詳細規格為MSIPrestige14EvoB13M-285TW星空銀微星13代輕薄效能筆電/i5-13500H/IrisXe/16GDDR5/1TBPCIe/14吋FHD+/W11/白色背光鍵盤，這台的優勢在於14吋FHD+(1920x1200),100%sRGB色域,IPS等級面板重量也蠻輕的唷~極致輕巧1.49kg,纖薄設計17.9mm另外也有支援指紋辨識與人臉辨識~重要的是後續的維修都不用擔心唷~您可以到電商或是連鎖通路的實體店面購買不用擔心後續的問題唷~",1,['重量'],2,"[[6.5, 6.12], [6.75, 5.88]]","['極致輕巧', '蠻輕的']",['LAPTOP#PORTABILITY']
zho,laptop,6784346:S016,"大大您好唷~如果母親節要買給媽媽的話，會比較推薦您微星的Prestige14系列的筆電會比較好唷，他的詳細規格為MSIPrestige14EvoB13M-285TW星空銀微星13代輕薄效能筆電/i5-13500H/IrisXe/16GDDR5/1TBPCIe/14吋FHD+/W11/白色背光鍵盤，這台的優勢在於14吋FHD+(1920x1200),100%sRGB色域,IPS等級面板重量也蠻輕的唷~極致輕巧1.49kg,纖薄設計17.9mm另外也有支援指紋辨識與人臉辨識~重要的是後續的維修都不用擔心唷~您可以到電商或是連鎖通路的實體店面購買不用擔心後續的問題唷~",1,['微星的prestige14系列的筆電'],2,"[[6.0, 5.25], [6.33, 6.17]]","['比較好', '比較推薦']",['LAPTOP#GENERAL']
zho,laptop,6827743:S019,最喜歡本次介紹的輕薄便攜+優良續航、最希望HP筆電幫我解決影片剪輯，製作的過程,1,['hp筆電'],2,"[[6.25, 5.5], [6.5, 5.33]]","['便攜', '輕薄']",['LAPTOP#PORTABILITY']
zho,laptop,6788726:S099,這台設計有點特別而且也不難看個人覺得比ROG好看,1,['設計'],2,"[[5.88, 5.12], [6.12, 5.38]]","['比ROG好看', '特別']",['LAPTOP#DESIGN_FEATURES']
zho,laptop,7000206:S002,我現在也是用AMD的筆電，其實用起來沒什麼不同感覺推薦ZENBOOKS13，輕薄好用還有OLED,1,['zenbooks13'],3,"[[6.25, 5.62], [6.5, 5.5]]","['好用', '推薦', '輕薄']","['LAPTOP#GENERAL', 'LAPTOP#PORTABILITY']"
zho,laptop,6916884:S006,有攜帶省電輕薄需求就可以下手UX3402ZA畢竟是Zenbook系列，主打輕薄、好攜帶、省電。,1,['ux3402za'],3,"[[5.88, 4.88], [6.25, 5.25], [6.33, 5.17]]","['好攜帶', '省電', '輕薄']","['LAPTOP#OPERATION_PERFORMANCE', 'LAPTOP#PORTABILITY']"
zho,laptop,6970200:S005,看起來微軟真的要推ARM版了，居然在ARM版Windows可以這麼無縫使用有點改觀，想當初剛出來的時候真的是嫌到不行，相容度太差了不過速度跟相容改善一下，加上原本就有的續航，來看看微軟能發力到什麼程度吧,1,['arm版windows'],2,"[[3.5, 5.38], [3.75, 6.0]]","['剛出來的時候真的是嫌到不行', '相容度太差']","['OS#GENERAL', 'OS#OPERATION_PERFORMANCE']"
zho,laptop,7117206:S106,機身輕薄有質感，適合行動辦公使用,1,['機身'],2,"[[6.17, 5.0], [6.2, 5.4]]","['有質感', '輕薄']","['LAPTOP#DESIGN_FEATURES', 'LAPTOP#PORTABILITY']"
zho,laptop,6815929:S024,我沒打電動今年買了MacBookAir之後覺得使用上的體驗太棒了沒有風扇不發熱也不吵續航力強效能也很高買哪台直接問你兒子較快吧,1,['macbookair'],2,"[[6.25, 5.5], [6.67, 5.83]]","['不吵', '不發熱']",['FANS_COOLING#DESIGN_FEATURES']
zho,laptop,6973127:S016,產品很酷整體來說蠻有趣的MD選的好,1,['產品'],2,"[[6.5, 6.25], [7.0, 6.17]]","['很酷', '蠻有趣的']",['LAPTOP#GENERAL']
zho,laptop,6925260:S014,DELLInspiron16-7640-R1608LTWIceBlue(IntelCoreUltra5125H/8G×2/1TB/W11/2.5K/16)如果沒有品牌喜好的話我也推這台+1~~~這台螢幕用料好太多如果注重螢幕的話一定推你往這台去挑的,1,['dellinspiron16-7640-r1608ltwiceblue'],2,"[[6.5, 6.5], [6.67, 6.33]]","['推你往這台去挑', '推這台']",['LAPTOP#GENERAL']
zho,laptop,7101180:S022,後來也發現看不清鍵盤印字、眼睛壓力頗大。,1,['鍵盤印字'],2,"[[3.25, 6.25], [3.5, 4.83]]","['看不清', '眼睛壓力頗大']",['KEYBOARD#DESIGN_FEATURES']
zho,laptop,7076140:S006,"感謝各位，左晚查了一下，ASUS""轉軸""""基座""字串還真不少案例，我左晚邊查邊想了一下，從我1998剛出社會入手的第一台筆電藍天有這況狀外，還有SONYVAIO於2009年的一台ATOM小筆電，前者藍天最扯...不是只有轉軸是全部的C件與D件的連接銅柱包腳全部會自爆而VAIO的是只有轉軸，2010~2020的一台MacBookPro13吋最強，那轉軸之強悍至今令我讚嘆，而接下來小弟這台TUF之前的是4年前接替MacBookPro的ASUSROGGA502IV那台轉軸依然頭好壯壯的在服役，想不到有軍規認證的先死了看來這年頭就算有五角大廈認證的也不能信了",1,['轉軸'],2,"[[6.83, 6.83], [7.25, 7.0]]","['依然頭好壯壯的在服役', '至今令我讚嘆']","['HARDWARE#GENERAL', 'HARDWARE#QUALITY']"
zho,laptop,6850639:S012,如果你的傳統是3.5吋的話應該沒有筆電能裝的了，只要是有USB孔的筆電就能夠接外接硬碟，所以買個硬碟外接盒就可以了，綠聯的晶片挺穩定的，雖然是大陸的品牌，不過用起來不差，而且2.5/3.5都適用，單純挑17吋的筆電還是蠻多的選擇，這種小配件有些網站價格都標得比較貴，買之前建議多比價一下綠聯2.5/3.5硬碟SSD通用外接盒,1,['綠聯的晶片'],2,"[[5.67, 5.17], [6.5, 6.25]]","['挺穩定的', '用起來不差']","['CPU#GENERAL', 'CPU#OPERATION_PERFORMANCE']"
zho,laptop,6824472:S009,我推這款筆電不到35000玩任何遊戲都可以順跑重點是價格超划算便宜螢幕外觀鍵盤顯卡處理器都給過記憶體直接升級到16G非常甜,1,['價格'],2,"[[6.5, 5.5], [7.83, 7.67]]","['便宜', '超划算']",['LAPTOP#PRICE']
zho,laptop,7041208:S011,不然之前的筆電用久了鍵盤部分都發燙，困擾,1,['鍵盤'],2,"[[3.75, 5.0], [4.25, 5.0]]","['困擾', '發燙']","['KEYBOARD#GENERAL', 'KEYBOARD#QUALITY']"
zho,laptop,7076123:S006,高通感覺相容性好像沒有想的這麼低續航力也表現不錯,1,['高通'],2,"[[5.38, 4.88], [6.0, 5.25]]","['相容性好像沒有想的這麼低', '續航力也表現不錯']","['LAPTOP#USABILITY', 'MOTHERBOARD#USABILITY']"
zho,laptop,6758530:S019,電競筆電都不算太輕薄不然要輕薄的話就超貴像M16但以TUF這系列來看CP值很高,1,['m16'],2,"[[3.12, 5.62], [6.12, 4.88]]","['超貴', '輕薄']","['LAPTOP#PORTABILITY', 'LAPTOP#PRICE']"
zho,laptop,6755453:S006,韓系品牌最近很多新機種啊，不過我還是熱愛台灣品牌啦上4090就是夢想，要捏很大力才買的下去了，17萬那個價格買不下去,1,['價格'],2,"[[3.67, 6.17], [3.75, 5.5]]","['要捏很大力才買的下去了', '買不下去']",['LAPTOP#PRICE']
zho,laptop,6839062:S013,ASUSVivobook16XK3605ZV推這台+1～今年來說一定都推你往40系列規格去挑的相對30系列來說效能好不少而且這台顯卡也夠跑你的使用,1,['asusvivobook16xk3605zv'],2,"[[6.12, 5.38], [6.33, 6.33]]","['今年來說一定都推', '推']",['LAPTOP#GENERAL']
zho,laptop,6722990:S022,MSITitanGT77HX太重太大無法考慮。,1,['msititangt77hx'],3,"[[3.62, 5.25], [3.83, 5.33]]","['太大', '太重', '無法考慮']","['LAPTOP#DESIGN_FEATURES', 'LAPTOP#GENERAL', 'LAPTOP#PORTABILITY']"
zho,laptop,7052843:S033,鍵盤好看，但感覺不好按，也不好買鍵盤膜。,1,['鍵盤'],2,"[[3.88, 5.0], [6.5, 5.83]]","['好看', '感覺不好按']","['KEYBOARD#DESIGN_FEATURES', 'KEYBOARD#OPERATION_PERFORMANCE']"
zho,laptop,6835194:S004,LOL機其實文書機就可以玩，然後這種便宜筆電就別從京東了吧出問題得不償失，本來就是入門便宜機了兩個我還是覺得保固方便的X1502ZA買一買就好了，要寫程式還是選i家的吧,1,['x1502za'],2,"[[6.0, 5.0], [6.5, 5.75]]","['保固方便', '買一買就好了']","['LAPTOP#GENERAL', 'WARRANTY#GENERAL']"
zho,laptop,6789589:S005,X5304這霧面磨砂的質感看了好喜翻加上又很輕薄一公斤真的很讚,1,['x5304'],2,"[[6.3, 5.7], [7.0, 6.88]]","['很輕薄', '真的很讚']","['LAPTOP#GENERAL', 'LAPTOP#PORTABILITY']"
zho,laptop,6745361:S567,Razer筆電好漂亮可素貴....,1,['筆電'],2,"[[3.7, 5.4], [6.67, 6.33]]","['好漂亮', '貴']","['LAPTOP#DESIGN_FEATURES', 'LAPTOP#PRICE']"
zho,laptop,6827515:S005,S3504VA這台應該是原廠就是出8+8共16G記憶體又搭配OLED螢幕便宜好用文書機,1,['s3504va'],2,"[[5.88, 4.88], [6.33, 5.33]]","['便宜', '好用']","['LAPTOP#PRICE', 'LAPTOP#USABILITY']"
zho,laptop,6718832:S005,12700h發熱真的很可觀，沒有長時間處於高使用率狀態，使用一段時間後機身會明顯感覺到微溫；不過畢竟是雙風扇機種，散熱沒什麼問題，時不時會聽到風扇運轉的聲音，雖不至於像電競機種那麼吵雜，不過聲音也算蠻明顯的，但不至於惱人就是了。,1,['風扇運轉的聲音'],3,"[[4.62, 5.62], [4.75, 5.12], [5.0, 4.83]]","['不至於像電競機種那麼吵雜', '不至於惱人就是了', '算蠻明顯的']",['FANS_COOLING#OPERATION_PERFORMANCE']
zho,laptop,7105703:S206,這麼輕巧的筆電，真的不錯,1,['筆電'],2,"[[5.88, 6.12], [6.0, 5.0]]","['真的不錯', '輕巧']","['LAPTOP#GENERAL', 'LAPTOP#PORTABILITY']"
zho,laptop,6971263:S048,主介面的那個角色是怎樣外觀我覺得還不錯蠻俐落的左右IO配置也很舒暢,1,['外觀'],2,"[[6.0, 5.17], [6.38, 6.0]]","['蠻俐落', '還不錯']",['LAPTOP#DESIGN_FEATURES']
zho,laptop,6956965:S301,"不錯的筆電,造型也挺樸實的不花俏,可惜了螢幕",1,['造型'],2,"[[5.62, 5.38], [5.83, 5.0]]","['不花俏', '挺樸實']",['LAPTOP#DESIGN_FEATURES']
zho,laptop,6857759:S010,不過華碩就是筆電中的牛頭牌便宜又不太雷如果是真的對電腦沒想法也沒想特別研究的人廣告看多了路上看多了也就這樣了,1,['華碩'],2,"[[5.62, 5.12], [6.5, 5.67]]","['不太雷', '便宜']","['LAPTOP#GENERAL', 'LAPTOP#PRICE']"
zho,laptop,6922017:S005,1.5公斤來說算是中規中矩的重量好出門，而且與客戶討論的時候不管是平板或者站立型態確實都比較好討論，至於新版充電器也是今年才有，可能等等看今年的新版商務筆電看看。,1,['重量'],2,"[[5.0, 5.0], [6.0, 5.12]]","['好出門', '算是中規中矩']",['LAPTOP#PORTABILITY']
zho,laptop,6827743:S023,我最喜歡HPPavilionPlus14的螢幕有2.2K解析度還有護眼認證可以長時間使用都不怕傷眼睛,1,['hppavilionplus14的螢幕'],2,"[[6.5, 5.62], [7.12, 7.0]]","['不怕傷眼睛', '最喜歡']","['DISPLAY#DESIGN_FEATURES', 'DISPLAY#GENERAL']"
zho,laptop,6738498:S013,"感謝分享,CES真的除了電動車看完後,看到筆電新品有讓人眼睛一亮那些萬年不變的規格終於很多都升級啦,我還一直覺得手機一直炒的螢幕佔比怎麼筆電都沒有?",1,['規格'],2,"[[4.5, 5.0], [6.17, 5.67]]","['終於很多都升級', '萬年不變']",['LAPTOP#DESIGN_FEATURES']
zho,laptop,7018042:S007,女生要好看又輕還粉嫩玫瑰色一定中這台AI筆電但價格只要三萬塊左右很便宜,1,['ai筆電'],2,"[[6.38, 5.62], [6.67, 6.0]]","['好看', '輕']","['LAPTOP#GENERAL', 'LAPTOP#PORTABILITY']"
zho,laptop,6935598:S367,"好香好香,輕薄電競筆電真是吸引人",1,['輕薄電競筆電'],2,"[[6.75, 6.62], [7.0, 7.0]]","['好香好香', '真是吸引人']",['LAPTOP#GENERAL']
zho,laptop,6769617:S031,加上筆電也幾乎不會發燙，我喜歡涼涼的筆電，加上不太運轉的風扇。,1,['筆電'],2,"[[6.5, 5.5], [6.88, 5.88]]","['幾乎不會發燙', '我喜歡涼涼的']",['FANS_COOLING#OPERATION_PERFORMANCE']
zho,laptop,6902798:S038,"我自已光是買了一台ASUS的MB16AMT的內建電池的可攜式觸控螢幕至今，已經過了好幾個年頭，筆電、手機、平板都換過一輪了，但是就是螢幕還是非常頭好壯壯的好用、不會愈用愈慢、也不用OS升級等....""~~光是這種""買螢幕、不買主機(包括筆電、平板、手機)的思維""，就非常的不同了!",1,['螢幕'],3,"[[5.62, 5.25], [6.12, 5.5], [6.5, 6.67]]","['不會愈用愈慢', '好用', '非常頭好壯壯']","['DISPLAY#OPERATION_PERFORMANCE', 'DISPLAY#QUALITY', 'DISPLAY#USABILITY']"
zho,laptop,6940619:S014,雷蛇的造型跟定價，總是突出又讓人驚訝，信仰真的很可怕。,1,['雷蛇的造型'],2,"[[4.62, 6.25], [6.67, 6.67]]","['真的很可怕', '總是突出又讓人驚訝']",['LAPTOP#DESIGN_FEATURES']
zho,laptop,6940619:S014,雷蛇的造型跟定價，總是突出又讓人驚訝，信仰真的很可怕。,1,['定價'],2,"[[3.5, 5.83], [4.75, 6.62]]","['真的很可怕', '總是突出又讓人驚訝']",['LAPTOP#PRICE']
zho,laptop,6839391:S024,FX507ZV4，整體比較好，也比較新，用的應該會比較舒服，畢竟差不多價格~,1,['fx507zv4'],3,"[[6.0, 5.25], [6.33, 5.67]]","['比較好', '比較新', '用的應該會比較舒服']",['LAPTOP#GENERAL']
zho,laptop,7018404:S048,"電競筆電一般很笨重.規格一樣速度也比桌機慢,然後很容易過熱,還要帶個風扇墊.",1,['電競筆電'],2,"[[3.75, 5.75], [4.0, 6.0]]","['很容易過熱', '很笨重']","['FANS_COOLING#OPERATION_PERFORMANCE', 'LAPTOP#PORTABILITY']"
zho,laptop,6809694:S030,外觀好看依舊經典大方,1,['外觀'],2,"[[6.25, 5.62], [6.33, 5.83]]","['依舊經典大方', '好看']",['LAPTOP#DESIGN_FEATURES']
zho,laptop,6827743:S031,HP現在輕薄筆電都很吸睛，最喜歡HP筆電的輕薄，希望它解決我工作上的文書需求。,1,['hp筆電'],2,"[[6.25, 4.25], [6.38, 6.5]]","['很吸睛', '輕薄']","['LAPTOP#DESIGN_FEATURES', 'LAPTOP#PORTABILITY']"
zho,laptop,7021545:S095,整體不錯有質感模特兒很漂亮,1,['整體'],2,"[[5.75, 5.12], [6.2, 5.5]]","['不錯', '有質感']",['LAPTOP#DESIGN_FEATURES']
zho,laptop,7079680:S010,好心動但電競筆電都好重喔,1,['電競筆電'],2,"[[3.67, 6.33], [7.0, 6.83]]","['好心動', '好重']","['LAPTOP#GENERAL', 'LAPTOP#PORTABILITY']"
zho,laptop,6755095:S032,好有硬漢風格的筆電整個粗獷風格,1,['筆電'],2,"[[5.2, 5.5], [5.38, 5.5]]","['好有硬漢風格', '粗獷風格']",['LAPTOP#DESIGN_FEATURES']
zho,laptop,6946915:S132,看起來規格不錯挺飽滿的,1,['規格'],2,"[[5.88, 5.0], [6.25, 5.62]]","['不錯', '挺飽滿']",['LAPTOP#DESIGN_FEATURES']
zho,laptop,6714797:S003,3.ASUSZenbook可以考慮，輕薄效能足以應付office。,1,['asuszenbook'],2,"[[5.75, 5.0], [6.0, 5.12]]","['可以考慮', '輕薄']","['LAPTOP#GENERAL', 'LAPTOP#PORTABILITY']"
zho,laptop,6901732:S003,你好：下面這一台acer高級程度很不錯，而且被評為值得買的舊款電腦，價格只要3萬元左右而已。,1,['acer'],2,"[[6.33, 6.0], [7.0, 6.12]]","['很不錯', '高級']",['LAPTOP#GENERAL']
zho,laptop,6872154:S007,筆電的價格很划算.30k內應該找不太到這樣的對手了...趕快買一買.後續再看用途考慮加記憶體和硬碟.,1,['筆電'],2,"[[6.25, 6.38], [6.83, 5.67]]","['找不太到這樣的對手了', '趕快買一買']",['LAPTOP#GENERAL']
zho,laptop,6989987:S002,14吋的比較好帶出門MSIStealth14AIStudio這台不錯Ultra7155H+RTX4060，2.8KOLED其實我覺得螢幕也很重要，看久不會不舒服這台1.7kg，比你原本的輕很多,1,['msistealth14aistudio'],2,"[[6.25, 5.5], [6.5, 5.83]]","['不錯', '比你原本的輕很多']","['LAPTOP#GENERAL', 'LAPTOP#PORTABILITY']"
zho,laptop,6989987:S002,14吋的比較好帶出門MSIStealth14AIStudio這台不錯Ultra7155H+RTX4060，2.8KOLED其實我覺得螢幕也很重要，看久不會不舒服這台1.7kg，比你原本的輕很多,1,['螢幕'],2,"[[5.5, 5.25], [5.62, 5.25]]","['很重要', '看久不會不舒服']","['DISPLAY#GENERAL', 'DISPLAY#OPERATION_PERFORMANCE']"
zho,laptop,6748101:S019,在會議上，通常會接投影機，螢幕大反而不方便！反而常常被虧…你是來打遊戲的嗎？,1,['螢幕'],2,"[[4.0, 5.0], [4.83, 5.0]]","['不方便', '大']","['DISPLAY#DESIGN_FEATURES', 'DISPLAY#USABILITY']"
zho,laptop,6861303:S021,FA507XI真的是效能很強的好機器，R9+直連4070，效能拉滿，其他像是螢幕與硬碟擴充性都很優,1,['效能'],2,"[[6.75, 6.25], [6.83, 6.33]]","['很強', '拉滿']",['LAPTOP#OPERATION_PERFORMANCE']
zho,laptop,6738095:S485,螢幕下面太粗不好看,1,['螢幕下面'],2,"[[3.75, 4.75], [3.83, 4.5]]","['不好看', '太粗']",['DISPLAY#DESIGN_FEATURES']
zho,laptop,6721952:S026,華碩OLED又進步了~真的厲害~感謝大大分享,1,['華碩oled'],2,"[[5.8, 5.8], [6.75, 6.25]]","['又進步了', '真的厲害']",['DISPLAY#GENERAL']
zho,laptop,6861086:S035,白色款有顏色變化，好看。,1,['白色款'],2,"[[5.62, 5.0], [6.75, 6.12]]","['好看', '有顏色變化']",['LAPTOP#DESIGN_FEATURES']
zho,laptop,6754217:S009,電競筆電最近幾年比較流行，除了方便帶來帶去的，要不然我覺得沒有比較好...,1,['電競筆電'],2,"[[4.25, 5.38], [6.17, 5.33]]","['方便帶來帶去', '沒有比較好']","['LAPTOP#GENERAL', 'LAPTOP#PORTABILITY']"
zho,laptop,7105557:S004,預算充足是可以考慮脫離sony的vaio系列不過規格就跟不太上只有做工用料是ok反正考慮筆電那麼多建議先去店內摸一把再買也不遲,1,['sony的vaio系列'],2,"[[4.17, 4.83], [5.88, 5.0]]","['做工用料是ok', '預算充足是可以考慮脫離']","['LAPTOP#GENERAL', 'LAPTOP#QUALITY']"
zho,laptop,6841345:S056,可惜螢幕解析度應該可以再高一點1080我都覺得不夠細MD,1,['螢幕解析度'],2,"[[4.5, 5.0], [4.5, 5.17]]","['可惜', '應該可以再高一點']",['DISPLAY#OPERATION_PERFORMANCE']
zho,laptop,7038430:S006,可惜，你沒上b站看看，arm有相容性問題，轉譯效能又差，重點又貴，建議認賠殺出，買二樓推薦的，不然就是AMD7000系列，京東買不用20000，水噹噹,1,['arm'],2,"[[3.75, 5.0], [4.12, 4.62]]","['有相容性問題', '貴']","['CPU#OPERATION_PERFORMANCE', 'CPU#PRICE']"
zho,laptop,6956965:S081,高CP值的筆電，希望能延續以往耐用的風格。,1,['筆電'],2,"[[6.38, 5.12], [6.62, 5.88]]","['耐用', '高CP值']","['LAPTOP#PRICE', 'LAPTOP#QUALITY']"
zho,laptop,6743971:S002,acerSwift5SF514-55T-51LL迷霧綠宏碁EVO認證時尚纖薄觸控筆電/i5-1135G7/IrisXe/16G/512GPCIe/14吋觸碰FHDIPS/W11/0.99kg/可以看這台輕薄好攜帶重量輕回家又可以接個外接顯卡打遊戲新的這台CPU效能跟你現在的筆電差很多速度提升非常多升級會非常有感覺,1,['cpu效能'],2,"[[6.5, 5.67], [6.5, 5.75]]","['升級會非常有感覺', '速度提升非常多']",['CPU#OPERATION_PERFORMANCE']
zho,laptop,6969624:S002,這規格真的很挺非常地的棒收入口袋名單中,1,['規格'],2,"[[7.17, 7.0], [7.33, 7.5]]","['真的很挺', '非常地的棒']",['LAPTOP#DESIGN_FEATURES']
zho,laptop,6957795:S005,你預算可以衝技嘉AORUS17X這台i9-14900HX+RTX4080配備不錯很夠用,1,['aorus17x'],2,"[[5.88, 5.25], [6.12, 5.5]]","['不錯', '很夠用']",['LAPTOP#GENERAL']
zho,laptop,7036184:S009,使用上會比較順目前，把錢砸在CPU、或是買最新款CPU，未必有CP值新一代的IntelCPU已經看見很多評比了，似乎還要等Win11更新才能發揮應有的效能所以不建議買最新款CPU您內文寫：雖然沒有太大遊戲需求，主要也用於文書或者追劇給您的建議:AICPU對您這些需求也沒有明顯幫助電腦與3C用品進步很快真的不要溢價（多花錢）買你用不到的東西，不要先囤起來放假設你有5~6萬預算您的需求很簡單，兩萬五的筆電就很夠用了隔兩三年後，再拿兩萬五or三萬買當時的新機種，「很大的可能」會比現在你預計的兩台候選機種還好、或是更強（一樣強）花的錢一樣，但爽度差很多！,1,['最新款cpu'],2,"[[4.0, 5.12], [4.33, 4.83]]","['不建議買', '未必有CP值']","['CPU#GENERAL', 'LAPTOP#PRICE']"
zho,laptop,7036184:S009,使用上會比較順目前，把錢砸在CPU、或是買最新款CPU，未必有CP值新一代的IntelCPU已經看見很多評比了，似乎還要等Win11更新才能發揮應有的效能所以不建議買最新款CPU您內文寫：雖然沒有太大遊戲需求，主要也用於文書或者追劇給您的建議:AICPU對您這些需求也沒有明顯幫助電腦與3C用品進步很快真的不要溢價（多花錢）買你用不到的東西，不要先囤起來放假設你有5~6萬預算您的需求很簡單，兩萬五的筆電就很夠用了隔兩三年後，再拿兩萬五or三萬買當時的新機種，「很大的可能」會比現在你預計的兩台候選機種還好、或是更強（一樣強）花的錢一樣，但爽度差很多！,1,['新機種'],3,"[[6.0, 5.0], [6.75, 5.88], [6.83, 6.33]]","['更強', '比現在你預計的兩台候選機種還好', '爽度差很多']","['LAPTOP#GENERAL', 'LAPTOP#OPERATION_PERFORMANCE']"
zho,laptop,6864259:S008,喜歡霧面的防眩光螢幕整台筆電看起來簡約很有質感又很輕薄感謝分享,1,['筆電'],2,"[[6.12, 5.38], [6.5, 5.88]]","['很輕薄', '簡約很有質感']",['LAPTOP#DESIGN_FEATURES']
zho,laptop,6977186:S005,這幾台肯定選SwiftGoSFG16-72-57WR記憶體比較大，現在輕薄筆電記憶體大部分都不能擴充，買的時候選記憶體越大的可以撐越久而且SwiftGO還有一個空的M.2插槽可擴充，所以硬碟大小不是問題但VivobookS16電池比較大一點，相對SwiftGO續航應該會比較好,1,['vivobooks16電池'],2,"[[6.17, 5.67], [6.75, 5.75]]","['比較大一點', '相對SwiftGO續航應該會比較好']","['BATTERY#GENERAL', 'BATTERY#OPERATION_PERFORMANCE']"
zho,laptop,6849021:S002,推薦一台又輕、待機時間又長EVO認證、效能不錯的LG，LGgram1616Z90R-G.AA54C2冰雪白13代輕贏隨型極致輕薄筆電/i5-1340P/IrisXe/16GDDR5/512GPCIe/16吋WQXGA/W11/1.19kg/2年保,1,['lg'],2,"[[6.33, 4.17], [6.67, 6.17]]","['推薦', '輕']","['LAPTOP#GENERAL', 'LAPTOP#PORTABILITY']"
zho,laptop,6913340:S041,感覺真的很讚啊，好想也敗一台，我的舊筆電已經不能玩遊戲了,1,['筆電'],2,"[[6.5, 6.38], [7.12, 6.75]]","['好想也敗一台', '真的很讚']",['LAPTOP#GENERAL']
zho,laptop,6785794:S082,ExpertBookB9Filp看起來還不錯，只是感覺有點厚重呢，記憶體可以到128GB好像挺厲害的,1,['expertbookb9filp'],2,"[[4.33, 4.5], [5.75, 5.25]]","['感覺有點厚重', '看起來還不錯']","['LAPTOP#GENERAL', 'LAPTOP#PORTABILITY']"
zho,laptop,6969479:S012,Acer那個觸控板上的圖示還滿有趣的，看起來算是滿有質感的,1,['圖示'],2,"[[6.38, 4.62], [6.83, 4.83]]","['有質感', '有趣']",['HARDWARE#DESIGN_FEATURES']
zho,laptop,7076104:S015,老板很聰明FX507VV性價比高買公司用的挑這種便宜好用,1,['fx507vv'],2,"[[6.5, 5.67], [6.83, 5.83]]","['便宜', '好用']","['LAPTOP#PRICE', 'LAPTOP#USABILITY']"
zho,laptop,7114660:S005,筆電造型很潮耶~好看...價格也很親民推一個...,1,['筆電造型'],2,"[[6.67, 5.67], [6.83, 6.5]]","['好看', '很潮']",['LAPTOP#DESIGN_FEATURES']
zho,laptop,6944839:S004,光看到開場白的描述，對我來說就是超完美的商務機配置，螢幕夠大(我眼力太差)，重量夠輕(出差方便攜帶)，但內文再看下去，就覺得機構強度以及讀卡機2點是比較大的問題，我個人覺得目前的厚度是已經夠薄了，再增加個4mm也ok，重量才是重點，如果能利用4mm的厚度在A/D件增加肋條或加高肋條，應該對強度有很大的幫助。,1,['重量'],2,"[[6.12, 5.25], [6.62, 6.12]]","['出差方便攜帶', '夠輕']",['LAPTOP#PORTABILITY']
zho,laptop,6769489:S028,筆電夠潮、麻豆露得有特色！讚…,1,['筆電'],2,"[[6.38, 6.0], [6.5, 5.83]]","['夠潮', '讚']",['LAPTOP#GENERAL']
zho,laptop,6841345:S004,規格還不錯頂級的讓人很喜愛,1,['規格'],3,"[[6.0, 5.5], [7.25, 7.38], [7.88, 6.88]]","['讓人很喜愛', '還不錯', '頂級']",['LAPTOP#DESIGN_FEATURES']
zho,laptop,6869382:S011,X1504VA文書機很不錯，看起來也非常輕薄一台筆電，攜帶比較沒那麼有負擔，在家用的話外接螢幕會舒服一點,1,['筆電'],2,"[[6.5, 5.2], [7.0, 6.17]]","['攜帶比較沒那麼有負擔', '非常輕薄']",['LAPTOP#PORTABILITY']
zho,laptop,7093960:S025,輕薄又大尺寸筆電真的不錯MD搭配起來拍照又好看整天都有好心情啊,1,['筆電'],3,"[[6.25, 4.62], [6.33, 4.17], [6.33, 5.17]]","['大尺寸', '真的不錯', '輕薄']","['LAPTOP#DESIGN_FEATURES', 'LAPTOP#GENERAL', 'LAPTOP#PORTABILITY']"
zho,laptop,6847853:S005,華碩很棒，負責任。,1,['華碩'],2,"[[6.25, 5.25], [6.38, 5.62]]","['很棒', '負責任']",['COMPANY#GENERAL']
zho,laptop,6902502:S020,Raider18HX和Staelth18AIStudio兩款外型設計和2023年的有一些不同，感覺進化了VectorHX、CrosshairHX、PulseAI外觀也開始有些多樣化還不錯期待後續的開箱評測,1,['外觀'],2,"[[6.12, 5.88], [6.25, 5.62]]","['還不錯', '開始有些多樣化']",['LAPTOP#DESIGN_FEATURES']
zho,laptop,6818071:S028,雙螢幕挺厲害的唷~感覺挺實用的,1,['雙螢幕'],2,"[[6.5, 6.5], [6.75, 6.62]]","['挺厲害', '挺實用']","['DISPLAY#GENERAL', 'DISPLAY#USABILITY']"
zho,laptop,6946311:S158,DELL的筆電一直都好美型，真的很想買一台試試看,1,['dell的筆電'],2,"[[6.75, 6.75], [7.0, 7.0]]","['好美型', '很想買一台試試看']","['LAPTOP#DESIGN_FEATURES', 'LAPTOP#GENERAL']"
zho,laptop,6935598:S188,"優質的筆電還有優質的MD,都棒",1,['筆電'],2,"[[6.67, 5.5], [6.75, 6.0]]","['優質', '棒']",['LAPTOP#GENERAL']
zho,laptop,7105703:S364,"筆電越做越好了,同時兼具輕薄,適合商務使用",1,['筆電'],3,"[[5.75, 4.88], [6.17, 5.0], [6.5, 5.88]]","['越做越好', '輕薄', '適合商務使用']","['LAPTOP#DESIGN_FEATURES', 'LAPTOP#GENERAL', 'LAPTOP#PORTABILITY']"
zho,laptop,6846181:S004,hdmi無法順利輸出也許是裝置上有衝突也不一定，之前在公司也是遇過類似狀況，同樣型號機種，a機可以傳輸畫面，但b機卻無法，後來是更新驅動之後就可以了，z13算不錯的機子，有三個朋友有購買，我自己也被毒到後，雖然手邊已經很多筆電了，也去收了台限定聯名版，使用上也都頭好壯壯，也買了磁吸頭來使用，除了防塵&防潮外也可以快速拆解)，但畢竟遇到狀況心情總是不美麗的，願你的問題可以順利處理與解決,1,['z13'],2,"[[6.0, 5.5], [6.5, 6.33]]","['使用上也都頭好壯壯', '算不錯的機子']",['LAPTOP#GENERAL']
zho,laptop,6896247:S004,出一定攜帶輕薄筆電真的很需要又可以PD充電真的太方便了不沾指紋很好保養,1,['筆電'],3,"[[5.88, 5.12], [6.0, 5.0], [6.5, 5.5]]","['不沾指紋', '很好保養', '輕薄']","['LAPTOP#DESIGN_FEATURES', 'LAPTOP#PORTABILITY']"
zho,laptop,6918097:S278,非常頂的價格雷蛇的一慣特色外型每一次相比其他品牌都是絕對優勢但價格每一次都是讓我難以入手的唯一阻礙Q_Q,1,['價格'],3,"[[3.83, 6.0], [4.12, 5.5], [7.33, 7.67]]","['唯一阻礙', '難以入手', '非常頂']",['LAPTOP#PRICE']
zho,laptop,6744292:S249,Panasonic真的是筆電界的一股清流，外型跟整體風格都有自己的特色，超棒！,1,['panasonic'],2,"[[7.12, 7.5], [7.25, 7.12]]","['真的是筆電界的一股清流', '超棒']",['COMPANY#GENERAL']
zho,laptop,6973127:S023,由於工作需求我買了華碩筆電每天用的感想只能說很棒可說是我買過最值得的東西之一不過希望螢幕能夠像yoga那台可以反折然後直上16吋就更好,1,['華碩筆電'],2,"[[6.67, 6.5], [7.5, 7.17]]","['很棒', '最值得的東西']",['LAPTOP#GENERAL']
zho,laptop,7027952:S003,不重度打遊戲的話，個人還是最推zenbook，好看重量又輕，品質也差不多喔。,1,['zenbook'],2,"[[6.67, 5.5], [6.67, 7.33]]","['好看', '最推']","['LAPTOP#DESIGN_FEATURES', 'LAPTOP#GENERAL']"
zho,laptop,6738095:S325,只有妹子可以，筆電太大台不好看,1,['筆電'],2,"[[3.75, 5.25], [4.0, 5.5]]","['不好看', '太大台']",['LAPTOP#DESIGN_FEATURES']
zho,laptop,6753907:S004,推薦大大可以參考一下【ASUS華碩】TUFGamingFX507ZM 這台還不錯~記憶體跟硬碟都可以擴充~不過這台會建議大大到實體店面看還有沒有貨~這台性價比很高!,1,['tufgamingfx507zm'],2,"[[6.0, 5.0], [6.25, 5.62]]","['推薦', '還不錯']",['LAPTOP#GENERAL']
zho,laptop,6964547:S006,5606外型是真的很有質感的螢幕很大很棒那個觸控板好像比一般的大很多用起來會不會不習慣啊,1,['螢幕'],2,"[[6.38, 5.75], [6.38, 5.88]]","['很大', '很棒']","['DISPLAY#DESIGN_FEATURES', 'DISPLAY#GENERAL']"
zho,laptop,6733743:S006,螢幕是小新比較好，而且好很多很多，估計成本都在那塊螢幕上，然後2022款和酷比的喇叭，這次半斤八兩如果有插卡需求就選酷比，請自行衡量看看,1,['螢幕'],2,"[[5.33, 5.17], [5.62, 5.5]]","['好很多很多', '小新比較好']","['DISPLAY#GENERAL', 'DISPLAY#QUALITY']"
zho,laptop,6731239:S016,如果要以方便性為主的話推Z13還可以當作平板使用,1,['z13'],2,"[[6.25, 5.0], [6.83, 6.33]]","['推', '方便']","['LAPTOP#GENERAL', 'LAPTOP#USABILITY']"
zho,laptop,7068377:S057,新上蓋AniMeVision動態燈效還是挺炫炮的筆電底蓋免螺絲快拆設計實用大加分期待上市後的正式評測,1,['筆電底蓋免螺絲快拆設計'],2,"[[6.38, 5.5], [7.0, 6.67]]","['大加分', '實用']","['HARDWARE#DESIGN_FEATURES', 'HARD_DISK#DESIGN_FEATURES']"
zho,laptop,6766932:S018,ZENBOOK系列是超輕薄價格也比較貴一點這樣看起來價格是還不錯奧但舊的型號買新的是比較好用比較久,1,['價格'],2,"[[4.17, 5.0], [6.0, 5.17]]","['比較貴一點', '還不錯']",['LAPTOP#PRICE']
zho,laptop,6744292:S759,極致輕巧高續航力的商務筆電,1,['商務筆電'],2,"[[6.38, 5.38], [6.7, 6.3]]","['極致輕巧', '高續航力']","['BATTERY#OPERATION_PERFORMANCE', 'LAPTOP#PORTABILITY']"
zho,laptop,6763824:S004,看吧asus的電池就是爛沒辦法撐很久雖然便宜但就是偷在這種地方續航力去跟蘋果筆電比較一個是天一個是地你當初多花點錢買蘋果根本沒有這些問題,1,['asus的電池'],2,"[[3.38, 5.5], [4.0, 5.12]]","['沒辦法撐很久', '爛']","['BATTERY#GENERAL', 'BATTERY#OPERATION_PERFORMANCE']"
zho,laptop,6957949:S030,實機玫瑰金真的美使用也順暢而且好輕便，通勤終於不用再背磚頭了只是螢幕很反光，目前先調暗亮度還在找解決方式,1,['實機'],3,"[[6.5, 5.5], [6.75, 6.38], [6.83, 6.33]]","['使用也順暢', '好輕便', '通勤終於不用再背磚頭']","['LAPTOP#OPERATION_PERFORMANCE', 'LAPTOP#PORTABILITY']"
zho,laptop,6896902:S021,建議挑14吋筆電加外接螢幕，在家可以享受大螢幕，外帶有輕薄優勢。,1,['14吋筆電'],2,"[[6.5, 5.62], [6.5, 5.83]]","['建議', '有輕薄優勢']","['LAPTOP#GENERAL', 'LAPTOP#PORTABILITY']"
zho,laptop,6936778:S010,在觸控板越來越大的趨勢下，堅持保留偏小的觸控板尺吋，看起來就不是很大氣，讓整體感覺出一股陳舊感，記憶體也沒跟上Ai筆電32G起跳，讓運作效率更有餘裕的配置，沒有SD卡插槽、沒有指紋辨識，還有視訊鏡頭沒有物理保護蓋，資安疑慮又落後對手一截，每個環節一點一點鬆懈，要冠上Pro的名號好像不太夠力，畢竟其他品牌Pro機種這些都有，甚至記憶體雖貴但可選到頂天，還有磁吸充電跟獨家瀏海，跟強大對手一比較吸引力就差了些，LG要趕快跟上腳步啊，不要像手機一樣留一手，規格被友商拋在腦後，最後搞到退出市場，競爭激烈不進則退，高層制服組腦袋要跟上時代演變啊！,1,['觸控板尺吋'],3,"[[3.7, 5.0], [4.0, 5.25], [4.25, 5.0]]","['一股陳舊感', '不是很大氣', '偏小']",['HARDWARE#DESIGN_FEATURES']
zho,laptop,6936778:S010,在觸控板越來越大的趨勢下，堅持保留偏小的觸控板尺吋，看起來就不是很大氣，讓整體感覺出一股陳舊感，記憶體也沒跟上Ai筆電32G起跳，讓運作效率更有餘裕的配置，沒有SD卡插槽、沒有指紋辨識，還有視訊鏡頭沒有物理保護蓋，資安疑慮又落後對手一截，每個環節一點一點鬆懈，要冠上Pro的名號好像不太夠力，畢竟其他品牌Pro機種這些都有，甚至記憶體雖貴但可選到頂天，還有磁吸充電跟獨家瀏海，跟強大對手一比較吸引力就差了些，LG要趕快跟上腳步啊，不要像手機一樣留一手，規格被友商拋在腦後，最後搞到退出市場，競爭激烈不進則退，高層制服組腦袋要跟上時代演變啊！,1,['記憶體'],3,"[[3.5, 5.33], [4.0, 5.17], [7.5, 6.12]]","['可選到頂天', '沒跟上Ai筆電32G起跳', '貴']","['MEMORY#DESIGN_FEATURES', 'MEMORY#PRICE']"
zho,laptop,6901945:S011,覺的西風之神新設計好看耶…簡約又變輕薄，正合我意！！,1,['西風之神新設計'],4,"[[6.25, 5.25], [6.5, 5.5], [6.5, 5.75], [6.6, 6.1]]","['好看', '正合我意', '簡約', '輕薄']","['LAPTOP#DESIGN_FEATURES', 'LAPTOP#PORTABILITY']"
zho,laptop,6707403:S387,超讚的筆電！蠻喜歡的！,1,['筆電'],2,"[[6.67, 6.83], [7.38, 7.62]]","['蠻喜歡', '超讚']",['LAPTOP#GENERAL']
zho,laptop,6920516:S001,1.哪一代的i7?2.編號（最後三個數字）是？以第十二代IntelCPU為例，12700或是12650（編號低於700）3.CPU最後的英文字是H？或是HX？差異很大很大喔不要只被i7兩個字給呼弄了我猜-這是中古Notebook應該是11~12代的CPU第十二代IntelCPU有比較大的改進所以不推薦買之前的CPU,1,['cpu'],2,"[[4.17, 6.17], [4.5, 4.83]]","['不推薦買之前的', '差異很大很大']","['CPU#DESIGN_FEATURES', 'CPU#GENERAL']"
zho,laptop,7023495:S006,出門為了續航推薦X1404VA，這台處理器比較省電，有利於出門使用,1,['x1404va'],2,"[[6.5, 5.62], [6.5, 6.17]]","['推薦', '有利於出門使用']","['LAPTOP#GENERAL', 'LAPTOP#PORTABILITY']"
zho,laptop,6699348:S1724,"功能強大的筆電,可以考慮",1,['筆電'],2,"[[5.88, 5.38], [6.4, 5.9]]","['功能強大', '可以考慮']","['LAPTOP#DESIGN_FEATURES', 'LAPTOP#GENERAL']"
zho,laptop,6952865:S273,看起來不錯設計的蠻有質感的。,1,['設計'],2,"[[6.5, 5.67], [6.5, 6.0]]","['看起來不錯', '蠻有質感的']",['LAPTOP#DESIGN_FEATURES']
zho,laptop,6911391:S032,ROGSTRIXSCAR18的售價就是身份地位的象徵高貴很貴~~PS.誰不愛肥肥的奶子呢,1,['rogstrixscar18的售價'],2,"[[3.75, 5.12], [4.33, 5.0]]","['很貴', '身份地位的象徵高貴']",['LAPTOP#PRICE']
zho,laptop,6962677:S003,完全不推薦還拿上個世代的3050顯示卡真的預算有限拿台FA507NU都好很多價格也沒貴多少，顯示卡還給你4050，可以說是完全輾壓過去阿！,1,['fa507nu'],2,"[[6.3, 5.3], [7.5, 7.0]]","['好很多', '完全輾壓過去']",['LAPTOP#GENERAL']
zho,laptop,6701551:S008,天天用，跑程式，跑server，過三年，風扇就超大聲，只能換風扇，而這款風扇，又特貴⋯⋯,1,['風扇'],2,"[[3.5, 6.5], [3.62, 5.62]]","['貴', '超大聲']","['FANS_COOLING#OPERATION_PERFORMANCE', 'FANS_COOLING#PRICE']"
zho,laptop,6722877:S009,推薦大大一台MSI17吋的電競筆電喔~MSIKatanaGF7611UE-472TW微星戰鬥款窄邊框電競筆電~這台我覺得也不錯17吋但是比較輕薄~,1,['msikatanagf7611ue-472tw'],3,"[[5.88, 5.38], [6.12, 5.38], [6.12, 5.62]]","['不錯', '推薦', '比較輕薄']","['LAPTOP#GENERAL', 'LAPTOP#PORTABILITY']"
zho,laptop,6722877:S009,推薦大大一台MSI17吋的電競筆電喔~MSIKatanaGF7611UE-472TW微星戰鬥款窄邊框電競筆電~這台我覺得也不錯17吋但是比較輕薄~,1,['微星戰鬥款窄邊框電競筆電'],3,"[[6.0, 5.5], [6.12, 5.38], [6.12, 5.62]]","['不錯', '推薦', '比較輕薄']","['LAPTOP#GENERAL', 'LAPTOP#PORTABILITY']"
zho,laptop,6792397:S010,它的處理器i7-12700H，算是這幾台裡面效能最強最適合多開虛擬,1,['處理器i7-12700h'],2,"[[6.75, 6.0], [7.25, 6.88]]","['效能最強', '最適合多開虛擬']","['CPU#OPERATION_PERFORMANCE', 'LAPTOP#OPERATION_PERFORMANCE']"
zho,laptop,6752254:S118,這筆電還不錯看跟妹子一樣文青,1,['筆電'],2,"[[6.12, 5.12], [6.5, 5.5]]","['不錯看', '跟妹子一樣文青']",['LAPTOP#DESIGN_FEATURES']
zho,laptop,7014871:S005,很喜歡大螢幕看起來比較舒服部會太小,1,['大螢幕'],2,"[[6.7, 6.4], [6.88, 6.12]]","['很喜歡', '看起來比較舒服']","['DISPLAY#GENERAL', 'DISPLAY#OPERATION_PERFORMANCE']"
zho,laptop,6749219:S112,那個獨立鍵RGB背光的鍵盤很漂亮我的ASUS鍵盤還會漏光跟光度不均勻,1,['asus鍵盤'],2,"[[4.0, 4.62], [4.0, 4.75]]","['光度不均勻', '會漏光']",['KEYBOARD#DESIGN_FEATURES']
zho,laptop,6913256:S001,跟強大的對手，Alienware、Razer、ROG設計風格、更Fancy、更變化多端的大膽比較，相對之下技嘉的機種，顯得較為平淡無奇，不是技嘉不好，而是對手太強，在電競筆電的市場，如果沒有過人的創新設計，剩下的就只能打價格戰了，如果連價格都沒有優勢，那怎麼跟超強大的對手競爭？,1,['rog設計風格'],2,"[[6.25, 5.38], [6.25, 5.75]]","['更Fancy', '更變化多端']",['LAPTOP#DESIGN_FEATURES']
zho,laptop,7111630:S080,我覺得那個塗層讓整體顯得很塑然後RGB燈效太台了....根本沒必要上一代的外觀好看很多,1,['rgb燈效'],2,"[[3.5, 5.25], [3.75, 5.38]]","['太台了', '根本沒必要']",['LAPTOP#DESIGN_FEATURES']
zho,laptop,6927634:S006,有啊聽有買2022/2023的人說它的鍵盤極容易故障不斷的一直送維修很需要改進的地方2022後期就被改降一直被鎖22w好像跟本就已經沒yt視頻評測時的那樣遊戲數據這麽好，不知道在2023有沒有被改善掉，而且我個人覺得機子黑色很醜加追些新色賣相絕對會提升好幾百%而且我挺私心希望它能增加外接螢幕延伸畫面⋯⋯是延伸延伸，不是切換過去呦～,1,['鍵盤'],2,"[[2.8, 6.2], [3.17, 6.67]]","['一直送維修', '極容易故障']",['KEYBOARD#QUALITY']
zho,laptop,6827515:S009,這台筆電13代cpu，上網及文書非常夠用，值得購買喲又升到16G，非常超值，下單就對了…,1,['筆電'],2,"[[6.88, 6.5], [7.12, 6.25]]","['值得購買', '非常超值']",['LAPTOP#GENERAL']
zho,laptop,6893457:S008,低電壓文書用也很OK啦，現在頻率都是動態的，X1404VA就是便宜穩定方便買了不會後悔，市佔率很高的,1,['x1404va'],4,"[[6.1, 5.3], [6.2, 5.4], [6.5, 5.62], [7.0, 5.5]]","['便宜', '方便', '穩定', '買了不會後悔']","['LAPTOP#GENERAL', 'LAPTOP#PORTABILITY', 'LAPTOP#PRICE', 'LAPTOP#QUALITY']"
zho,laptop,6817769:S008,很特別的筆電說實在好像是大一點的平板~,1,['筆電'],2,"[[5.12, 5.5], [5.5, 5.0]]","['好像是大一點的平板', '很特別']","['LAPTOP#DESIGN_FEATURES', 'LAPTOP#GENERAL']"
zho,laptop,6875408:S003,很美的華碩筆電又是滿血版大推唷~,1,['華碩筆電'],2,"[[7.0, 6.38], [7.17, 6.67]]","['大推', '很美']",['LAPTOP#GENERAL']
zho,laptop,6716637:S001,大大也可以參考ASUSOLED12代處理器的筆電喔~要買就買最新的~ASUSVivoBookX1403ZA-0161B12500H推薦這台給大大~還不錯喔~,1,['asusvivobookx1403za-0161b12500h'],2,"[[6.0, 5.5], [6.0, 5.75]]","['推薦', '還不錯']",['LAPTOP#GENERAL']
zho,laptop,6979723:S017,各方面都沒話說就是貴有一個很重要的點這台筆電是要不要拿到課堂上做筆記的(現在大學生很多都拿平板作筆記這是因為能用觸控筆寫筆記)如果不是要拿到課堂.,1,['這台筆電'],2,"[[4.25, 5.38], [6.25, 5.75]]","['各方面都沒話說', '就是貴']","['LAPTOP#GENERAL', 'LAPTOP#PRICE']"
zho,laptop,6920254:S273,"ROG就是讚,只可惜那一撇刀疤有些突兀",1,['那一撇刀疤'],2,"[[4.0, 5.25], [4.25, 5.12]]","['可惜', '有些突兀']",['LAPTOP#DESIGN_FEATURES']
zho,laptop,6949617:S425,"國產技嘉電競筆電很不錯啊,請大家多多支持台灣國貨,讚",1,['國產技嘉電競筆電'],2,"[[6.5, 6.33], [6.83, 6.67]]","['很不錯', '讚']",['LAPTOP#GENERAL']
zho,laptop,7078163:S014,如輕量化是主要需求UX5304確實是最輕的選擇搭配OLED螢幕攜帶方便又有好畫質如果希望有更均衡的效能UX3405會是更好的選擇但我還是比較喜歡UM5302也很輕薄內建780M顯卡圖形處理能力較好,1,['ux5304'],2,"[[6.75, 5.62], [6.83, 6.0]]","['攜帶方便', '確實是最輕的選擇']",['LAPTOP#PORTABILITY']
zho,laptop,6794108:S019,MSI筆電輕薄便宜又好攜帶又有支援TYP-c充電變壓器也輕絕對是你最好的選擇價格又便宜,1,['msi筆電'],3,"[[5.88, 5.0], [6.17, 5.17], [6.6, 7.1]]","['好攜帶', '絕對是你最好的選擇', '輕薄']","['LAPTOP#DESIGN_FEATURES', 'LAPTOP#GENERAL']"
zho,laptop,6836564:S015,體的質感真的不錯還有很多考量環保的設計對於喜歡輕薄筆電的人UX5304是不錯的選擇,1,['ux5304'],2,"[[6.0, 5.25], [6.38, 5.12]]","['不錯的選擇', '輕薄']","['LAPTOP#GENERAL', 'LAPTOP#PORTABILITY']"
zho,laptop,6751658:S134,這台MSIPrestige13EvoA13M外型好簡約，看起來有點不習慣XD,1,['msiprestige13evoa13m外型'],2,"[[4.25, 5.0], [6.25, 5.25]]","['好簡約', '看起來有點不習慣']",['LAPTOP#DESIGN_FEATURES']
zho,laptop,7069459:S018,這螢幕屏佔比已經高達98%實在太優秀了，四個邊框看起來有夠窄就很舒服，近年來相關的創新真的很多又很實用，說真的這台聯想筆電已經完全不輸XPS14了，除了重量還有機會再精進外(改鎂鋁?)，似乎找不到還有明顯短缺的功能。,1,['聯想筆電'],2,"[[6.83, 6.33], [7.0, 6.5]]","['似乎找不到還有明顯短缺的功能', '已經完全不輸XPS14']",['LAPTOP#GENERAL']
zho,laptop,7095346:S041,這筆電的重量還算可以，應該攜帶不會造成太大負擔。,1,['重量'],2,"[[5.5, 4.83], [5.62, 4.88]]","['不會造成太大負擔', '還算可以']",['LAPTOP#PORTABILITY']
zho,laptop,6707403:S798,"不錯的筆電,考慮入手",1,['筆電'],2,"[[5.75, 5.0], [6.0, 5.25]]","['不錯', '考慮入手']",['LAPTOP#GENERAL']
zho,laptop,6935598:S409,"小巧筆電功能強大,想買。",1,['筆電'],2,"[[6.12, 5.12], [7.38, 7.12]]","['小巧', '想買']","['LAPTOP#GENERAL', 'LAPTOP#PORTABILITY']"
zho,laptop,6748101:S033,西風是輕薄型的電競筆電所以外型都是窄邊框機身也都比較輕比較薄很適合需要高效能又要攜帶方便的人,1,['西風'],3,"[[6.5, 5.5], [6.5, 5.83], [6.75, 5.75]]","['攜帶方便', '輕薄', '高效能']","['LAPTOP#OPERATION_PERFORMANCE', 'LAPTOP#PORTABILITY']"
zho,laptop,7012763:S013,Lenovo的筆電是真的不錯，可惜那個開價常常很嚇人。,1,['開價'],2,"[[3.5, 6.0], [4.25, 5.12]]","['可惜', '常常很嚇人']",['LAPTOP#PRICE']
zho,laptop,6960644:S010,螢幕很大很方便工作或遊戲都很足不會太小,1,['螢幕'],2,"[[6.38, 6.0], [7.0, 6.0]]","['很大', '很方便']","['DISPLAY#DESIGN_FEATURES', 'DISPLAY#GENERAL']"
zho,laptop,6894052:S023,整體而言，這是一台讓我有感受到華碩用心設計的筆電，各方面表現也符合官方的宣傳，入手至今非常滿意！,1,['筆電'],2,"[[7.12, 6.25], [7.5, 7.25]]","['入手至今非常滿意', '有感受到華碩用心設計']",['LAPTOP#GENERAL']
zho,laptop,6789589:S004,感謝分享，UX5304很有質感，1公斤真的是很輕薄，攜帶非常方便,1,['ux5304'],3,"[[6.67, 6.17], [6.8, 6.3], [7.12, 6.88]]","['很有質感', '攜帶非常方便', '真的是很輕薄']","['LAPTOP#DESIGN_FEATURES', 'LAPTOP#PORTABILITY']"
zho,laptop,6920254:S317,這個筆電搭配4090雖然說是非滿血版本，但是也夠用了,1,['4090'],2,"[[4.8, 4.6], [5.8, 5.0]]","['夠用', '非滿血版本']","['GRAPHICS#DESIGN_FEATURES', 'GRAPHICS#OPERATION_PERFORMANCE']"
zho,laptop,7045893:S004,"可以考慮啊！價差也不大，宏碁Ultra5OLED折扣後價格25,900元",1,['宏碁ultra5oled'],2,"[[4.88, 5.5], [5.75, 5.0]]","['價差也不大', '可以考慮']","['LAPTOP#GENERAL', 'LAPTOP#PRICE']"
zho,laptop,6935598:S243,"輕薄筆電,方便攜帶,很適合帶著到處跑",1,['筆電'],3,"[[6.0, 5.1], [6.38, 6.38], [6.5, 5.83]]","['很適合帶著到處跑', '方便攜帶', '輕薄']",['LAPTOP#PORTABILITY']
zho,laptop,6872042:S001,若是真的比較喜歡HP這個牌子覺得貴的話，可以搜一下看看哪一邊賣比較便宜，畢竟他定價高一些，但還是能找到便宜點的店家再賣,1,['hp這個牌子'],2,"[[3.67, 5.17], [4.38, 5.12]]","['定價高一些', '覺得貴']",['COMPANY#PRICE']
zho,laptop,7099724:S040,技嘉電競筆電真的設計的很好看耶，我好喜歡~,1,['技嘉電競筆電'],2,"[[6.88, 6.62], [7.0, 7.0]]","['我好喜歡', '真的設計的很好看']","['LAPTOP#DESIGN_FEATURES', 'LAPTOP#GENERAL']"
zho,laptop,6968030:S004,預算只有2萬5能挑的不多，都得加一點點，可以看看AcerNitro5An51558-56tv，規格i5-12500H/8GB/512G/RTX4050，CPU是12代的比較舊一點，要新一點可以看HPVictusGaming15-fa1038TX，規格i5-13500H/16G/RTX4050/512G，規格比較新也比較好，建議網上多比較後再買，能夠比較接近你預算買到,1,['規格'],2,"[[5.5, 5.0], [5.75, 4.88]]","['比較好', '比較新']",['LAPTOP#DESIGN_FEATURES']
zho,laptop,6902433:S006,17吋筆電真的太大只適合在家不移動小一點的筆電好攜帶重量也比較輕,1,['小一點的筆電'],2,"[[5.83, 5.17], [6.12, 5.25]]","['好攜帶', '重量也比較輕']",['LAPTOP#PORTABILITY']
zho,laptop,6880567:S036,我最喜歡本次介紹的超高續航力這功能、最希望HP筆電能幫忙帶出門工作流暢穩定又高續航,1,['筆電'],2,"[[6.25, 5.62], [6.5, 5.6]]","['流暢穩定', '高續航']","['LAPTOP#OPERATION_PERFORMANCE', 'LAPTOP#PORTABILITY']"
zho,laptop,7075251:S038,要帶著走還是以輕薄比較好比較機動，厚重本續航也沒有較好還要帶像磚一樣的變壓器出門,1,['輕薄'],2,"[[6.0, 5.5], [6.25, 5.5]]","['比較好', '比較機動']",['LAPTOP#PORTABILITY']
zho,laptop,6717457:S001,"B9450FA-3441A10210U14吋商用筆電你的需求如果是文書這台就很夠用了,而且還可以擴充硬碟容量雖然CPU第10代但文書基本上沒有差別,這個重量可以這個價位買到,真的超值了",1,['b9450fa-3441a10210u14吋商用筆電'],2,"[[5.88, 5.25], [6.62, 6.38]]","['真的超值', '需求如果是文書這台就很夠用']","['LAPTOP#OPERATION_PERFORMANCE', 'LAPTOP#PRICE']"
zho,laptop,7103121:S005,Vector的價格沒我想像中貴，算是高階筆電最划算的了吧?,1,['vector的價格'],2,"[[5.83, 5.0], [7.0, 5.83]]","['沒我想像中貴', '算是高階筆電最划算的']",['LAPTOP#PRICE']
zho,laptop,6782923:S009,我是首發買青色的i5+4050青色是真的好看且比台灣便宜多還可以PD快充重量也不重在家可以玩些遊戲帶去外面工作也可以使用很滿意,1,['青色的i5+4050'],4,"[[5.67, 5.0], [6.5, 6.17], [6.67, 6.83], [7.0, 6.75]]","['可以PD快充', '很滿意', '比台灣便宜多', '真的好看']","['LAPTOP#DESIGN_FEATURES', 'LAPTOP#GENERAL', 'LAPTOP#PRICE', 'POWER_SUPPLY#DESIGN_FEATURES']"
zho,laptop,6920254:S129,電競筆電做得那麼漂亮好想用,1,['電競筆電'],2,"[[6.5, 6.0], [7.0, 7.5]]","['好想用', '漂亮']","['LAPTOP#DESIGN_FEATURES', 'LAPTOP#GENERAL']"
zho,laptop,7052705:S019,acerSwiftGoSFG16-72-57WR星空灰宏碁全新CoreUltra時尚輕纖筆電/Ultra5-125H/IntelARC/32GBDDR5/512GBPCIe/16吋16:10WQXGA/120HZ/W11/含原廠包包及滑鼠可以看這台重量蠻輕的很適合外出攜帶,1,['acerswiftgosfg16-72-57wr'],2,"[[5.75, 4.88], [6.17, 5.33]]","['很適合外出攜帶', '蠻輕']",['LAPTOP#PORTABILITY']
zho,laptop,7052705:S019,acerSwiftGoSFG16-72-57WR星空灰宏碁全新CoreUltra時尚輕纖筆電/Ultra5-125H/IntelARC/32GBDDR5/512GBPCIe/16吋16:10WQXGA/120HZ/W11/含原廠包包及滑鼠可以看這台重量蠻輕的很適合外出攜帶,1,['星空灰宏碁全新coreultra時尚輕纖筆電'],2,"[[5.75, 4.88], [6.17, 5.33]]","['很適合外出攜帶', '蠻輕']",['LAPTOP#PORTABILITY']
zho,laptop,6773347:S014,三萬以內首推LenovoThinkpadL13/L14orE14/E15，兩個差不多，但個人比較喜歡買L系列沒收錢的推薦：小高黑店我買給一般員工大部分都是這台主管是surfaceproormacbookpro我是老appleuser，超過20年現在Macbook品質已經不比從前，,1,['l系列'],2,"[[6.12, 5.25], [6.25, 5.38]]","['比較喜歡', '沒收錢的推薦']",['LAPTOP#GENERAL']
zho,laptop,6815903:S003,SummitE16的設計滿美的以商務來說很有質感拿著看來就滿有專業度的感覺,1,['summite16的設計'],3,"[[6.83, 6.0], [6.88, 6.0], [7.0, 6.88]]","['很有質感', '拿著看來就滿有專業度的感覺', '滿美']",['LAPTOP#DESIGN_FEATURES']
zho,laptop,6964547:S007,外型上我個人覺得比上一代的VivoBook好看不少，相對簡約的風格，觸控板大面積反而很滑順較好使用其他的I/O配置上我也覺得相對合理不少,1,['觸控板'],3,"[[6.0, 4.5], [6.33, 4.17], [6.4, 5.1]]","['大面積', '滑順', '較好使用']",['HARDWARE#DESIGN_FEATURES']
zho,laptop,7071662:S024,"PS.樓主應該是想要一台好攜帶重量輕類似TUFA14(1.46kg)+PDGaN170w(250g)，總重量約只有1.7KG，然後可以穩跑""FHD+高畫質的輕薄電競筆電""對吧。",1,['tufa14'],2,"[[5.88, 5.12], [6.25, 5.38]]","['好攜帶', '輕']",['LAPTOP#PORTABILITY']
zho,laptop,6749219:S355,看起來很厲害的效能不錯耶!讚,1,['效能'],3,"[[6.17, 4.5], [6.75, 6.12], [6.83, 6.33]]","['不錯', '看起來很厲害', '讚']",['LAPTOP#OPERATION_PERFORMANCE']
zho,laptop,7024955:S143,除了風扇噪音有點大之外，感覺真是部粗勇、耐操又實用的入門電競筆電,1,['入門電競筆電'],3,"[[6.3, 5.4], [6.3, 5.5], [6.5, 5.75]]","['實用', '粗勇', '耐操']","['LAPTOP#GENERAL', 'LAPTOP#QUALITY']"
zho,laptop,7011750:S019,如果價格合理應該算蠻有吸引力的~,1,['價格'],2,"[[5.75, 5.12], [6.88, 6.5]]","['合理', '蠻有吸引力的']",['LAPTOP#PRICE']
zho,laptop,6823349:S001,基本上你的需求根本不需要多浪費錢買到電競筆電，只是買到爽度而已買一台好的商用筆電，穩定、耐用及保固長(三年)就很夠你用了商用機你可以參考LenovoThinkPad、DELLLatitude,1,['商用筆電'],3,"[[6.0, 5.0], [6.25, 5.25]]","['夠你用了', '穩定', '耐用']","['LAPTOP#OPERATION_PERFORMANCE', 'LAPTOP#QUALITY']"
zho,laptop,6827240:S041,MSIRaiderGE78HXSmartTouchpad13V搭配智慧觸控板，很不錯，讚！,1,['msiraiderge78hxsmarttouchpad13v'],2,"[[6.5, 5.4], [6.75, 5.75]]","['很不錯', '讚']",['LAPTOP#GENERAL']
zho,laptop,6756274:S071,螢幕尺寸夠大果然爽度爆表。,1,['螢幕'],2,"[[6.83, 5.83], [7.83, 7.83]]","['尺寸夠大', '爽度爆表']","['DISPLAY#DESIGN_FEATURES', 'LAPTOP#GENERAL']"
zho,laptop,6748382:S004,生活環境都充斥著3C這時候~對於眼睛的保護就更為重要HPPavilionPlus14的OLED2.8K螢幕鮮明豐富的色彩、TUV+Eyesafe認證可以有效降低藍光及DC調光不閃屏。,1,['hppavilionplus14的oled2.8k螢幕'],3,"[[6.88, 5.75], [7.0, 6.17], [7.17, 6.5]]","['DC調光不閃屏', '有效降低藍光', '鮮明豐富的色彩']",['DISPLAY#DESIGN_FEATURES']
zho,laptop,7021545:S067,超輕薄的筆電，很適合女生使用,1,['筆電'],2,"[[6.83, 5.83], [7.0, 6.83]]","['很適合女生使用', '超輕薄']","['LAPTOP#DESIGN_FEATURES', 'LAPTOP#GENERAL']"
zho,laptop,6795728:S007,這台散熱讚，在安靜環境下也不太會覺得機器吵，而且不容易會過熱降頻,1,['散熱'],3,"[[6.25, 5.5], [6.38, 5.62], [6.88, 6.0]]","['不太會覺得機器吵', '不容易會過熱降頻', '讚']","['FANS_COOLING#GENERAL', 'FANS_COOLING#OPERATION_PERFORMANCE']"
zho,laptop,6820357:S008,上蓋輕微下陷的狀況用起來真的會提心吊膽雖然很棒的筆電，但不太敢買來用,1,['筆電'],2,"[[4.0, 5.0], [6.5, 6.33]]","['不太敢買來用', '很棒']",['LAPTOP#GENERAL']
zho,laptop,7068641:S027,這台筆電這麼輕薄簡約好看，又有HDMI，運算又強，真的只要ARM相容性起來，MAC可能又要式微了,1,['筆電'],2,"[[6.67, 5.83], [6.83, 6.5]]","['簡約好看', '這麼輕薄']","['LAPTOP#DESIGN_FEATURES', 'LAPTOP#PORTABILITY']"
zho,laptop,6949617:S127,技嘉的筆電真的都很讚，但這次推出的這台感覺設計有點前衛，尾端有點突出，視覺上有點怪怪的,1,['設計'],2,"[[4.0, 4.5], [4.33, 4.83]]","['有點前衛', '視覺上有點怪怪的']",['LAPTOP#DESIGN_FEATURES']
zho,laptop,6754615:S122,外型很不錯又有專業的感覺看起來打電動也勉強適合XD,1,['外型'],2,"[[6.38, 6.0], [7.0, 6.0]]","['很不錯', '有專業的感覺']",['LAPTOP#DESIGN_FEATURES']
zho,laptop,7021545:S104,有一說一，國外評測可參考如下，這一代雖有進步，但實際上續航還是輸給蘋果/高通的，何況XPS13(9345)XElite只有55WH的電池，如果是相同72WH的電池續航就更高不少了，但我還是要說Asus的設計真得很不錯，這台筆電各項都很頂，值得購買。,1,['筆電'],2,"[[7.38, 6.5], [7.5, 7.3]]","['值得購買', '很頂']",['LAPTOP#GENERAL']
zho,laptop,6833601:S017,這鍵盤真的是不錯看用久了還有療癒的功能,1,['鍵盤'],2,"[[5.83, 5.17], [6.0, 5.0]]","['不錯看', '用久了還有療癒的功能']",['KEYBOARD#DESIGN_FEATURES']
zho,laptop,6745159:S015,G15這台比較舊了，不想等新的，或是覺得這台效能也夠你使用了，文書作業打輕度遊戲，是可以買的,1,['g15'],2,"[[4.5, 5.0], [5.62, 4.88]]","['可以買', '比較舊']",['LAPTOP#GENERAL']
zho,laptop,7060336:S010,硬要說還有A面的光劍個人覺得超級醜，而且閃給別人看沒意義啊，拜託把他改掉外型儘量低調（ProArt16外觀沈穩內斂就超讚！）,1,['proart16外觀'],2,"[[6.2, 4.7], [7.0, 6.33]]","['沈穩內斂', '超讚']",['LAPTOP#DESIGN_FEATURES']
zho,laptop,6714772:S017,最想體驗SPECTREx36014，絕佳設計，外觀賞心悅目，強大效能，無論coding或是影像編輯，都能得心應手。,1,['spectrex36014'],3,"[[6.7, 5.5], [6.88, 6.0], [7.0, 6.67]]","['得心應手', '最想體驗', '絕佳設計']","['LAPTOP#DESIGN_FEATURES', 'LAPTOP#GENERAL', 'LAPTOP#OPERATION_PERFORMANCE']"
zho,laptop,6992816:S008,就我個人來說，解析度能用就好，畢竟這個年代解析度都很足夠使用了Hz數就看你眼睛敏不敏感，或者是否有玩射擊遊戲再注重這點我比較在意100%sRGB這種顏色數據，因為我是有圖片處理需求，這點遠遠比其他數據重要,1,['解析度'],2,"[[5.75, 4.75], [6.0, 6.0]]","['能用就好', '都很足夠使用了']","['DISPLAY#DESIGN_FEATURES', 'LAPTOP#DESIGN_FEATURES']"
zho,laptop,6932879:S051,好貴有重量感的強筆電！,1,['筆電'],3,"[[3.67, 6.17], [4.5, 5.12], [6.67, 5.5]]","['好貴', '強', '有重量感']","['LAPTOP#GENERAL', 'LAPTOP#PORTABILITY', 'LAPTOP#PRICE']"
zho,laptop,6861086:S004,很不錯的重量不會太重很輕巧帶出門也很方便,1,['重量'],4,"[[6.0, 4.75], [6.25, 4.75], [6.25, 5.75], [6.3, 5.7]]","['不會太重', '帶出門也很方便', '很不錯', '很輕巧']",['LAPTOP#PORTABILITY']
zho,laptop,7052705:S010,Prestige13AI+Evo可以列入考慮，很輕，也是用最新一代的Ultra9288V處理器，這一代的處理器續航力提升很多,1,['prestige13ai+evo'],2,"[[5.75, 5.0], [6.0, 5.25]]","['可以列入考慮', '很輕']","['LAPTOP#GENERAL', 'LAPTOP#PORTABILITY']"
zho,laptop,6947172:S011,可以考慮一下ROGZephyrusG14GA403UV-0032HR9，外型挺漂亮的看起來比較有質感，效能也不錯，可以看看比較一下實體店家的價格去買，預算就不會跟你現在的相差太大,1,['外型'],2,"[[6.67, 6.0], [7.0, 6.75]]","['挺漂亮', '比較有質感']",['LAPTOP#DESIGN_FEATURES']
zho,laptop,7101943:S059,"ROGStrixSCAR18(2025)G835已經那麼貴那種那麼高規,但卻不一次攻頂使用CoreUltra9285HX,是價差太高嗎?",1,['rogstrixscar18(2025)g835'],2,"[[3.75, 5.0], [6.5, 5.7]]","['貴', '高規']","['LAPTOP#DESIGN_FEATURES', 'LAPTOP#PRICE']"
zho,laptop,6924021:S002,推K3605ZV，有SD卡槽，顯卡3060，跑PS完全沒問題，100%sRGB的螢幕看劇也很舒服,1,['k3605zv'],2,"[[6.62, 6.5], [6.67, 6.5]]","['推', '跑PS完全沒問題']","['LAPTOP#GENERAL', 'LAPTOP#OPERATION_PERFORMANCE']"
zho,laptop,7011040:S003,第一台ASUSFA617NTR-0032D7435HS只要會自己去搜尋處理bug的話AMD顯卡是沒什麼問題，畢竟AMD顯卡有越更新效能越好的傳說?價格可以自己再看看，MOMO除了品牌日或特賣外，3萬左右外面店家多找找基本應該都不用3萬就能買到,1,['amd顯卡'],2,"[[6.0, 5.0], [6.83, 5.83]]","['沒什麼問題', '越更新效能越好']","['GRAPHICS#GENERAL', 'GRAPHICS#OPERATION_PERFORMANCE']"
zho,laptop,6984905:S013,推InnergieC10應該是目前看到最小的PD100W充電器，尺寸5.4x5.3x3.04cm(87cc)，而且還有三年保固，通常筆電充電器個人都不太喜歡買中國品牌的，避免有安全因素，因為曾經有遇過白牌的有自燃過，所以挑選廠牌都會謹慎很多了！,1,['innergiec10'],2,"[[6.5, 7.12], [6.67, 6.33]]","['推', '最小的PD100W充電器']","['POWER_SUPPLY#GENERAL', 'POWER_SUPPLY#PORTABILITY']"
zho,laptop,6760543:S005,ASUSVivoBookPro15OLEDK6502ZE-0062S12700H酷玩銀這台很OK阿不一定要等13代的吧如果有需要的話就買吧,1,['asusvivobookpro15oledk6502ze-0062s12700h酷玩銀'],2,"[[5.38, 5.12], [5.75, 4.75]]","['很OK', '有需要的話就買']",['LAPTOP#GENERAL']
zho,laptop,6944068:S002,我有買過30顯卡系列的TUF，對於透明的鍵盤字體看起來很不習慣，聽店員說只有20顯卡系列的字體才會全白不透明，看來40系列應該也是透明的，對於老人家我來說，看起來很吃力，哈，感謝分享！,1,['透明的鍵盤字體'],2,"[[3.83, 5.33], [4.0, 5.33]]","['不習慣', '看起來很吃力']",['KEYBOARD#DESIGN_FEATURES']
zho,laptop,6957949:S021,買最新款的S5404阿外觀好看每天看到心情好就值得了,1,['外觀'],3,"[[6.12, 5.38], [6.17, 5.83], [6.38, 5.75]]","['值得', '好看', '每天看到心情好']",['LAPTOP#DESIGN_FEATURES']
zho,laptop,7057803:S011,最便宜的要小心不要買到電子垃圾CPU慢到不想用續航力也不強帶出門還要找插座,1,['續航力'],2,"[[3.7, 5.1], [3.75, 4.75]]","['不強', '帶出門還要找插座']",['LAPTOP#OPERATION_PERFORMANCE']
zho,laptop,6815929:S021,出國遊學帶筆電重的要死又沒效率要聯絡用手機就很方便了頂多買台平板現在買筆電除非工作需求,1,['筆電'],2,"[[3.12, 6.88], [3.62, 5.12]]","['沒效率', '重的要死']","['LAPTOP#GENERAL', 'LAPTOP#PORTABILITY']"
zho,laptop,6989158:S002,"超薄型機種，先天散熱就受限這樣的機種搭配i9CPU，似乎不均衡公司配一台LenovoL14(i5CPU)的商務機種給我，也很輕薄但一開機就感覺滿火熱的、風扇吹出的氣流都有點高從這個經驗來看，我很擔心這台""輕薄機＋i9CPU""會是什麼樣子？",1,['lenovol14'],2,"[[3.5, 5.88], [6.5, 6.0]]","['一開機就感覺滿火熱的', '很輕薄']","['FANS_COOLING#OPERATION_PERFORMANCE', 'LAPTOP#PORTABILITY']"
zho,laptop,6818071:S274,這台帶出去一定很吸睛超大摺疊螢幕,1,['摺疊螢幕'],2,"[[6.5, 6.6], [6.83, 6.83]]","['很吸睛', '超大']",['DISPLAY#DESIGN_FEATURES']
zho,laptop,6918097:S117,配備看起來都不錯16吋還可以但是價格上看到吃手手另外散熱部分好像感覺因該也還可以整體上感覺就是價格有點高,1,['價格'],2,"[[3.62, 5.88], [4.0, 6.0]]","['吃手手', '有點高']",['LAPTOP#PRICE']
zho,laptop,7036383:S031,螢幕觸控的到最後螢幕都是油看了就不舒服另外用MacBook就沒這個問題MacBook的觸控板做得很好功能比滑鼠強我用MacBook沒在用滑鼠的MS把觸控板當滑鼠用怎麼用也不好用有些受MS毐害的使用者用MacBook仍在使用滑鼠,1,['macbook的觸控板'],2,"[[6.83, 6.17], [6.83, 6.33]]","['做得很好', '比滑鼠強']","['HARDWARE#OPERATION_PERFORMANCE', 'HARDWARE#QUALITY']"
zho,laptop,7052843:S010,買一台這麼貴的筆電結果效能、相容性都有那麼明顯的缺陷真的是買到撞到還是看MD比較實在,1,['筆電'],2,"[[3.0, 6.12], [3.62, 5.25]]","['真的是買到撞到', '這麼貴']","['LAPTOP#GENERAL', 'LAPTOP#PRICE']"
zho,laptop,6809694:S011,"A面顏色調得不錯,很有質感,但那c面就有點普通,就不能設計的新穎一點?",1,['a面'],2,"[[6.5, 5.62], [6.5, 5.75]]","['很有質感', '顏色調得不錯']",['LAPTOP#DESIGN_FEATURES']
zho,laptop,6897254:S029,筆電真不錯，看起來輕薄有質感,1,['筆電'],3,"[[6.3, 5.4], [6.33, 5.67], [6.38, 5.5]]","['有質感', '真不錯', '輕薄']","['LAPTOP#DESIGN_FEATURES', 'LAPTOP#GENERAL', 'LAPTOP#PORTABILITY']"
zho,laptop,6711431:S003,這台估計入手的人還不多，畢竟旗艦價格不過看起來真的很酷炫，感覺手機筆電應該慢慢都會走向折疊,1,['筆電'],2,"[[4.33, 5.0], [6.88, 6.88]]","['旗艦價格', '真的很酷炫']","['LAPTOP#DESIGN_FEATURES', 'LAPTOP#PRICE']"
zho,laptop,7078499:S004,銀白色的外殼真的耐看又百搭，尤其是家電類放在客廳不會顯得突兀，還挺有質感的。,1,['銀白色的外殼'],3,"[[6.25, 4.62], [7.0, 5.88], [7.0, 7.33]]","['挺有質感', '放在客廳不會顯得突兀', '真的耐看又百搭']",['LAPTOP#DESIGN_FEATURES']
zho,laptop,6792246:S026,恭喜樓主入手好機器跟分享攻略注音沒有是我喜歡從大陸購買的理由打字從沒在看鍵盤，台版的鍵盤有注音有倉頡亂糟糟背光都被遮擋了~~,1,['台版的鍵盤'],2,"[[3.88, 5.38], [4.0, 5.38]]","['有注音有倉頡亂糟糟', '背光都被遮擋了']",['KEYBOARD#DESIGN_FEATURES']
zho,laptop,7101943:S106,筆電持續進步，價錢也不斷推升，比一台150的機車還貴,1,['價錢'],2,"[[3.88, 6.0], [6.25, 6.0]]","['不斷推升', '比一台150的機車還貴']",['LAPTOP#PRICE']
zho,laptop,6731796:S004,這台筆電之所以貴就是因為他有像電競機一樣的效能（雖然無法效能媲美高階機種），兼具輕薄以及外觀時尚，所以成本來講，只會筆電競更高不會低，所以價位來講的話，雖然不是太親民，但是也是算可以接受的範圍，畢竟要輕又要效能，就一定會貴，這台比較適合用來做繪圖類的工作，玩一些3D遊戲也是可以的。,1,['筆電'],2,"[[4.12, 5.0], [6.0, 5.25]]","['貴', '輕薄']","['LAPTOP#PORTABILITY', 'LAPTOP#PRICE']"
zho,laptop,6731796:S004,這台筆電之所以貴就是因為他有像電競機一樣的效能（雖然無法效能媲美高階機種），兼具輕薄以及外觀時尚，所以成本來講，只會筆電競更高不會低，所以價位來講的話，雖然不是太親民，但是也是算可以接受的範圍，畢竟要輕又要效能，就一定會貴，這台比較適合用來做繪圖類的工作，玩一些3D遊戲也是可以的。,1,['價位'],2,"[[4.25, 4.88], [5.12, 4.88]]","['不是太親民', '算可以接受']",['LAPTOP#PRICE']
zho,laptop,6721896:S001,有沒有AMD的CPU款式?我原本的G15是AMD的很好用，好用到被我老婆直接拿走不還我了，最近想要再買一台筆電自己用,1,['amd的cpu'],2,"[[6.62, 6.12], [7.38, 6.62]]","['好用到被我老婆直接拿走不還我', '很好用']",['CPU#GENERAL']
zho,laptop,6721896:S001,有沒有AMD的CPU款式?我原本的G15是AMD的很好用，好用到被我老婆直接拿走不還我了，最近想要再買一台筆電自己用,1,['g15'],2,"[[6.83, 6.17], [7.38, 6.62]]","['好用到被我老婆直接拿走不還我', '很好用']",['LAPTOP#GENERAL']
zho,laptop,6943483:S022,chromebook除非你從美國買回來不然在台灣買一點都不便宜那點價差不如買windows筆電,1,['chromebook'],2,"[[3.67, 4.83], [3.75, 5.38]]","['在台灣買一點都不便宜', '那點價差不如買windows筆電']",['LAPTOP#PRICE']
zho,laptop,6729537:S017,"最強的平板筆電,感覺比ＳＵＲＦＡＣＥ耐操",1,['平板筆電'],2,"[[6.83, 5.5], [7.5, 7.88]]","['最強', '比ＳＵＲＦＡＣＥ耐操']","['LAPTOP#GENERAL', 'LAPTOP#QUALITY']"
zho,laptop,6729486:S018,這台筆電也太便宜了，雖然我不愛小筆電，不過很輕便也好攜帶倒是真的,1,['小筆電'],3,"[[4.0, 4.83], [6.5, 5.83], [6.75, 6.25]]","['不愛', '好攜帶', '很輕便']","['LAPTOP#GENERAL', 'LAPTOP#PORTABILITY']"
zho,laptop,7106910:S001,舊13/14th耗電，續航都不怎樣ULTRA1xx系新製程小白鼠，效能差一截，MTLCPU效能還不如舊世代產品能。改看ULTRA2xx系效能跟續航會好很多，2XX系的內顯效能已經算還行，輕量應用沒啥問題當然能搭個4060當然比較好(雖然也不是很建議，GPU配8GB記憶體你很快就會知道什麼叫爆顯存斷崖式FPS下降)至於沒漂亮組合很正常，舊系列沒趕緊先銷完前，好規格的組合不是很貴就是慢慢拖，更不用說很多國外新出的機種國內根本沒出，被廠商當次級市場在賣一些較差的規格,1,['續航'],2,"[[4.12, 5.25], [5.75, 5.25]]","['不怎樣', '會好很多']",['BATTERY#OPERATION_PERFORMANCE']
zho,laptop,6946915:S139,"筆電性能不錯,但是太大台攜帶比較不方便,單純家用是不錯",1,['筆電'],2,"[[4.17, 5.0], [6.33, 5.67]]","['家用是不錯', '攜帶比較不方便']","['LAPTOP#OPERATION_PERFORMANCE', 'LAPTOP#PORTABILITY']"
zho,laptop,6842881:S001,"選16""2.5K螢幕真的很棒看螢幕都覺得舒服多了。",1,"['16""2.5k螢幕']",2,"[[6.4, 5.7], [6.67, 6.67]]","['真的很棒', '舒服']",['DISPLAY#DESIGN_FEATURES']
zho,laptop,6960644:S053,重量輕是首選這台筆電還不錯表現的很優秀很棒,1,['筆電'],3,"[[5.75, 5.12], [5.88, 5.25], [6.12, 5.25]]","['很優秀', '很棒', '還不錯']",['LAPTOP#GENERAL']
zho,laptop,6763446:S001,OLED鮮豔很多哦，而且現在慢慢除了手機外筆電都要用OLED了看過就回不去啦,1,['oled'],2,"[[6.17, 6.0], [6.75, 6.12]]","['看過就回不去', '鮮豔很多']",['DISPLAY#DESIGN_FEATURES']
zho,laptop,6894052:S015,觸控板挺滑順，按壓感紮實，沒什麼好挑剔的。,1,['觸控板'],3,"[[6.5, 5.25], [6.67, 6.33], [6.75, 6.0]]","['按壓感紮實', '挺滑順', '沒什麼好挑剔的']","['HARDWARE#DESIGN_FEATURES', 'HARDWARE#GENERAL', 'HARDWARE#OPERATION_PERFORMANCE']"
zho,laptop,6744514:S023,不會買聯想的產品超雷,1,['聯想的產品'],2,"[[2.38, 7.25], [2.62, 6.75]]","['不會買', '超雷']",['COMPANY#GENERAL']
zho,laptop,7057920:S008,這台筆電大螢幕但是很輕才1.4公斤要帶出門的話很方便,1,['筆電'],2,"[[5.83, 5.17], [6.12, 5.5]]","['帶出門的話很方便', '很輕']",['LAPTOP#PORTABILITY']
zho,laptop,6943370:S010,這台筆電我不少朋友也有用很穩沒啥問題散熱也不錯,1,['筆電'],2,"[[6.12, 5.25], [6.88, 6.25]]","['很穩', '沒啥問題']",['LAPTOP#QUALITY']
zho,laptop,6957949:S023,M5406NA還不錯也很輕薄，同樣也有玫瑰金版本，也有HDMI輸出方便你投影使用，價格也很適中。,1,['m5406na'],2,"[[5.75, 5.0], [6.17, 5.0]]","['不錯', '輕薄']","['LAPTOP#GENERAL', 'LAPTOP#PORTABILITY']"
zho,laptop,6848038:S011,B9選到頂才六萬多比起它牌商務機價格算合理很推薦....不過希望有4K/500nits螢幕的選項,1,['價格'],2,"[[5.75, 5.12], [6.88, 6.75]]","['很推薦', '算合理']",['LAPTOP#PRICE']
zho,laptop,6848290:S005,MSIStealth14StudioA13VE-206TW這台已經算是輕薄電競筆電來說散熱很不錯的規格了1.7公斤相對其他電競筆電來說也好攜帶的多螢幕面板也是有挑過的機種喔,1,['msistealth14studioa13ve-206tw'],2,"[[6.33, 4.67], [6.38, 5.62]]","['相對其他電競筆電來說也好攜帶', '輕薄']",['LAPTOP#PORTABILITY']
zho,laptop,6818071:S016,雖然已經有一台筆電，但LenovoYogaBook9i雙螢幕感覺讓筆電又有了新的使用感受，很棒,1,['lenovoyogabook9i雙螢幕'],2,"[[6.0, 5.0], [6.75, 6.5]]","['很棒', '有了新的使用感受']",['LAPTOP#GENERAL']
zho,laptop,6769489:S022,"有別於一般特別版都不刷注音,他的鍵盤是有刷注音的,再來就是敲擊感非常好我覺得勝過flowz13鍵盤,雖然差距沒有到非常大,但他就是有比較好的手感5.",1,['鍵盤'],5,"[[5.25, 4.75], [5.88, 5.25], [6.0, 5.5], [6.38, 5.12], [7.38, 7.62]]","['勝過flowz13鍵盤', '差距沒有到非常大', '敲擊感非常好', '有刷注音', '比較好的手感']","['KEYBOARD#DESIGN_FEATURES', 'KEYBOARD#GENERAL', 'KEYBOARD#OPERATION_PERFORMANCE']"
zho,laptop,6979297:S012,X1505VA很夠用了，而且又是OLED螢幕，加上一條16GB記憶體都不太會破預算，而且也算好攜帶使用很好的選擇,1,['x1505va'],3,"[[6.0, 5.17], [6.75, 5.88], [6.88, 6.25]]","['很夠用', '很好的選擇', '算好攜帶使用']","['LAPTOP#GENERAL', 'LAPTOP#PORTABILITY', 'LAPTOP#USABILITY']"
zho,laptop,6697947:S001,17吋跟15吋就差在螢幕大小鍵盤17吋有獨立數字鍵15吋獨立數字鍵整合到觸控板其餘就沒啥差了17吋非常重螢幕比較大散熱好一點15吋方便攜帶要買直接買Scar吧效能散熱螢幕都比較好明年13代+40系列價格應該非常貴,1,['散熱'],2,"[[6.0, 5.0], [6.0, 5.12]]","['好', '好一點']",['FANS_COOLING#OPERATION_PERFORMANCE']
zho,laptop,7037008:S004,UX3405MA才1.22公斤夠輕薄還配上OED螢幕內建16G記憶體預算拉滿用好幾年沒問題,1,['ux3405ma'],3,"[[5.75, 5.12], [6.0, 5.25], [6.25, 5.5]]","['夠輕薄', '才1.22公斤', '用好幾年沒問題']","['LAPTOP#PORTABILITY', 'LAPTOP#QUALITY']"
zho,laptop,7101943:S077,這種重量應該是算可移動，而非可攜，但效能算強，當桌機也是可以。,1,['重量'],2,"[[4.25, 5.0], [5.8, 5.0]]","['可移動', '非可攜']",['LAPTOP#PORTABILITY']
zho,laptop,7075208:S014,要輕薄就是Zenbook系列就是了13寸說真的也選擇不多UM5302超輕螢幕也好應該很適合你的需求,1,['um5302'],2,"[[6.5, 6.38], [6.67, 6.0]]","['很適合你的需求', '超輕']","['LAPTOP#GENERAL', 'LAPTOP#PORTABILITY']"
zho,laptop,6895216:S007,ASUSG814JV-0032G13980HX-NBL推這台+1~這台規格上會比較香喔而且他們的定位本來就不是在同一階預算能上這台一定比較推薦的,1,['asusg814jv-0032g13980hx-nbl'],2,"[[6.5, 5.83], [6.88, 6.25]]","['一定比較推薦', '推']",['LAPTOP#GENERAL']
zho,laptop,6836235:S007,可以選AcerAN515它有i7處理器及4060獨顯，螢幕表現也不錯可以跑AutoCAD，也可以用來寫程式,1,['aceran515'],3,"[[5.75, 4.88], [5.83, 5.0]]","['可以用來寫程式', '可以跑AutoCAD', '可以選']","['LAPTOP#GENERAL', 'LAPTOP#OPERATION_PERFORMANCE']"
zho,laptop,6770036:S469,第一眼看到想起多年前買的筆電也是這樣典雅很有親切感,1,['筆電'],2,"[[6.0, 5.0], [6.12, 5.12]]","['典雅', '很有親切感']",['LAPTOP#DESIGN_FEATURES']
zho,laptop,6850639:S004,"捷元15X商用文書專案不錯Intel4核心N4120處理器16GBDDR4記憶體1TBSSD,最高可升級到4TBSSD15""螢幕正版Windows11專業版,2年保固台灣製造只要10,900元含稅就可以輕鬆擁有,而且還可以用賣貨便貨到收現金.",1,['捷元15x商用文書'],2,"[[6.0, 5.0], [6.12, 5.38]]","['不錯', '輕鬆擁有']","['LAPTOP#GENERAL', 'LAPTOP#PRICE']"
zho,laptop,6838307:S028,ACERSWIFTGO那你可以考慮看看這系列的規格喔～重量也很輕薄好攜帶續航力高基本文書使用都沒什麼問題！,1,['重量'],2,"[[5.88, 5.0], [6.5, 5.8]]","['好攜帶', '很輕薄']","['LAPTOP#GENERAL', 'LAPTOP#PORTABILITY']"
zho,laptop,6776803:S001,目前剛入手Scar18G834JY4090一週使用上還不錯因該都有符合你的需求原價109000螢幕18吋框占比比例很好看起來很舒服CPUi9-13980HX顯示卡4090硬碟1TB+1TBPCIe可擴充記憶體32g可擴充視訊鏡頭有數字鍵盤目前使用來玩決勝時刻現代戰爭2秘境探險盜賊傳奇合輯畫質都調高玩起來很順,1,['scar18g834jy4090'],2,"[[5.75, 5.0], [6.0, 5.5]]","['符合你的需求', '還不錯']",['LAPTOP#GENERAL']
zho,laptop,6980398:S074,先不論筆電的規格跟性能這顏色不錯看我喜歡,1,['顏色'],2,"[[6.88, 5.88], [7.25, 6.88]]","['不錯看', '我喜歡']",['LAPTOP#DESIGN_FEATURES']
zho,laptop,6784382:S001,覺得這台隨身螢幕的支架設計真的是很不錯可以調整的角度很大還能轉成直式顯示重量真的好輕(比我的平板還輕巧)，內建喇叭外出好方便,1,['重量'],2,"[[6.75, 6.12], [7.0, 6.62]]","['外出好方便', '真的好輕']",['LAPTOP#PORTABILITY']
zho,laptop,6989987:S001,推薦你PredatorTritonNeoPTN16-51-96Q6這款質感不錯也不會太重，註冊後還會升級三年保固，現在的活動還有送XBOX無線搖桿和掠奪者行李箱真的要14吋也有PredatorHeliosNeoPHN14-51-980B但14吋款硬碟就不能用加裝的方式處理，要整條換掉微星的同類型有Stealth14AIStudio但規格稍差，保固只有兩年,1,['predatortritonneoptn16-51-96q6'],2,"[[6.12, 5.5], [6.33, 6.17]]","['不會太重', '推薦']","['LAPTOP#GENERAL', 'LAPTOP#PORTABILITY']"
zho,laptop,6786147:S004,保固時間太長，保固內故障障維修收不到錢，現在零件都使用環保材質不耐用，容易故障，為避免虧損改保固年限！！,1,['零件'],2,"[[3.75, 5.75], [3.83, 5.67]]","['不耐用', '容易故障']",['HARDWARE#QUALITY']
zho,laptop,6788726:S483,AlienwareX14R2電競筆電體驗｜極致纖薄與科幻設計的交會！,1,['alienwarex14r2電競筆電'],2,"[[6.62, 5.62], [6.7, 6.2]]","['極致纖薄', '科幻設計']","['LAPTOP#DESIGN_FEATURES', 'LAPTOP#PORTABILITY']"
zho,laptop,6947475:S002,技嘉G5MF5-H2TW353SH32k就有了技嘉售後服務很好不用怕壞掉麻煩,1,['技嘉售後服務'],2,"[[6.25, 4.88], [6.5, 5.17]]","['不用怕壞掉麻煩', '很好']",['SUPPORT#QUALITY']
zho,laptop,6727320:S006,不過如果預算稍微可以在彈性一點的話，我個人是比較推LenovoGaming382K201YKTW15.6吋電競這台，因為這台CPU跟顯卡等級，都明顯比較好，而且螢幕規格表現也不錯，我覺得預算可以稍微調高一點點的話，可以考慮一下這台啦！,1,['lenovogaming382k201yktw'],2,"[[6.0, 5.25], [6.12, 5.62]]","['個人是比較推', '可以考慮一下']",['LAPTOP#GENERAL']
zho,laptop,6755756:S057,螢幕很不錯很大很顯眼使用方便,1,['螢幕'],4,"[[6.5, 5.5], [6.62, 6.25], [6.75, 6.25], [6.83, 6.17]]","['使用方便', '很不錯', '很大', '很顯眼']","['DISPLAY#DESIGN_FEATURES', 'DISPLAY#GENERAL', 'DISPLAY#OPERATION_PERFORMANCE', 'DISPLAY#USABILITY']"
zho,laptop,6966145:S005,螢幕很大很好使用工作很方便不會太小,1,['螢幕'],3,"[[5.88, 5.25], [6.5, 6.33]]","['工作很方便', '很大', '很好使用']","['DISPLAY#DESIGN_FEATURES', 'DISPLAY#OPERATION_PERFORMANCE', 'DISPLAY#USABILITY']"
zho,laptop,6969624:S025,TUF出14寸會不會打到西風之神G14如果價格又便宜就真的很有吸引力,1,['價格'],2,"[[6.38, 5.5], [7.12, 7.12]]","['便宜', '真的很有吸引力']",['LAPTOP#PRICE']
zho,laptop,6806349:S010,鼠鍵是耗材，保固期很短，除非短時間壞掉一般不保固，我一直也是這樣認為的，之前華碩電競tuf筆電鍵帽也是壞掉用不到三年，因為有背光比較貴也是被收3200！也是壞字母方向鍵，！,1,['筆電鍵帽'],2,"[[3.38, 5.38], [3.7, 5.3]]","['壞掉', '用不到三年']",['KEYBOARD#QUALITY']
zho,laptop,6785794:S025,"螢幕的黑邊框,好粗勇...不像是現在的NB該有的設計.",1,['螢幕的黑邊框'],2,"[[4.3, 5.3], [4.33, 5.0]]","['不像是現在的NB該有的設計', '好粗勇']",['DISPLAY#DESIGN_FEATURES']
zho,laptop,6787035:S004,以現在來說13吋筆電相對少選擇之前他出灰色款就覺得好美好輕攜帶很方便的感覺現在又出白色感覺外觀上又更加分了恭喜買到一台好筆電,1,['筆電'],3,"[[6.5, 6.0], [6.5, 6.17], [6.67, 6.5]]","['好美', '好輕', '攜帶很方便']","['LAPTOP#DESIGN_FEATURES', 'LAPTOP#PORTABILITY']"
zho,laptop,6949617:S030,這台筆電是兼具AI的親民之選！外型好看!,1,['筆電'],2,"[[5.67, 5.0], [6.83, 5.83]]","['兼具AI', '親民之選']","['LAPTOP#DESIGN_FEATURES', 'LAPTOP#GENERAL']"
zho,laptop,6861364:S010,電競筆電就夠重了，當然變壓器能越小越輕越好，現在輕量化是趨勢了，有些真的做很重只想放家裡,1,['電競筆電'],2,"[[3.83, 5.5], [4.0, 5.17]]","['做很重只想放家裡', '夠重']",['LAPTOP#PORTABILITY']
zho,laptop,6837523:S029,acerNitroAN515-58-56TV戰魂黑宏碁戰魂電競遊戲筆電/i5-12500H/RTX40506G/8GDDR5/512GPCIe/15.6吋FHD144Hz/W11/含acer原廠包包及滑鼠30K內最強的還是宏碁的AN51556TV了滿血4050擴充性又很好,1,['宏碁的an51556tv'],2,"[[5.75, 5.0], [6.38, 5.62]]","['30K內最強', '滿血4050']","['GRAPHICS#OPERATION_PERFORMANCE', 'LAPTOP#GENERAL']"
zho,laptop,7069459:S012,Yoga系列真的是攜帶方便...不玩遊戲真的夠用...,1,['yoga系列'],2,"[[5.75, 5.12], [6.17, 5.5]]","['不玩遊戲真的夠用', '真的是攜帶方便']","['LAPTOP#PORTABILITY', 'LAPTOP#USABILITY']"
zho,laptop,7011663:S015,不然這低調的外型，筆電賣高價還是算了。,1,['筆電'],2,"[[3.75, 5.5], [3.83, 5.0]]","['還是算了', '高價']","['LAPTOP#GENERAL', 'LAPTOP#PRICE']"
zho,laptop,6927366:S012,AIPC是個噱頭，沒這麼快！不過，想買就買買上一代的機種一定便宜、划算、CP值高，這點沒錯因為您沒提到預算、需求（用途）所以就沒法幫您建議了，謝謝,1,['上一代的機種'],3,"[[6.17, 4.67], [6.38, 5.5], [6.67, 5.5]]","['CP值高', '便宜', '划算']",['LAPTOP#PRICE']
zho,laptop,6699348:S1481,很棒的筆電，但超過2公斤.....><,1,['筆電'],2,"[[4.0, 5.25], [6.12, 5.62]]","['很棒', '超過2公斤']","['LAPTOP#GENERAL', 'LAPTOP#PORTABILITY']"
zho,laptop,7114660:S021,好看又很有質感還得是你ROG,1,['rog'],2,"[[6.75, 6.12], [7.0, 5.5]]","['好看', '很有質感']",['LAPTOP#DESIGN_FEATURES']
zho,laptop,7074781:S021,雖然16吋已經很輕了，帶出門的包小不了啊，推14吋的西風性能強而且帶出門真的方便很多,1,['16吋'],2,"[[4.0, 4.83], [6.17, 5.17]]","['已經很輕了', '帶出門的包小不了']",['LAPTOP#PORTABILITY']
zho,laptop,7074781:S021,雖然16吋已經很輕了，帶出門的包小不了啊，推14吋的西風性能強而且帶出門真的方便很多,1,['14吋的西風'],2,"[[6.5, 6.17], [6.5, 6.33]]","['帶出門真的方便很多', '推']","['LAPTOP#GENERAL', 'LAPTOP#PORTABILITY']"
zho,laptop,7010970:S041,字體顏色還是太透了，有時候要看都不太清楚，希望可以改進,1,['字體顏色'],2,"[[3.88, 5.12], [4.0, 5.62]]","['不太清楚', '太透了']",['OS#DESIGN_FEATURES']
zho,laptop,7000531:S003,恭喜入手，之前TUF都很厚重，現在這台筆電尺寸小比較輕好攜帶,1,['筆電'],2,"[[6.25, 5.62], [6.62, 5.62]]","['好攜帶', '比較輕']",['LAPTOP#PORTABILITY']
zho,laptop,7058242:S036,也是因為這樣，所以後來自己買一台筆電，也就選擇華碩的商用款(其實是嫌棄公司買的筆電太重)，但沒想到維修卻遇到連這小零件都搞不定，真的很失望,1,['維修'],2,"[[3.0, 5.88], [3.38, 5.5]]","['小零件都搞不定', '真的很失望']","['SUPPORT#GENERAL', 'SUPPORT#QUALITY']"
zho,laptop,6956767:S003,對AI有興趣可以入手阿價格才三萬初頭不貴重量也很輕便好攜帶,1,['重量'],2,"[[6.38, 5.88], [6.5, 6.0]]","['好攜帶', '很輕便']",['LAPTOP#PORTABILITY']
zho,laptop,6818071:S200,聯想筆電其實看起來不錯，就是不怎麼實用⋯⋯我的聯想壞很快,1,['聯想筆電'],3,"[[3.25, 6.25], [4.0, 5.0], [6.33, 5.5]]","['不怎麼實用', '壞很快', '看起來不錯']","['LAPTOP#GENERAL', 'LAPTOP#QUALITY', 'LAPTOP#USABILITY']"
zho,laptop,6956965:S150,外型看起來有點沉應該蠻有重量感,1,['外型'],2,"[[4.17, 4.67], [4.33, 5.0]]","['有點沉', '蠻有重量感']",['LAPTOP#PORTABILITY']
zho,laptop,7100595:S054,這台厚度應該是14.9~17.4mm才是???真的很薄，看規格應該跟ROGG16幾乎差不多，只是敗筆還是那顆大又重的280W充電器，很可惜還沒導入氮化鎵的輕量化設計，整體攜帶性上還是不夠便利，不過雷蛇的筆電外觀質感還是真的很讚。,1,['280w充電器'],2,"[[3.75, 4.75], [4.17, 4.67]]","['大', '重']",['POWER_SUPPLY#PORTABILITY']
zho,laptop,7113122:S012,買了ROGG14AMDR9-8945HS就安心用這台只能說就是質感TOP效能還不錯續航上比較中等但確實非常夠用了我自己如果綜合考量也是會買這台,1,['續航'],2,"[[5.0, 5.67], [6.0, 5.0]]","['比較中等', '確實非常夠用了']",['LAPTOP#OPERATION_PERFORMANCE']
zho,laptop,6929230:S044,這個規格很飽滿值得入手,1,['規格'],2,"[[6.88, 6.12], [6.88, 6.38]]","['值得入手', '很飽滿']",['LAPTOP#DESIGN_FEATURES']
zho,laptop,6842774:S001,建議第一台13代i5的UX5304，輕便好帶ASUSZenbookS13OLEDUX5304VA,1,['asuszenbooks13oledux5304va'],2,"[[6.17, 5.17], [6.5, 6.17]]","['好帶', '輕便']",['LAPTOP#PORTABILITY']
zho,laptop,6974513:S005,算是蠻期待的一台畢竟...G14我買不起雖然真的很好看退而求其次來一台TUF14吋也不錯不過可能就要定位就要像G14那樣很明確,1,['g14'],2,"[[3.75, 5.0], [7.33, 7.17]]","['真的很好看', '買不起']","['LAPTOP#DESIGN_FEATURES', 'LAPTOP#PRICE']"
zho,laptop,6798576:S003,我覺得rog西風M16有爆點預算，可以參考下~,1,['rog西風m16'],2,"[[4.17, 5.0], [5.83, 5.0]]","['可以參考下', '有爆點預算']","['LAPTOP#GENERAL', 'LAPTOP#PRICE']"
zho,laptop,7120838:S022,素素的顏色外觀，不錯！很高級的感覺,1,['素素的顏色外觀'],2,"[[6.0, 5.17], [6.5, 5.88]]","['不錯', '很高級']",['LAPTOP#DESIGN_FEATURES']
zho,laptop,6772787:S080,"好重的筆電真可惜,它的設計觀感不錯,但2.2kg以上就不行了.",1,['筆電'],2,"[[3.5, 5.7], [4.2, 5.0]]","['好重', '真可惜']","['LAPTOP#GENERAL', 'LAPTOP#PORTABILITY']"
zho,laptop,6862248:S010,UX3402ZA，整體輕薄，支援Thunderbolt4，接hub後連接阜夠，續航不錯，辦公使用非常適合,1,['ux3402za'],2,"[[6.25, 5.25], [6.33, 5.17]]","['輕薄', '辦公使用非常適合']","['LAPTOP#PORTABILITY', 'LAPTOP#USABILITY']"
zho,laptop,6949617:S160,螢幕感覺小了些，有點可惜,1,['螢幕'],2,"[[4.17, 5.0], [4.5, 5.0]]","['小了些', '有點可惜']","['DISPLAY#DESIGN_FEATURES', 'DISPLAY#GENERAL']"
zho,laptop,6913277:S001,"兩台效能可能差非常多,影音創作需要的是多核，而coreultra可能慢14代的HX快一倍...也比13代的HX慢很多,甚至可能比13代的13900H慢...",1,['coreultra'],2,"[[4.0, 5.0], [4.33, 5.83]]","['可能慢14代的HX快一倍', '可能比13代的13900H慢']",['CPU#OPERATION_PERFORMANCE']
zho,laptop,6755756:S031,18寸4KG這重量真驚人看來只適合在家裡用,1,['重量'],2,"[[4.0, 6.5], [4.17, 5.0]]","['只適合在家裡用', '真驚人']",['LAPTOP#PORTABILITY']
zho,laptop,6794063:S011,好看，個人對msi筆電滿喜歡的,1,['msi筆電'],2,"[[6.75, 6.12], [6.88, 6.5]]","['好看', '滿喜歡']","['LAPTOP#DESIGN_FEATURES', 'LAPTOP#GENERAL']"
zho,laptop,6946915:S182,"感謝分享好筆電就是讚,誠意滿滿啊",1,['筆電'],2,"[[6.67, 6.17], [7.3, 6.7]]","['就是讚', '誠意滿滿']",['LAPTOP#GENERAL']
zho,laptop,6839391:S018,推買FX507ZV4，效能上贏，而且是比較新的機器，CP值比較高,1,['fx507zv4'],2,"[[6.12, 5.38], [6.17, 5.33]]","['推買', '比較新']",['LAPTOP#GENERAL']
zho,laptop,6815929:S025,要我就給兒子買MacbookAIR15M2，輕薄高效有型電力持久，給兒子去咖啡廳優雅學習，說不定還能討個洋媳婦回來，電競筆電又重又熱又不持久。,1,['電競筆電'],3,"[[3.67, 5.0], [3.7, 5.0]]","['不持久', '熱', '重']","['FANS_COOLING#GENERAL', 'LAPTOP#OPERATION_PERFORMANCE', 'LAPTOP#PORTABILITY']"
zho,laptop,6815929:S025,要我就給兒子買MacbookAIR15M2，輕薄高效有型電力持久，給兒子去咖啡廳優雅學習，說不定還能討個洋媳婦回來，電競筆電又重又熱又不持久。,1,['macbookair15m2'],3,"[[5.88, 4.88], [6.33, 5.33], [6.62, 5.75]]","['有型', '輕薄', '高效']","['LAPTOP#DESIGN_FEATURES', 'LAPTOP#OPERATION_PERFORMANCE', 'LAPTOP#PORTABILITY']"
zho,laptop,6943483:S023,"chromebook可以這樣想你回到家,只是上網看片看網站用部分APP那麼chromebook非常方便,省電便宜不中毒效能也大多夠用打開windows也能做一樣的事情但是chromebook就是更沒壓力甚至有訪客模式你都不用擔心家人朋友同學共用看到一些東西",1,['chromebook'],3,"[[6.5, 5.5], [6.5, 6.83], [6.62, 5.75]]","['便宜', '省電', '非常方便']","['BATTERY#OPERATION_PERFORMANCE', 'LAPTOP#GENERAL', 'LAPTOP#PRICE']"
zho,laptop,6792499:S026,看完高效筆電還挺心動的,1,['筆電'],2,"[[6.88, 6.0], [7.12, 7.12]]","['挺心動', '高效']","['LAPTOP#GENERAL', 'LAPTOP#OPERATION_PERFORMANCE']"
zho,laptop,6795554:S009,"MSIPulse15B13VFK-449TW(i7-13700H/16G/RTX2060-8G/1TSSD/Win11/FHD/360Hz/15.6)跟MSIStealth14StudioA13VE-073TW(i7-13700H/16G/RTX4050-6G/1TSSD/W11P/2K/240Hz/14你這應該是規格打錯我看449TW顯卡應該是4060才對這兩台,顯卡就挑最好的4060大部分遊戲要順跑都沒問題Stealth比較適合要外出攜帶使用厚薄度關係Stealth要帶出去比較方便",1,['stealth'],2,"[[5.83, 5.0], [6.25, 5.5]]","['比較適合要外出攜帶使用', '要帶出去比較方便']",['LAPTOP#PORTABILITY']
zho,laptop,7049030:S073,規格看來也不差，但是覺得好像有點貴,1,['規格'],2,"[[3.67, 5.33], [5.75, 5.0]]","['看來也不差', '覺得好像有點貴']","['LAPTOP#DESIGN_FEATURES', 'LAPTOP#PRICE']"
zho,laptop,6811735:S010,ASUSROGFlowZ13GZ301ZE-0021A12900H無盡黑華碩翻轉觸控電競筆電/i9-12900H/RTX3050Ti4G/16GDDR5/1TBPCIe/13.4吋觸控16:10WUXGA120Hz/W11/含ROG潮流保護袋及電競滑鼠、觸控筆用得到二合一筆電的話這台會比較推薦喔這台是少數的電競二合一筆電平板筆電兩用效能很強跑你的使用來說都很夠用,1,['效能'],2,"[[5.8, 5.8], [6.83, 6.67]]","['很強', '都很夠用']",['LAPTOP#OPERATION_PERFORMANCE']
zho,laptop,7094699:S001,核心規格一樣的情況下vivobook通常都會比較便宜啦，除了你講的外型跟重量，vivobook稍微厚一點點(1.39-1.59mm)，按鍵行程可以比較長(1.7mm)，這可能比較影響實際使用的感覺,1,['vivobook'],2,"[[4.38, 5.25], [6.0, 5.0]]","['稍微厚一點點', '通常都會比較便宜']","['KEYBOARD#PORTABILITY', 'LAPTOP#PRICE']"
zho,laptop,7106682:S075,Intel真厲害，以前壓著AMD打的時候，鋪天蓋地都是Intel。,1,['intel'],3,"[[5.62, 5.75], [6.83, 5.33], [7.12, 7.0]]","['壓著AMD打', '真厲害', '鋪天蓋地都是']",['COMPANY#GENERAL']
zho,laptop,6935598:S415,看起來有點心動耶雖然是電競筆電，但看起來也滿適合商務使用。,1,['電競筆電'],2,"[[6.2, 5.5], [7.0, 6.75]]","['有點心動', '適合商務使用']","['LAPTOP#GENERAL', 'LAPTOP#USABILITY']"
zho,laptop,7096305:S234,現在的電競筆電也太強了，真的越做越高級！！,1,['電競筆電'],2,"[[7.0, 6.5], [7.1, 6.6]]","['太強了', '真的越做越高級']",['LAPTOP#GENERAL']
zho,laptop,6796266:S014,TUF系列都很好入手價格便宜又可以擴充記憶體直接入手不會後悔,1,['tuf系列'],2,"[[6.62, 6.12], [7.12, 6.12]]","['很好入手', '直接入手不會後悔']",['LAPTOP#GENERAL']
zho,laptop,6829561:S016,唯一推ZenbookUX3402ZA，真的輕薄又有2.8KOLED用起來真的跟Macbook差不多,1,['zenbookux3402za'],3,"[[6.25, 5.5], [6.25, 5.88], [6.8, 6.2]]","['唯一推', '用起來真的跟Macbook差不多', '真的輕薄']","['LAPTOP#GENERAL', 'LAPTOP#OPERATION_PERFORMANCE', 'LAPTOP#PORTABILITY']"
zho,laptop,7010970:S047,現在的筆電真是高效又輕薄外觀也越來越美觀,1,['筆電'],2,"[[5.88, 5.25], [6.12, 5.62]]","['輕薄', '高效']","['LAPTOP#OPERATION_PERFORMANCE', 'LAPTOP#PORTABILITY']"
zho,laptop,6779987:S008,性能夠價錢低，雷電4啥功能都有，現在買筆記型電腦的首選。,1,['雷電4'],2,"[[6.12, 5.62], [7.25, 6.25]]","['啥功能都有', '現在買筆記型電腦的首選']","['LAPTOP#DESIGN_FEATURES', 'LAPTOP#GENERAL']"
zho,laptop,6952865:S055,很不錯的外型讓人很心動想買收如名單中,1,['外型'],2,"[[6.75, 6.0], [7.17, 6.67]]","['很不錯', '讓人很心動想買']",['LAPTOP#DESIGN_FEATURES']
zho,laptop,6839062:S003,我會選K3605顯卡咖好然後記憶體加一加TUF有點重加上外型女生不喜XD,1,['k3605顯卡'],2,"[[5.5, 5.0], [5.88, 5.12]]","['咖好', '我會選']",['GRAPHICS#GENERAL']
zho,laptop,6753146:S007,最好實機去看看，有些筆電變電器大又重，而且變電器還很熱，用起來很害怕。,1,['筆電變電器'],2,"[[4.0, 5.0], [4.25, 5.0]]","['大', '重']","['POWER_SUPPLY#DESIGN_FEATURES', 'POWER_SUPPLY#PORTABILITY']"
zho,laptop,6753146:S007,最好實機去看看，有些筆電變電器大又重，而且變電器還很熱，用起來很害怕。,1,['變電器'],2,"[[3.25, 5.75], [3.62, 5.75]]","['很熱', '用起來很害怕']",['POWER_SUPPLY#GENERAL']
zho,laptop,6696296:S336,"不過重量還是太重了,不適合頻繁移動.",1,['重量'],2,"[[3.83, 5.83], [4.12, 5.0]]","['不適合頻繁移動', '太重了']",['LAPTOP#PORTABILITY']
zho,laptop,6949617:S343,三公斤的重量的確有點重，不太適合,1,['重量'],2,"[[3.75, 5.25], [4.0, 5.33]]","['不太適合', '的確有點重']",['LAPTOP#PORTABILITY']
zho,laptop,6982240:S016,螢幕很大看起來很過癮重量也很輕巧,1,['螢幕'],2,"[[6.88, 6.38], [7.0, 6.83]]","['很大', '起來很過癮']","['DISPLAY#DESIGN_FEATURES', 'LAPTOP#GENERAL']"
zho,laptop,6831457:S003,規格真高真的很不錯的收入口袋名單中,1,['規格'],2,"[[6.62, 5.75], [6.83, 6.0]]","['真的很不錯', '真高']",['LAPTOP#DESIGN_FEATURES']
zho,laptop,6744292:S637,Panasonic的特色觸控板萬年不敗阿~~感覺有變比較輕薄一點不知後售後保固部分如何?,1,['panasonic的特色觸控板'],2,"[[6.2, 6.0], [6.6, 6.5]]","['感覺有變比較輕薄一點', '萬年不敗']","['HARDWARE#DESIGN_FEATURES', 'HARDWARE#GENERAL']"
zho,laptop,6918977:S001,魚哥Acer的筆電好用Acer的筆電cp值高Asus的筆電好用Asus的筆電cp值高主要還是看性價比為主,1,['acer的筆電'],2,"[[6.38, 5.5], [6.75, 5.75]]","['cp值高', '好用']","['LAPTOP#GENERAL', 'LAPTOP#PRICE']"
zho,laptop,6918977:S001,魚哥Acer的筆電好用Acer的筆電cp值高Asus的筆電好用Asus的筆電cp值高主要還是看性價比為主,1,['asus的筆電'],2,"[[6.38, 5.5], [6.75, 5.75]]","['cp值高', '好用']","['LAPTOP#GENERAL', 'LAPTOP#PRICE']"
zho,laptop,6843611:S018,推ROGStrixG16，散熱真的很重要....如果散熱還是要Strix比較好一點,1,['散熱'],2,"[[5.5, 6.25], [6.12, 5.12]]","['Strix比較好一點', '真的很重要']","['FANS_COOLING#GENERAL', 'FANS_COOLING#OPERATION_PERFORMANCE']"
zho,laptop,6696296:S312,蠻吸引人的筆電不過不便宜,1,['筆電'],2,"[[3.67, 5.17], [6.12, 5.5]]","['不便宜', '蠻吸引人']","['LAPTOP#GENERAL', 'LAPTOP#PRICE']"
zho,laptop,7111630:S029,電競規格的NB真的都很頂，價格也是，但好像與原先NB的可攜不太一樣，只能說比桌機好移動，比較容易移動而已。,1,['電競規格的nb'],3,"[[6.0, 5.12], [6.12, 5.0], [7.5, 7.25]]","['比桌機好移動', '比較容易移動', '真的都很頂']","['LAPTOP#GENERAL', 'LAPTOP#PORTABILITY']"
zho,laptop,6756444:S008,樓上推的K6502ZE整體來看有獨顯還可以擴充記憶體但缺點就比較耗電也重了一點,1,['k6502ze'],2,"[[3.88, 4.62], [4.0, 4.67]]","['耗電', '重了一點']","['BATTERY#OPERATION_PERFORMANCE', 'LAPTOP#PORTABILITY']"
zho,laptop,6962974:S001,推薦你可以看看Prestige14AIEvo他保有了記憶體插槽，擴充很方便訴求輕薄的話Prestige13AIEvo和SummitE13AIEvo也不錯,1,['prestige13aievo'],2,"[[6.0, 5.0], [6.17, 4.67]]","['不錯', '輕薄']","['LAPTOP#GENERAL', 'LAPTOP#PORTABILITY']"
zho,laptop,6962974:S001,推薦你可以看看Prestige14AIEvo他保有了記憶體插槽，擴充很方便訴求輕薄的話Prestige13AIEvo和SummitE13AIEvo也不錯,1,['summite13aievo'],2,"[[6.0, 5.0], [6.17, 4.67]]","['不錯', '輕薄']","['LAPTOP#GENERAL', 'LAPTOP#PORTABILITY']"
zho,laptop,7091826:S027,二手不都沒好貨新的也有地雷貨，2011年的MBP顯卡會脫膠，當時哀號一片。,1,['mbp顯卡'],2,"[[3.0, 6.5], [3.12, 5.88]]","['哀號一片', '會脫膠']","['GRAPHICS#GENERAL', 'GRAPHICS#QUALITY']"
zho,laptop,6908912:S007,G814JI是很大台的筆電，優勢就是散熱更好帶來的高效能，還有巨大的螢幕，效能絕對沒問題的,1,['效能'],2,"[[6.88, 6.25], [7.0, 7.0]]","['絕對沒問題', '高']",['LAPTOP#OPERATION_PERFORMANCE']
zho,laptop,6787319:S003,com.tw/prod/183121小弟個人也是推這台青瓷綠老實說實機很美很有質感也有OLED整的是大升級可量到保固華碩可能還是比較好維修據點也多不過如果樓主在意的是價格就在想想,1,['實機'],2,"[[6.5, 6.67], [7.0, 7.0]]","['很有質感', '很美']",['LAPTOP#DESIGN_FEATURES']
zho,laptop,6850351:S014,"機身本體看起來有輕薄,但變壓器卻很古老又很重,別忘了周邊的東西也要設計丫..",1,['變壓器'],2,"[[3.75, 5.75], [4.0, 5.5]]","['很古老', '很重']","['POWER_SUPPLY#DESIGN_FEATURES', 'POWER_SUPPLY#PORTABILITY']"
zho,laptop,6777054:S022,光那個重量就極推了，畢竟規格可以省，肩膀的重量是省不了的上班族業務這種超輕薄的真的適合，手提也不會不好攜帶,1,['重量'],3,"[[6.0, 5.3], [6.67, 7.17], [6.75, 6.38]]","['手提也不會不好攜帶', '極推', '超輕薄']",['LAPTOP#PORTABILITY']
zho,laptop,7119052:S008,雖然螢幕下鏡頭是一大亮點，但還有提升空間，值得期待。,1,['螢幕下鏡頭'],3,"[[4.5, 5.25], [6.0, 5.0], [6.0, 5.12]]","['值得期待', '是一大亮點', '還有提升空間']",['MULTIMEDIA_DEVICES#GENERAL']
zho,laptop,7028575:S008,Adobe的軟體，有針對IntelCPU最佳化所以，可以的話，買Intel的目前的AICPU對於遊戲、軟體的幫助「很不顯著」不要溢價（多花錢）買這些華而不實的廣告名詞,1,['aicpu'],2,"[[3.12, 5.88], [4.0, 5.17]]","['華而不實', '遊戲、軟體的幫助「很不顯著」']",['CPU#DESIGN_FEATURES']
zho,laptop,6811221:S005,不需要硬是要揹著台又重又耗電的行動磚當然你的需求就是要揹著電競筆電到處去串門殺很大那就再說,1,['電競筆電'],3,"[[3.83, 5.5], [4.0, 5.0]]","['耗電', '行動磚', '重']","['LAPTOP#OPERATION_PERFORMANCE', 'LAPTOP#PORTABILITY']"
zho,laptop,6790451:S007,這台HP筆電不錯，只是應該還是有點重，不然挺合適的真的需要輕的話就選gram吧,1,['hp筆電'],2,"[[4.12, 5.25], [6.0, 5.0]]","['不錯', '應該還是有點重']","['LAPTOP#GENERAL', 'LAPTOP#PORTABILITY']"
zho,laptop,7060476:S009,看起來螢幕很大，應該都很夠用,1,['螢幕'],2,"[[6.5, 5.67], [6.83, 6.33]]","['很夠用', '很大']","['DISPLAY#DESIGN_FEATURES', 'DISPLAY#GENERAL']"
zho,laptop,6775095:S001,G634、G834系列聲音較渾厚、量感多，G614、G814系列上面那兩顆高音喇叭缺失，只剩下低音喇叭了，聲音當然就單薄許多，且高頻缺失....,1,['聲音'],2,"[[4.0, 5.0], [6.0, 5.17]]","['當然就單薄許', '較渾厚']",['MULTIMEDIA_DEVICES#OPERATION_PERFORMANCE']
zho,laptop,6855771:S003,沒有頻繁移動需求的話，你挑的這台電源只有120W功率不足處理器(45W)顯卡(RTX40系列100W)都沒法發揮效能，至少電源功率170W才夠讓處理器和顯卡發揮效能。3萬塊到3萬5有很多，2.5公斤就有12500H+RTX4060足功耗的選擇，ASUSACER技嘉都有選擇，HP的光影15也有2.2公斤電源200W的機型，只是螢幕亮度不太夠，表現不佳。MSI至少要Katana系列表現才符合電競設計。,1,['螢幕亮度'],2,"[[4.0, 4.75], [4.3, 4.8]]","['不太夠', '表現不佳']",['DISPLAY#OPERATION_PERFORMANCE']
zho,laptop,6760124:S278,這重量超輕便耶要帶去圖書館或星巴克都很方便就不曉得實際用起來續航力夠不夠了,1,['重量'],2,"[[6.38, 5.88], [6.75, 6.25]]","['很方便', '超輕便']",['LAPTOP#PORTABILITY']
zho,laptop,6946311:S097,極簡造型是賣點，打開螢幕後看起來真的挺不錯,1,['造型'],2,"[[5.3, 4.8], [6.33, 6.33]]","['極簡', '看起來真的挺不錯']",['LAPTOP#DESIGN_FEATURES']
zho,laptop,7101943:S083,PS.筆電+充電器器的重量，都還要大幅優化，否則難以攜帶。,1,['筆電+充電器器的重量'],2,"[[3.83, 5.67], [4.25, 4.88]]","['還要大幅優化', '難以攜帶']",['LAPTOP#PORTABILITY']
zho,laptop,7010970:S011,這台筆電已納入下一台筆電的名單內，輕薄好攜帶，效能又有，很適合我！,1,['筆電'],3,"[[5.75, 5.62], [5.88, 5.38], [6.2, 5.5]]","['已納入下一台筆電的名單內', '很適合我', '輕薄好攜帶']","['LAPTOP#GENERAL', 'LAPTOP#PORTABILITY']"
zho,laptop,6810892:S005,推swift3重量很輕帶出去不會有太大的負擔,1,['swift3重量'],2,"[[6.25, 5.5], [6.5, 5.62]]","['帶出去不會有太大的負擔', '很輕']",['LAPTOP#PORTABILITY']
zho,laptop,7113122:S001,如果要輕薄又效能好的話，應該要考慮選AMDRyzenAI9HX370會比較好，但你的用途來說，應該是要挑有獨顯的機種才對，下面這兩台應該比較適合。,1,['amdryzenai9hx370'],2,"[[6.12, 5.5], [6.5, 5.5]]","['比較好', '輕薄']","['LAPTOP#GENERAL', 'LAPTOP#PORTABILITY']"
zho,laptop,6766954:S002,我自己就是用這台筆電很推除了一些小毛病不知道是不是自己的問題以外CP值超高玩遊戲不是問題～,1,['筆電'],2,"[[6.67, 6.17], [6.75, 5.88]]","['很推', '玩遊戲不是問題']","['LAPTOP#GENERAL', 'LAPTOP#OPERATION_PERFORMANCE']"
zho,laptop,6834782:S011,最喜歡HPWolfSecurity，讓我可以放心的上網,1,['hpwolfsecurity'],2,"[[6.5, 5.5], [6.75, 7.25]]","['最喜歡', '讓我可以放心的上網']","['SOFTWARE#GENERAL', 'SOFTWARE#OPERATION_PERFORMANCE']"
zho,laptop,7117206:S052,筆電輕薄續航力強，外觀又好看，近完美。,1,['筆電'],2,"[[6.0, 5.0], [7.38, 7.38]]","['輕薄', '近完美']","['LAPTOP#GENERAL', 'LAPTOP#PORTABILITY']"
zho,laptop,6784199:S014,依樓主需求不一定要買INTELAMD的就夠用了17寸筆電大台要外出的話比較不好攜帶,1,['17寸筆電'],2,"[[4.0, 4.88], [5.67, 4.67]]","['不好攜帶', '大台']",['LAPTOP#PORTABILITY']
zho,laptop,7045511:S014,Zenbooks14不錯，Ultra7258V處理器性能不錯的同時還省電，機身輕薄質感好，就是有點小貴，約55000,1,['zenbooks14'],2,"[[4.0, 5.12], [6.25, 5.75]]","['不錯', '有點小貴']","['LAPTOP#GENERAL', 'LAPTOP#PRICE']"
zho,laptop,6902502:S008,外型需要再改變一點~進步空間蠻大的~不然整體看起來很厚重的感覺,1,['外型'],3,"[[4.0, 5.17], [4.0, 5.2], [4.17, 5.0]]","['整體看起來很厚重的感覺', '進步空間蠻大', '需要再改變一點']",['LAPTOP#DESIGN_FEATURES']
zho,laptop,6952865:S271,外觀做的簡潔漂亮，而且這台筆電輕薄便於攜帶感覺滿適合大學生使用不過底蓋不好拆，可能會影響DIY升級記憶體有需要的話，購買的時候就要先升級雖然感覺內建32G是滿夠了,1,['筆電'],2,"[[6.0, 5.12], [6.5, 5.5]]","['便於攜帶', '輕薄']",['LAPTOP#PORTABILITY']
zho,laptop,7007852:S014,"也不貴,14000RMB的樣子(新台幣換算應該是65000的樣子)在產的主要就是這些了,個人覺得MSIPrestige可能最佳,(便宜,台版不到40K,螢幕解析度高,亮度有500nit+(室外工地都看得清楚)此外9.3IntelLNL發布,可能華碩/微星都會有首發,性能不變,但續航有望大幅度提升",1,['msiprestige'],2,"[[6.62, 5.62], [7.25, 6.75]]","['便宜', '最佳']","['LAPTOP#GENERAL', 'LAPTOP#PRICE']"
zho,laptop,7060476:S034,"說真的，有獨顯RTX4050以上的機種都應該不要有單風扇的設計才是，品牌廠在入門便宜的機種為了節省""一個風扇+散熱鰭片""的成本(這成本又非常的低)，但造成使用者的體驗很不好，玩遊戲時顯卡溫度高&風扇噪音高&GPU效能表現又不好。",1,['單風扇的設計'],2,"[[3.33, 6.17], [4.67, 5.0]]","['不要有', '使用者的體驗很不好']",['GRAPHICS#DESIGN_FEATURES']
zho,laptop,6785794:S091,哇，這台筆電規格算是給好給滿，如果是設計需要繪圖還有獨顯可以跑3D16吋+平板模式，設計好幫手，方便展示也是特點,1,['筆電'],2,"[[6.0, 5.25], [6.5, 6.0]]","['方便展示', '設計好幫手']","['LAPTOP#DESIGN_FEATURES', 'LAPTOP#GENERAL']"
zho,laptop,6920254:S330,不錯的電競筆電輕薄又好看,1,['電競筆電'],3,"[[6.12, 5.5], [6.38, 5.25], [6.5, 5.38]]","['不錯', '好看', '輕薄']","['LAPTOP#DESIGN_FEATURES', 'LAPTOP#GENERAL', 'LAPTOP#PORTABILITY']"
zho,laptop,6918097:S275,雷蛇筆電還是滿帥晚上開燈就是一個信仰,1,['雷蛇筆電'],2,"[[6.17, 5.5], [6.5, 6.38]]","['是一個信仰', '滿帥']",['LAPTOP#GENERAL']
zho,laptop,6896837:S008,這兩台不僅僅只是CPU、GPU差異12代那台用的是低色域螢幕(爛)真要這兩台選我選FX707VU4但說實話都不推太貴了不值得FX707VU4不如貼2~3千上FX707VV4而FX707ZV4爛螢幕真不建議(12代TUF17吋都是爛螢幕)以下售價會比較符合(現在過於溢價)FX707VU442999→36999FX707VV445999→39999FX707ZV438999→32999FX707ZU434999→29999除非執著ASUS不然我建議你選別家比如ACERPredatorPHN16-71-56ZU39900(13500HX+4060)或者買TUF15吋款又或者去買對岸天選至少螢幕較好另外TUF2023款已到尾聲了(明年年初2~3月應該會發表下一代)還有記憶體建議不要買單條8G或雙條8G的之後升級很浪費(畢竟只有雙插槽),1,['fx707vu4'],2,"[[3.67, 5.83], [4.12, 5.38]]","['不推', '太貴了不值得']","['LAPTOP#GENERAL', 'LAPTOP#PRICE']"
zho,laptop,7069509:S003,大推32GBRAM/1T比較游刃有餘，筆電重量還比MacBookAir15輕一些，螢幕有3KOLED120hz但差不多預算MacBookAir15只能有16GB/512G還有能直接USB轉接器直接從MacBook移轉很讚,1,['32gbram/1t'],2,"[[6.62, 6.12], [6.75, 7.0]]","['大推', '比較游刃有餘']",['MEMORY#GENERAL']
zho,laptop,6749219:S232,規格很頂，價格也很頂，雖然配置不錯但可惜不是一般人能入手的價格,1,['價格'],2,"[[4.17, 5.67], [5.12, 6.38]]","['不是一般人能入手的', '很頂']",['LAPTOP#PRICE']
zho,laptop,6823349:S027,你的用途都蠻輕度的欸其實挑基本文書筆電就很夠用了重量比較輕薄也很好攜帶你的使用都沒什麼問題,1,['基本文書筆電'],2,"[[6.0, 5.17], [6.38, 6.25]]","['就很夠用', '很好攜帶']","['LAPTOP#GENERAL', 'LAPTOP#PORTABILITY']"
zho,laptop,6701483:S007,美又特殊的顏色加上輕薄很好入手的筆電款感謝分享,1,['顏色'],2,"[[6.0, 5.17], [6.5, 5.9]]","['特殊', '美']",['LAPTOP#DESIGN_FEATURES']
zho,laptop,6701483:S007,美又特殊的顏色加上輕薄很好入手的筆電款感謝分享,1,['筆電'],2,"[[6.0, 5.12], [6.33, 5.83]]","['很好入手', '輕薄']","['LAPTOP#GENERAL', 'LAPTOP#PORTABILITY']"
zho,laptop,6797970:S001,這台的問題就是真的太貴了，價格問題上市售價直接49900，雖然兩個月過去掉到44900左右但我看還是沒啥人買對岸版本的UX5304常規價在36990，特價都落在32900左右雖然帶來1KG優勢，但我覺得這價格不如常規S13OLEDUM5402...,1,['價格'],2,"[[3.67, 5.67], [4.12, 5.12]]","['不如常規S13OLEDUM5402', '真的太貴']",['LAPTOP#PRICE']
zho,laptop,6901945:S026,目前很多人喜歡拿電競電腦做一般電腦使用，所以能在高性能的條件下做出輕薄又大片的話，真的很吸引人；為什麼不買一般高階商務筆電？因為高階商務筆電就是雖然薄又輕，但是規格不佳，很多還在60Hz的低更新率螢幕，看到就沒有極致享受的感覺，價格又超級高，記憶體給你搭個16G感覺寒酸又湊合，這個料要這個價，看起來就很不值,1,['記憶體'],2,"[[3.62, 5.38], [4.5, 5.0]]","['寒酸', '湊合']",['MEMORY#DESIGN_FEATURES']
zho,laptop,7008450:S035,這個價位買文書機有點太浪費已經可以買到4060獨顯的機器了，上課或作業用軟體有獨顯需求可以考慮直上電競筆電，電競筆電散熱設計的較好，所以也會比較耐用，在台灣買新筆電我只會推薦電競筆電，電文書機的話文書軟體通常需求不高但也不推薦買一些類似celeron賽揚這類的垃圾等級CPU，新的文書機我會考慮AMD>Intel，最近的intel處理器能不碰就不碰，擔心又想要intel就找12代,1,['celeron賽揚'],2,"[[2.5, 7.25], [3.75, 5.88]]","['不推薦買', '垃圾等級CPU']",['CPU#GENERAL']
zho,laptop,6824784:S004,很低階的筆電，不論是性能還是螢幕，喇叭都只是可以用的等級如果你確信自己只有文書的需求且只使用3~5年的話可以購買但不要對他有文書外的任何期待,1,['筆電'],2,"[[4.12, 5.38], [4.25, 5.12]]","['不要對他有文書外的任何期待', '很低階']","['LAPTOP#GENERAL', 'LAPTOP#USABILITY']"
zho,laptop,6772247:S218,最近有在考慮購入Windows筆電，ASUS的UX3402和這台都有考慮，相近的價位帶，比起其他品牌能獲得更多東西，著實讓人心動,1,['asus的ux3402'],2,"[[6.12, 5.12], [6.25, 5.5]]","['比起其他品牌能獲得更多東西', '著實讓人心動']",['LAPTOP#GENERAL']
zho,laptop,6913340:S050,我現在用的MSIGE626QDApachePro還可以用，不遲鈍，想換都找不到理由跟女王說。,1,['msige626qdapachepro'],2,"[[5.5, 5.0], [5.7, 5.0]]","['不遲鈍', '還可以用']",['LAPTOP#OPERATION_PERFORMANCE']
zho,laptop,6776287:S008,低階塑料筆電低色域螢幕願者上鉤反正跟高階的GTGEGPstealth差距很大,1,['筆電'],2,"[[3.75, 4.5], [4.0, 4.12]]","['低階塑料', '跟高階的GTGEGPstealth差距很大']","['LAPTOP#GENERAL', 'LAPTOP#QUALITY']"
zho,laptop,7116378:S042,更離譜的是，2025筆電C口只有一個敢拿上來賣？,1,['筆電c口只有一個'],2,"[[3.0, 6.8], [3.17, 5.67]]","['敢拿上來賣', '離譜']",['PORTS#DESIGN_FEATURES']
zho,laptop,6979251:S003,"如果你只是要文書需求的電腦可以看LENOVO那台就好，便宜好用。但如果你很要求面板的色彩可以看VivoBookSS5504VA/i5-13500H/512GSSD/2.8KOLED/EVO他是OLED的螢幕,VivoBookSS5504VA色彩跟螢幕畫質都很不錯",1,['lenovo'],2,"[[6.12, 5.0], [6.5, 5.5]]","['便宜', '好用']","['LAPTOP#GENERAL', 'LAPTOP#PRICE']"
zho,laptop,6744292:S522,"中間的圓形觸控太搶眼了,破壞整體設計感我對筆電的要求就是愈四方愈好",1,['中間的圓形觸控'],2,"[[3.38, 5.0], [3.5, 5.12]]","['太搶眼', '破壞整體設計感']",['HARDWARE#DESIGN_FEATURES']
zho,laptop,6697502:S140,筆電輕薄..讓人目不轉睛..但價格也不便宜阿!,1,['筆電'],2,"[[6.17, 5.0], [6.25, 5.38]]","['讓人目不轉睛', '輕薄']","['LAPTOP#GENERAL', 'LAPTOP#PORTABILITY']"
zho,laptop,6734057:S006,別浪費錢買台灣全新筆電，不值得。,1,['台灣全新筆電'],2,"[[3.75, 5.5], [4.0, 5.25]]","['不值得', '別浪費錢買']",['LAPTOP#GENERAL']
zho,laptop,6913256:S008,GIGA筆電愈來越簡約好看了讚,1,['giga筆電'],2,"[[6.5, 5.7], [6.5, 5.88]]","['愈來越簡約好看', '讚']","['LAPTOP#DESIGN_FEATURES', 'LAPTOP#GENERAL']"
zho,laptop,7002050:S022,筆電效能不錯基本的很棒輕巧好攜帶不會太重,1,['筆電'],4,"[[6.0, 5.5], [6.5, 5.25], [6.5, 5.83], [6.67, 6.5]]","['不會太重', '好攜帶', '很棒', '輕巧']","['LAPTOP#GENERAL', 'LAPTOP#PORTABILITY']"
zho,laptop,6709329:S002,專業的回答，謝謝您!可惜無法擴充硬碟，及螢幕非廣色域，無法滿足所需~,1,['螢幕'],2,"[[4.0, 4.5], [4.33, 5.0]]","['無法滿足所需', '非廣色域']","['DISPLAY#DESIGN_FEATURES', 'DISPLAY#GENERAL']"
zho,laptop,6709329:S002,專業的回答，謝謝您!可惜無法擴充硬碟，及螢幕非廣色域，無法滿足所需~,1,['硬碟'],2,"[[4.0, 4.5], [4.0, 5.0]]","['無法擴充', '無法滿足所需']","['HARD_DISK#DESIGN_FEATURES', 'HARD_DISK#GENERAL']"
zho,laptop,6722798:S016,"這種""實體雙OLED螢幕""的筆電出來，一定是比目前聯想自家與華碩所推出的""折疊OLED螢幕筆電""來得強壯與便宜。",1,"['""實體雙oled螢幕""的筆電']",2,"[[6.25, 5.25], [6.6, 5.9]]","['便宜', '強壯']","['LAPTOP#DESIGN_FEATURES', 'LAPTOP#PRICE']"
zho,laptop,6935598:S158,「西風之神」ZephyrusG142024輕薄讚,1,['zephyrusg142024'],2,"[[6.17, 4.67], [6.62, 5.62]]","['讚', '輕薄']","['LAPTOP#GENERAL', 'LAPTOP#PORTABILITY']"
zho,laptop,7074781:S023,效能並不會因為吋數有差別，如果常帶的話真的建議選14吋，16吋的筆電太重，背幾次就不太想帶了。,1,['16吋的筆電'],2,"[[3.38, 5.0], [3.67, 6.0]]","['太重', '背幾次就不太想帶了']",['LAPTOP#PORTABILITY']
zho,laptop,6832097:S011,它的規格還不錯，可以跑你要用的軟體及遊戲它的售後維修據點也比較多,1,['規格'],2,"[[5.5, 5.0], [6.0, 5.25]]","['可以跑你要用的軟體及遊戲', '還不錯']","['LAPTOP#DESIGN_FEATURES', 'LAPTOP#OPERATION_PERFORMANCE']"
zho,laptop,6895357:S003,"大大順便提醒你要發揮筆電最高的效能請在ggc裡面選擇使用""遊戲模式""我上週五拿到17x,用了幾天時不時覺得電腦超卡的連逛網頁都會lag的那種想說我這台i9配4080怎麼可能跟文書機一樣會卡原來是我先前沒選""遊戲模式""所以可能電腦是用比較省電的設定在跑(限制效能)點選遊戲模式以後整個性能都完全釋放了!我現在用筆電都超順的發揮了應該有的實力了超開心(第一次用技嘉所以我剛拿到時也不知道)另外除了gcc,你也可以在nvidiacontrolpanel裡面設定成強制使用獨顯不用重開機的!只是當然用高效能在跑可能電池續航力會較差我是沒差沒有帶著跑的需求都放桌上接充電器使用",1,['電腦'],2,"[[3.38, 6.25], [3.5, 6.25]]","['超卡', '連逛網頁都會lag']",['LAPTOP#OPERATION_PERFORMANCE']
zho,laptop,6895357:S003,"大大順便提醒你要發揮筆電最高的效能請在ggc裡面選擇使用""遊戲模式""我上週五拿到17x,用了幾天時不時覺得電腦超卡的連逛網頁都會lag的那種想說我這台i9配4080怎麼可能跟文書機一樣會卡原來是我先前沒選""遊戲模式""所以可能電腦是用比較省電的設定在跑(限制效能)點選遊戲模式以後整個性能都完全釋放了!我現在用筆電都超順的發揮了應該有的實力了超開心(第一次用技嘉所以我剛拿到時也不知道)另外除了gcc,你也可以在nvidiacontrolpanel裡面設定成強制使用獨顯不用重開機的!只是當然用高效能在跑可能電池續航力會較差我是沒差沒有帶著跑的需求都放桌上接充電器使用",1,['筆電'],2,"[[6.75, 5.75], [7.0, 6.88]]","['發揮了應該有的實力', '超順']",['LAPTOP#OPERATION_PERFORMANCE']
zho,laptop,6954711:S215,超大的...帶出去不方便，雖然手感會很好，應該也很沉，有好有壞的一台筆電,1,['筆電'],5,"[[3.67, 6.67], [4.0, 5.0], [4.17, 5.5], [5.0, 5.0], [6.5, 6.33]]","['帶出去不方便', '很沉', '手感會很好', '有好有壞', '超大']","['LAPTOP#DESIGN_FEATURES', 'LAPTOP#GENERAL', 'LAPTOP#PORTABILITY']"
zho,laptop,6980871:S004,B5402CBA不錯用過幾周，個人很喜歡輕薄好攜帶續航佳唯一的問題點就是預載只有8GB記憶體，要順暢點就是多加一條16GB有些賣場會標榜多加一條的價格，你自己要精算一下是否值得我記得我用的時候出廠預載就是專業版的沒問題。,1,['b5402cba'],3,"[[5.83, 4.83], [6.33, 5.67]]","['不錯', '好攜帶', '輕薄']","['LAPTOP#GENERAL', 'LAPTOP#PORTABILITY']"
zho,laptop,7093246:S016,最近鍵盤又開始作妖失靈了(到手裝上去拆下來次數不超過3次)那個FPC設計爛到會自然死亡為了這個爛鍵盤還多買了延長保....,1,['鍵盤'],2,"[[2.83, 6.83], [3.38, 5.88]]","['失靈', '爛']","['KEYBOARD#GENERAL', 'KEYBOARD#QUALITY']"
zho,laptop,6920254:S279,ROG出品總是不會讓人失望~但口袋也要夠深阿,1,['rog出品'],2,"[[3.7, 5.5], [6.67, 6.83]]","['口袋也要夠深', '總是不會讓人失望']","['COMPANY#GENERAL', 'LAPTOP#PRICE']"
zho,laptop,6908008:S074,價格蠻實惠的單純有換機需求可以參考看看配備中規中矩可以滿足日常所用,1,['配備'],2,"[[5.17, 4.83], [6.0, 5.17]]","['中規中矩', '可以滿足日常所用']","['LAPTOP#DESIGN_FEATURES', 'LAPTOP#OPERATION_PERFORMANCE']"
zho,laptop,6772787:S227,MSI好棒棒~給推,1,['msi'],2,"[[6.12, 5.25], [6.5, 6.67]]","['好棒棒', '給推']",['COMPANY#GENERAL']
zho,laptop,6760124:S015,"配置符合我的需求,但是外型比較不是我的菜,太圓潤了,不知道價格落在那裏?",1,['外型'],2,"[[4.0, 4.83], [4.0, 4.88]]","['不是我的菜', '太圓潤']",['LAPTOP#DESIGN_FEATURES']
zho,laptop,6714409:S017,【1TBPCIe版】LGgram1616Z90Q-G.AA54C2冰雪白輕贏隨型極致輕薄筆電/i5-1240P/IrisXe/16GDDR5/512G+512GPCIe/16吋WQXGA/W11/2年保藝人店現再特價40K以內這台有三個顏色我自己覺得白色超美DER也很適合女生算是筆電16吋最輕沒有之一,1,['筆電'],2,"[[6.83, 5.83], [7.0, 6.8]]","['16吋最輕沒有之一', '很適合女生']","['LAPTOP#GENERAL', 'LAPTOP#PORTABILITY']"
zho,laptop,6975804:S001,表現跟規格都算蠻均衡的但也不到特別突出,1,['表現跟規格'],2,"[[5.0, 5.25], [6.0, 5.0]]","['不到特別突出', '均衡']",['LAPTOP#DESIGN_FEATURES']
zho,laptop,6809694:S043,今年換到蘋果陣營了MacBookAirM1比這台便宜也比這台輕續航力更比這台強CPU效能佳不熱不吵靜巧巧休眠也不太耗電打開筆電馬上進入作業狀態不用等開機,1,['macbookairm1'],6,"[[5.67, 4.83], [5.75, 4.88], [5.88, 4.88], [6.0, 4.88], [6.17, 5.0]]","['不吵', '不太耗電', '不熱', '便宜', '輕', '靜巧巧']","['BATTERY#OPERATION_PERFORMANCE', 'FANS_COOLING#OPERATION_PERFORMANCE', 'LAPTOP#PORTABILITY', 'LAPTOP#PRICE']"
zho,laptop,6820357:S020,真是輕薄無人能比算是高階文書筆電了吧！但個人是覺得差不多的預算我會選比較潮的GramStyle14，不過這筆電顏色真好看和MacBookAirM2的午夜藍有得拼,1,['文書筆電'],2,"[[6.12, 4.88], [7.62, 7.62]]","['輕薄無人能比', '高階']","['LAPTOP#GENERAL', 'LAPTOP#PORTABILITY']"
zho,laptop,6820357:S020,真是輕薄無人能比算是高階文書筆電了吧！但個人是覺得差不多的預算我會選比較潮的GramStyle14，不過這筆電顏色真好看和MacBookAirM2的午夜藍有得拼,1,['gramstyle14'],2,"[[5.88, 4.75], [6.0, 5.12]]","['我會選', '比較潮']","['LAPTOP#DESIGN_FEATURES', 'LAPTOP#GENERAL']"
zho,laptop,6820357:S020,真是輕薄無人能比算是高階文書筆電了吧！但個人是覺得差不多的預算我會選比較潮的GramStyle14，不過這筆電顏色真好看和MacBookAirM2的午夜藍有得拼,1,['筆電顏色'],2,"[[6.33, 5.5], [6.5, 5.67]]","['和MacBookAirM2的午夜藍有得拼', '真好看']",['LAPTOP#DESIGN_FEATURES']
zho,laptop,7086749:S037,本人去年4進4出，直接換蘋果了華碩爛到有剩，不管是ROG還是華碩都很爛,1,['華碩'],2,"[[2.6, 7.2], [3.0, 6.33]]","['很爛', '爛到有剩']",['LAPTOP#GENERAL']
zho,laptop,6846120:S003,筆電規格太頂了，用不了這麼好的，希望有中階一點，月付在1900上下，會考慮,1,['筆電規格'],2,"[[4.75, 5.0], [7.5, 7.38]]","['太頂了', '用不了這麼好的']",['LAPTOP#DESIGN_FEATURES']
zho,laptop,6956965:S408,"性價比還算不錯的筆電,造型也挺樸實的不花俏",1,['造型'],2,"[[5.5, 6.0], [6.0, 4.5]]","['不花俏', '挺樸實']",['LAPTOP#DESIGN_FEATURES']
zho,laptop,6764325:S117,TUF的CP值感覺越來越高了，入門40真的首選基本上升級螢幕也是對的方向，之前短板補上了,1,['升級螢幕'],2,"[[6.25, 5.5], [6.38, 5.5]]","['之前短板補上', '也是對的方向']",['DISPLAY#DESIGN_FEATURES']
zho,laptop,6903932:S015,不考慮硬體的話，選擇輕薄的1355U比較好，效能上來說感受上差異應該不大,1,['1355u'],2,"[[6.17, 5.17], [6.25, 5.12]]","['比較好', '輕薄']",['CPU#GENERAL']
zho,laptop,6935931:S025,一般需求是不需要用到商用機型可以看ASUS的VIVOBOOK系列就好ASUSVivobook15X1504VA-0021B1335U午夜藍華碩13代玩勝強悍筆電/i5-1335U/IrisXe/8GB/512GPCIe/15.6吋FHD/W11如果不打遊戲這台文書看影片都很夠用絕對沒問題,1,['這台文書'],2,"[[6.0, 5.62], [6.62, 6.12]]","['看影片都很夠用', '絕對沒問題']","['LAPTOP#GENERAL', 'LAPTOP#USABILITY']"
zho,laptop,6790452:S012,不過目前的cpu都有效能過剩的問題不一定要強迫上新款但當然都是能新就新哈哈,1,['cpu'],2,"[[5.17, 5.0], [5.5, 4.88]]","['能新就新', '都有效能過剩的問題']","['CPU#GENERAL', 'CPU#OPERATION_PERFORMANCE']"
zho,laptop,7100143:S025,筆電外型很好看素雅有質感!登錄保固兩年也很加分平板也會想體驗看看,1,['筆電外型'],2,"[[6.75, 5.38], [7.0, 6.38]]","['很好看', '素雅有質感']",['LAPTOP#DESIGN_FEATURES']
zho,laptop,6920254:S148,很期待~是一台很棒的筆電,1,['筆電'],2,"[[6.67, 6.5], [6.67, 6.67]]","['很期待', '很棒']",['LAPTOP#GENERAL']
zho,laptop,6768439:S008,3404算是ZenBook14無印系列第一次出這種國外才有的頂配規格i9跟配32G還有3050真的猛但是猛規猛這台只有單風扇我也真的替他的散熱擔心看三創有沒有展示機可以去實際用看看這種性能通常要雙風扇比較不會高負載不到幾秒直接過熱降頻.....btw這台規格比AirM2好太多了完全不是同個level可以相提並論的真的不要把M2神化到好像是超級電腦無人能比i913900h光是cinebenchr23在多核分數就比M2高出118%也就是兩倍的分數了單核也有高出25%要比也是去跟MBP的M2Ultra比,1,['規格'],3,"[[6.17, 5.33], [6.33, 5.67], [7.25, 7.12]]","['完全不是同個level可以相提並論的', '比AirM2好太多了', '真的猛']",['LAPTOP#DESIGN_FEATURES']
zho,laptop,6768439:S008,3404算是ZenBook14無印系列第一次出這種國外才有的頂配規格i9跟配32G還有3050真的猛但是猛規猛這台只有單風扇我也真的替他的散熱擔心看三創有沒有展示機可以去實際用看看這種性能通常要雙風扇比較不會高負載不到幾秒直接過熱降頻.....btw這台規格比AirM2好太多了完全不是同個level可以相提並論的真的不要把M2神化到好像是超級電腦無人能比i913900h光是cinebenchr23在多核分數就比M2高出118%也就是兩倍的分數了單核也有高出25%要比也是去跟MBP的M2Ultra比,1,['i913900h'],2,"[[6.33, 6.0], [6.67, 6.0]]","['單核也有高出25%', '比M2高出118%']",['CPU#OPERATION_PERFORMANCE']
zho,laptop,6729031:S004,不熟電腦的就別亂推其他品牌，免得到時候有問題找你華碩ZenBook算是安全機啦，工作很適合用,1,['華碩zenbook'],2,"[[5.62, 5.12], [6.83, 5.83]]","['安全機', '工作很適合用']",['LAPTOP#GENERAL']
zho,laptop,6764325:S029,素雅的外觀很不錯!不像其他品牌都很中二,1,['外觀'],3,"[[5.75, 5.0], [6.0, 5.0], [6.17, 5.17]]","['不像其他品牌都很中二', '很不錯', '素雅']",['LAPTOP#DESIGN_FEATURES']
zho,laptop,6923903:S007,新筆電用到現在都很滿意，螢幕畫質超好，音效超讚，同時超有臨場感，我滿喜歡這台筆電的，唯一的缺點就是內建鍵盤只能白光，國外的都是rgb，為何台灣要拿掉,1,['音效'],2,"[[6.9, 7.0], [7.83, 7.5]]","['超有臨場感', '超讚']","['MULTIMEDIA_DEVICES#GENERAL', 'MULTIMEDIA_DEVICES#OPERATION_PERFORMANCE']"
zho,laptop,6923903:S007,新筆電用到現在都很滿意，螢幕畫質超好，音效超讚，同時超有臨場感，我滿喜歡這台筆電的，唯一的缺點就是內建鍵盤只能白光，國外的都是rgb，為何台灣要拿掉,1,['筆電'],2,"[[6.83, 7.0], [7.0, 6.83]]","['很滿意', '滿喜歡']",['LAPTOP#GENERAL']
zho,laptop,6791667:S009,基本上兩台你都喜歡，只是要2選一，陷入兩難，需要看到足以推翻你購買其中一台的強大理由，就像我考慮買rogzephyrusduo162023跟gt77HX，基本上沒人能給你答案你在找的是擊潰你買的理由，讓你買另一台我只能跟你說，網路的評測跟使用優缺點跟實際有落差有人說AMDR9-7945HX熱爆了，會降頻會降頻是真，遇過一次，但不會比R9-5900HX熱，舊的那個是燙我給你個建議買最貴的螢幕，2K也是渣，4K也是渣，3千9剛買來換，才知道原來螢幕這麼便宜搞死一台才知道筆電原來這麼脆弱都是幻覺，你只要找壽命最長的，其餘都是爛,1,['amdr9-7945hx'],3,"[[3.75, 7.5], [4.17, 5.0], [5.25, 5.25]]","['不會比R9-5900HX熱', '會降頻', '熱爆了']","['CPU#OPERATION_PERFORMANCE', 'FANS_COOLING#OPERATION_PERFORMANCE']"
zho,laptop,6840077:S029,ASUS華碩FX507ZV4-0102B12700H御鐵灰(i7-12700H/16GB/RTX4060/1TBSSD）今年來說一定推你往40系列的規格去挑的喔4060相較於3060規格效能上都比較好如果你主要玩遊戲用的話效能上會比較建議,1,['4060'],2,"[[6.2, 5.6], [6.5, 5.83]]","['效能上會比較建議', '較於3060規格效能上都比較好']",['GRAPHICS#OPERATION_PERFORMANCE']
zho,laptop,7111630:S061,這款電競筆電果真是十分強大（model也是），當然價格也是啦！稱之為旗艦鷹神當之無愧！！！,1,['電競筆電'],2,"[[7.0, 6.5], [7.67, 6.5]]","['十分強大', '稱之為旗艦鷹神當之無愧']",['LAPTOP#GENERAL']
zho,laptop,6956965:S125,"還算不錯的筆電,造型也挺樸實的不花俏",1,['造型'],2,"[[5.5, 4.88], [5.75, 5.25]]","['不花俏', '挺樸實']",['LAPTOP#DESIGN_FEATURES']
zho,laptop,6873506:S045,acerPredatorHeliosNeoPHN16推這台+1~這台用料明顯好不少再這價位來說也算CP值高的機種了欸預算夠的話一定推往這台去挑的,1,['acerpredatorheliosneophn16'],2,"[[6.25, 5.75], [6.75, 6.12]]","['推', '用料明顯好不少']","['LAPTOP#GENERAL', 'LAPTOP#QUALITY']"
zho,laptop,6825044:S001,技嘉也有一台AERO但MSI筆電超帥他還有白色可以選白色筆電實體很有質感我覺得你也可以考慮,1,['msi筆電'],2,"[[6.1, 5.5], [7.17, 7.0]]","['可以考慮', '超帥']","['LAPTOP#DESIGN_FEATURES', 'LAPTOP#GENERAL']"
zho,laptop,7029907:S002,輕薄高效能推薦ZenBookUX5406SA，跑LOL沒問題，D4我就不知道了,1,['zenbookux5406sa'],3,"[[6.25, 5.62], [6.5, 5.5], [6.75, 5.62]]","['推薦', '輕薄', '高效能']","['LAPTOP#DESIGN_FEATURES', 'LAPTOP#GENERAL', 'LAPTOP#OPERATION_PERFORMANCE']"
zho,laptop,6755959:S006,這一次價格上來看跟京東差不了多少了畢竟買進來還有稅的問題要處理Noble6666wrote:想買可是好貴...(恕刪),1,['價格'],2,"[[3.83, 5.5], [5.2, 5.4]]","['想買可是好貴', '跟京東差不了多少了']",['LAPTOP#PRICE']
zho,laptop,7079851:S009,最後，我要猜測：SSD的剩餘空間不足SSD跟以前傳統硬碟HDD不一樣，一旦剩餘空間不足，整體效能會很「明顯地」下降，慢得很有感您最好多留一點空間，不要把SSD用得太滿,1,['效能'],2,"[[3.38, 5.88], [3.5, 5.38]]","['很「明顯地」下降', '慢得很有感']",['HARD_DISK#OPERATION_PERFORMANCE']
zho,laptop,7120838:S077,這價格和重量還滿不錯的，而且外型很簡約，沒有炫目的RGB！,1,['外型'],2,"[[6.17, 5.33], [6.3, 5.7]]","['很簡約', '沒有炫目的RGB']",['LAPTOP#DESIGN_FEATURES']
zho,laptop,6714159:S015,asusb945014吋不到1公斤，續航超強使用一個月左右，很棒。,1,['asusb9450'],2,"[[6.12, 5.38], [6.75, 6.38]]","['不到1公斤', '很棒']","['LAPTOP#GENERAL', 'LAPTOP#PORTABILITY']"
zho,laptop,6932879:S065,不只是規格跟價格連重量都那麼頂太驚人了(還是比較喜歡輕一點的筆電,1,['規格'],2,"[[6.5, 6.83], [6.83, 7.17]]","['太驚人', '那麼頂']",['LAPTOP#DESIGN_FEATURES']
zho,laptop,6932879:S065,不只是規格跟價格連重量都那麼頂太驚人了(還是比較喜歡輕一點的筆電,1,['價格'],2,"[[4.38, 6.75], [4.62, 7.0]]","['太驚人', '那麼頂']",['LAPTOP#PRICE']
zho,laptop,6932879:S065,不只是規格跟價格連重量都那麼頂太驚人了(還是比較喜歡輕一點的筆電,1,['重量'],2,"[[4.38, 6.75], [4.62, 7.0]]","['太驚人', '那麼頂']",['LAPTOP#PORTABILITY']
zho,laptop,6956965:S167,筆電外型還蠻好看的，有吸引到我。,1,['筆電外型'],2,"[[6.75, 6.12], [7.0, 6.38]]","['有吸引到我', '蠻好看']",['LAPTOP#DESIGN_FEATURES']
zho,laptop,6974521:S003,"這台筆電最明顯的缺點就是充電慢,品控不算好,看京東的評價就知道拿到瑕疵品的人不少,多數是螢幕亮暗點和充電口晃動,客服還會裝死說那是正常的,能接受的就沒問題,運氣好遇上京東特價12xx真的無敵",1,['筆電'],2,"[[3.88, 5.38], [4.0, 5.5]]","['拿到瑕疵品的人不少', '最明顯的缺點就是充電慢']","['LAPTOP#OPERATION_PERFORMANCE', 'LAPTOP#QUALITY']"
zho,laptop,6730399:S010,"除非你預算很吃緊不然不建議買二手有沒有問題都很難說,過保固你要維修要花一堆錢你的需求其實可以看這台acerSwift5SF514-55T-51LL迷霧綠宏碁EVO認證時尚纖薄觸控筆電/i5-1135G7/IrisXe/16G/512GPCIe/14吋觸碰FHDIPS/W11他重量很輕帶出去很方便,又很符合你的需求",1,['重量'],2,"[[6.25, 5.38], [6.3, 5.7]]","['出去很方便', '很輕帶']",['LAPTOP#PORTABILITY']
zho,laptop,6918097:S092,"規格真讚,近期想要換個筆電,就恰好看到這篇,來參考參考感謝,不過就留言看下來,規格真的頂...",1,['規格'],2,"[[6.8, 5.8], [7.2, 6.0]]","['讚', '頂']",['LAPTOP#DESIGN_FEATURES']
zho,laptop,6789589:S003,目前用的是快2公斤的筆電，還真的無法想像用提袋裝1cm+1kg，真的輕薄到很方便，有帶出門的需求真的適合,1,['筆電'],2,"[[6.75, 6.25], [6.83, 5.83]]","['有帶出門的需求真的適合', '真的輕薄到很方便']",['LAPTOP#PORTABILITY']
zho,laptop,6826356:S012,不過有些平價機種，在散熱方面採用共用設計，只有單風扇、散熱銅管也不夠多，散熱效果就會大打折扣。,1,['散熱方面'],2,"[[4.83, 5.0], [5.0, 5.0]]","['共用設計', '單風扇']",['FANS_COOLING#DESIGN_FEATURES']
zho,laptop,6734862:S031,LGgram超輕超好帶、電量也夠、週圍女生看了也都喜歡這種輕薄的機型，預算拉一下，不會後悔。,1,['lggram'],3,"[[6.38, 6.25], [6.75, 6.0], [6.88, 6.12]]","['喜歡這種輕薄的機型', '超好帶', '超輕']","['LAPTOP#DESIGN_FEATURES', 'LAPTOP#PORTABILITY']"
zho,laptop,6818071:S120,雙螢幕可以直立擺放還挺特別的感覺可以做很多工作,1,['雙螢幕'],2,"[[5.88, 5.38], [6.5, 5.17]]","['可以做很多工作', '挺特別']",['DISPLAY#DESIGN_FEATURES']
zho,laptop,6940619:S015,螢幕很大看起來很棒看資料或工作都很方便,1,['螢幕'],3,"[[6.5, 6.17], [6.75, 6.25], [6.75, 6.62]]","['很大', '很方便', '看起來很棒']","['DISPLAY#DESIGN_FEATURES', 'DISPLAY#GENERAL', 'DISPLAY#USABILITY']"
zho,laptop,6922802:S037,難得電競筆電外觀樸素有質感！！讚！！,1,['電競筆電外觀'],2,"[[5.5, 5.0], [6.0, 5.38]]","['有質感', '樸素']",['LAPTOP#DESIGN_FEATURES']
zho,laptop,6936541:S004,粉色好少女心好好看圖片改線稿看起來蠻專業的配上OLED螢幕畫質清晰,1,['粉色'],2,"[[6.88, 6.62], [7.0, 7.0]]","['好好看', '好少女心']",['LAPTOP#DESIGN_FEATURES']
zho,laptop,6935598:S212,小巧筆電，看起來還不錯！包起來~~,1,['筆電'],2,"[[6.12, 5.0], [6.33, 5.5]]","['小巧', '看起來還不錯']","['LAPTOP#GENERAL', 'LAPTOP#PORTABILITY']"
zho,laptop,6743980:S021,真的，有點動手能力的人根本不推薦在台灣市場買筆記型電腦這種產品對岸相同牌子(ASUS、Lenovo等等)規格相當或更好比台灣便宜5K到10K都是常態，含上運費也遠遠低於台灣售價台灣消費者真是盤子...,1,['筆記型電腦'],2,"[[3.83, 5.17], [4.75, 5.38]]","['含上運費也遠遠低於台灣售價', '根本不推薦在台灣市場買']","['LAPTOP#GENERAL', 'LAPTOP#PRICE']"
zho,laptop,7024955:S020,CP值高，但仔細看這螢幕色域太低不太行阿,1,['螢幕色域'],2,"[[3.5, 6.0], [4.0, 4.83]]","['不太行', '太低']",['DISPLAY#OPERATION_PERFORMANCE']
zho,laptop,6872142:S002,現在真的蠻便宜的，X1404VA純文書作業蠻夠用的唷，工作是挺合適的,1,['x1404va'],2,"[[6.0, 5.0], [6.83, 5.83]]","['真的蠻便宜', '純文書作業蠻夠用']","['LAPTOP#OPERATION_PERFORMANCE', 'LAPTOP#PRICE']"
zho,laptop,6777250:S964,筆電越做越好也越來越貴買的人只能希望能撐個5年10年囉哈哈,1,['筆電'],2,"[[3.5, 6.33], [6.5, 6.25]]","['越來越貴', '越做越好']","['LAPTOP#GENERAL', 'LAPTOP#PRICE']"
zho,laptop,6837523:S011,"建議挑桌電筆電除了攜帶方便長期處在高溫很快壞大學還是桌點實用一點機械系還會繪製3D圖(CREO,solidwork)或是跑模擬軟體30K筆電要跑的順真的有難度",1,['筆電'],3,"[[3.83, 5.0], [4.38, 5.12], [6.0, 5.0]]","['攜帶方便', '要跑的順真的有難度', '長期處在高溫很快壞']","['LAPTOP#OPERATION_PERFORMANCE', 'LAPTOP#PORTABILITY', 'LAPTOP#QUALITY']"
zho,laptop,6867264:S001,看有沒有帶出去的需求，畢竟15吋螢幕比較大也比較重，不然選U的CPU除了文書外很多事情都做不了，雖然是閹割版的但還是比1235U來的好，所以選IdeaPadslim3會比較好，店家買也會比MOMO來的便宜些，如果能多捏一點預算可以買hp15-fa0031TX至少是用i5-12500H/RTX3050-4G，打起遊戲來也比較順，價格也可以問問店家就能夠少捏一點,1,['15吋螢幕'],2,"[[4.5, 5.0], [5.75, 5.0]]","['比較大', '比較重']","['DISPLAY#DESIGN_FEATURES', 'DISPLAY#PORTABILITY']"
zho,laptop,6772787:S241,功能外型太強大了~讚,1,['功能'],2,"[[6.8, 6.0], [7.25, 6.62]]","['太強大', '讚']",['LAPTOP#DESIGN_FEATURES']
zho,laptop,6772787:S241,功能外型太強大了~讚,1,['外型'],2,"[[6.8, 6.0], [7.25, 6.62]]","['太強大', '讚']",['LAPTOP#DESIGN_FEATURES']
zho,laptop,6818071:S057,雙螢幕，還不錯，算是有點創意。,1,['雙螢幕'],2,"[[6.0, 5.5], [6.33, 5.5]]","['有點創意', '還不錯']","['DISPLAY#DESIGN_FEATURES', 'LAPTOP#GENERAL']"
zho,laptop,6701483:S014,粉粉的綠色一定很吸引女生但是感覺男生用起來也沒有違和感真是一台不錯有自己特色的筆電,1,['粉粉的綠色'],2,"[[5.83, 5.83], [5.83, 6.0]]","['一定很吸引女生', '男生用起來也沒有違和感']",['LAPTOP#DESIGN_FEATURES']
zho,laptop,6701483:S014,粉粉的綠色一定很吸引女生但是感覺男生用起來也沒有違和感真是一台不錯有自己特色的筆電,1,['筆電'],2,"[[5.83, 5.33], [6.0, 5.25]]","['不錯', '有自己特色']",['LAPTOP#GENERAL']
zho,laptop,6918097:S051,雖然效能與整體表現令人驚艷，但精美的價格同樣令人眼睛為之一亮。,1,['價格'],2,"[[4.62, 5.5], [6.62, 6.5]]","['令人眼睛為之一亮', '精美']",['LAPTOP#PRICE']
zho,laptop,7109921:S006,技嘉近來OLED螢幕算蠻有料，他們高規筆電一直沒有被注意到有點可惜我是用17X，重量適中、外觀低調但簡約好看，續航不錯，站邊幫忙推一下,1,['外觀'],2,"[[5.83, 5.0], [6.33, 5.67]]","['低調', '簡約好看']",['LAPTOP#DESIGN_FEATURES']
zho,laptop,7105703:S236,不錯的筆電，越來越棒了。,1,['筆電'],2,"[[5.75, 5.0], [6.25, 5.5]]","['不錯', '越來越棒']",['LAPTOP#GENERAL']
zho,laptop,6887610:S017,MSIPrestige13EvoA12M-234TW石磨灰微星輕薄效能筆電/i5-1240P/IrisXe/16GDDR5/512GBPCIe/13.3吋16:10FHD+/0.99Kg/W11推薦這台應該夠用囉,1,['msiprestige13evoa12m-234tw石磨灰微星輕薄效能筆電'],2,"[[5.88, 5.0], [6.25, 5.62]]","['應該夠用', '推薦']",['LAPTOP#GENERAL']
zho,laptop,6770036:S535,"筆電很棒,我喜歡..",1,['筆電'],2,"[[6.75, 5.88], [6.75, 6.38]]","['喜歡', '很棒']",['LAPTOP#GENERAL']
zho,laptop,6944546:S001,"我很多年前買過Razer的產品後就再也不買了品質差到不行就只賣個牌子價格有7成是買裡面那張logo貼紙東西便宜也就算了還死貴比中國的三無電子產品還垃圾,起碼人家超便宜Razer就是電子垃圾",1,['razer的產品'],2,"[[2.0, 7.83], [2.33, 7.33]]","['死貴', '比中國的三無電子產品還垃圾']","['LAPTOP#GENERAL', 'LAPTOP#PRICE']"
zho,laptop,6920254:S341,"筆電簡單俐落,不過上蓋的斜角燈條有點多餘,沒有更好。",1,['上蓋的斜角燈條'],2,"[[4.0, 5.25], [4.33, 5.0]]","['有點多餘', '沒有更好']",['LAPTOP#DESIGN_FEATURES']
zho,laptop,7112615:S064,PS.這外型相對MSI自家的電競機種，低調沉穩多了，很適合商務人士。,1,['外型'],2,"[[6.12, 5.25], [6.5, 5.5]]","['低調沉穩多了', '很適合商務人士']",['LAPTOP#DESIGN_FEATURES']
zho,laptop,6902502:S025,MSI電競筆電很好用用了好幾年了還是頭好壯壯,1,['msi電競筆電'],2,"[[6.38, 5.75], [6.7, 6.0]]","['很好用', '頭好壯壯']",['LAPTOP#GENERAL']
zho,restaurant,R0283:S004,肉粿每一塊都好脆好恰好喜歡。,1,['肉粿'],3,"[[6.12, 6.0], [6.25, 6.0], [6.62, 6.62]]","['好喜歡', '好恰', '好脆']",['FOOD#QUALITY']
zho,restaurant,R0284:S018,很夠味起司也很香。,1,['起司'],2,"[[6.5, 6.33], [6.67, 6.5]]","['很夠味', '很香']",['FOOD#QUALITY']
zho,restaurant,R0284:S027,雞肉烤得嫩有點微甜。,1,['雞肉'],2,"[[6.0, 5.6], [6.1, 5.6]]","['嫩', '微甜']",['FOOD#QUALITY']
zho,restaurant,R0285:S020,真的解膩又爽口。,1,[None],2,"[[5.88, 5.5], [6.0, 5.38]]","['爽口', '解膩']",['FOOD#QUALITY']
zho,restaurant,R0286:S003,炸的很酥脆軟嫩又多汁。,1,[None],3,"[[6.5, 6.33], [6.5, 6.5]]","['多汁', '很酥脆', '軟嫩']",['FOOD#QUALITY']
zho,restaurant,R0287:S008,蘿蔔糕蠻大塊的又厚實。,1,['蘿蔔糕'],2,"[[6.62, 5.62], [6.62, 6.25]]","['厚實', '蠻大塊']","['FOOD#QUALITY', 'FOOD#STYLE_OPTIONS']"
zho,restaurant,R0288:S003,主打高CP值又大顆的手工小籠包。,1,['手工小籠包'],2,"[[6.5, 5.25], [6.5, 5.88]]","['大顆', '高CP值']","['FOOD#PRICES', 'FOOD#STYLE_OPTIONS']"
zho,restaurant,R0288:S009,我超愛厚皮的小籠包。,1,['小籠包'],2,"[[6.25, 6.0], [8.0, 8.0]]","['厚皮', '超愛']",['FOOD#QUALITY']
zho,restaurant,R0289:S013,米飯粒粒分明又不油膩。,1,['米飯'],2,"[[5.75, 5.12], [6.0, 5.5]]","['不油膩', '粒粒分明']",['FOOD#QUALITY']
zho,restaurant,R0289:S029,魚肉細緻溼潤鮮味足。,1,['魚肉'],3,"[[6.5, 5.83], [6.5, 6.0]]","['溼潤', '細緻', '鮮味足']",['FOOD#QUALITY']
zho,restaurant,R0289:S032,麵衣薄酥無油。,1,['麵衣'],2,"[[5.83, 5.33], [6.17, 5.5]]","['無油', '薄酥']",['FOOD#QUALITY']
zho,restaurant,R0296:S009,地點很顯目好找。,1,['地點'],2,"[[6.0, 5.25], [6.0, 6.75]]","['好找', '很顯目']",['LOCATION#GENERAL']
zho,restaurant,R0300:S008,再配上滿滿又多汁的餡料。,1,['餡料'],2,"[[5.83, 5.17], [5.83, 5.33]]","['多汁', '滿滿']","['FOOD#QUALITY', 'FOOD#STYLE_OPTIONS']"
zho,restaurant,R0301:S013,白膏極多又黏稠。,1,['白膏'],2,"[[5.33, 5.17], [5.83, 5.5]]","['極多', '黏稠']",['FOOD#QUALITY']
zho,restaurant,R0303:S060,清甜卻不膩口。,1,[None],2,"[[6.0, 5.5], [6.17, 5.5]]","['不膩口', '清甜']",['FOOD#QUALITY']
zho,restaurant,R0305:S011,略有嚼勁很好吃。,1,[None],2,"[[6.17, 6.0], [6.33, 6.83]]","['很好吃', '略有嚼勁']",['FOOD#QUALITY']
zho,restaurant,R0000:S023,不過他們這種道地的拉麵我真的很愛，再配上軟嫩的叉燒與脆爽的筍干。,1,['拉麵'],2,"[[6.0, 5.25], [6.75, 6.5]]","['真的很愛', '道地的']",['FOOD#QUALITY']
zho,restaurant,R0013:S013,雞腿肉不錯有入味。,1,['雞腿肉'],2,"[[6.12, 5.38], [6.12, 5.5]]","['不錯', '入味']",['FOOD#QUALITY']
zho,restaurant,R0015:S034,裡頭的草莓不僅大顆又香甜。,1,['草莓'],2,"[[6.38, 5.75], [6.5, 5.88]]","['大顆', '香甜']","['FOOD#QUALITY', 'FOOD#STYLE_OPTIONS']"
zho,restaurant,R0017:S030,甜中帶鹹香，相當的好吃。,1,[None],2,"[[5.88, 5.12], [6.25, 5.88]]","['好吃', '甜中帶鹹香']",['FOOD#QUALITY']
zho,restaurant,R0017:S037,麵條Q彈好吃，搭配的白醬相當濃郁。,1,['麵條'],2,"[[6.12, 5.38], [6.12, 5.5]]","['Q彈', '好吃']",['FOOD#QUALITY']
zho,restaurant,R0019:S010,紅喉的肉質也軟嫩，但比馬頭魚更多一點Q彈口感。,1,['紅喉的肉質'],2,"[[6.12, 5.12], [6.25, 5.5]]","['更多一點Q彈', '軟嫩']",['FOOD#QUALITY']
zho,restaurant,R0020:S004,氣氛也不錯，走精緻路線(非高檔)。,1,['氣氛'],2,"[[6.0, 5.33], [6.17, 5.5]]","['不錯', '精緻']",['AMBIENCE#GENERAL']
zho,restaurant,R0020:S015,明蝦雖然沒有到非常大尾，但是肉質不錯又新鮮，蝦頭很貼心的幫忙脫殼了。,1,['肉質'],2,"[[6.0, 5.0], [6.25, 6.5]]","['不錯', '新鮮']",['FOOD#QUALITY']
zho,restaurant,R0021:S026,肉質超級細嫩又鮮甜。,1,['肉質'],2,"[[6.38, 5.62], [6.75, 6.5]]","['超級細嫩', '鮮甜']",['FOOD#QUALITY']
zho,restaurant,R0024:S023,不死鹹的花生，單吃下飯都很過癮。,1,['花生'],2,"[[5.83, 5.33], [6.5, 6.5]]","['不死鹹', '很過癮']",['FOOD#QUALITY']
zho,restaurant,R0024:S025,豬肉軟嫩不乾硬。,1,['豬肉'],2,"[[6.33, 5.33], [6.67, 5.5]]","['不乾硬', '軟嫩']",['FOOD#QUALITY']
zho,restaurant,R0026:S011,那香氣逼人讓人無法抗拒啊。,1,[None],2,"[[6.5, 5.83], [6.67, 6.5]]","['讓人無法抗拒', '香氣逼人']",['FOOD#QUALITY']
zho,restaurant,R0028:S006,麵包外層酥脆好吃。,1,['麵包外層'],2,"[[6.5, 6.0], [6.67, 6.0]]","['好吃', '酥脆']",['FOOD#QUALITY']
zho,restaurant,R0028:S026,覺得他加的起司吃不出味道，感覺可以不用加。,1,['起司'],2,"[[3.83, 5.67], [4.0, 4.83]]","['不用加', '吃不出味道']",['FOOD#QUALITY']
zho,restaurant,R0030:S026,湯頭偏淡，不是很喜歡。,1,['湯頭'],2,"[[4.0, 5.0], [4.25, 4.75]]","['不是很喜歡', '偏淡']",['FOOD#QUALITY']
zho,restaurant,R0030:S033,小卷新鮮度尚可，大腸無臊味淡切得偏小塊。,1,['大腸'],2,"[[4.0, 5.0], [5.0, 5.0]]","['偏小', '無臊味淡']","['FOOD#QUALITY', 'FOOD#STYLE_OPTIONS']"
zho,restaurant,R0030:S034,鴨肉丸彈而有味，肉羹偏軟無特色。,1,['肉羹'],2,"[[4.0, 4.5], [4.5, 5.0]]","['偏軟', '無特色']",['FOOD#QUALITY']
zho,restaurant,R0030:S040,麵線有免費附一杯紅茶，甜度溫和茶味淡。,1,['紅茶'],2,"[[5.25, 5.0], [5.5, 5.0]]","['甜度溫和', '茶味淡']",['DRINKS#QUALITY']
zho,restaurant,R0031:S011,可惜的是蒜片沒有煎得恰恰。,1,['蒜片'],2,"[[3.83, 5.5], [4.0, 5.33]]","['可惜', '沒有煎得恰恰']",['FOOD#QUALITY']
zho,restaurant,R0031:S017,吃得到松阪豬脆脆的口感，配上玫瑰鹽很讚。,1,['松阪豬'],2,"[[6.33, 6.0], [6.67, 6.33]]","['很讚', '脆脆']",['FOOD#QUALITY']
zho,restaurant,R0031:S019,我個人蠻喜歡松阪豬，直接吃就很好吃。,1,['松阪豬'],2,"[[7.0, 6.0], [7.0, 6.5]]","['很好吃', '蠻喜歡']",['FOOD#QUALITY']
zho,restaurant,R0032:S034,蜂蜜紅茶則非常難喝，有股臭味，而且又超貴。,1,['蜂蜜紅茶'],3,"[[1.5, 6.5], [2.0, 7.0], [3.25, 6.75]]","['有股臭味', '超貴', '非常難喝']","['DRINKS#PRICES', 'DRINKS#QUALITY']"
zho,restaurant,R0036:S007,這次吃下來我覺得滿不錯的欸，是好吃的燒肉店。,1,['燒肉店'],2,"[[6.0, 5.5], [6.0, 6.0]]","['好吃', '滿不錯']",['RESTAURANT#GENERAL']
zho,restaurant,R0039:S049,小菜的量給的很是豐富，滿滿像一座小山一樣。,1,['小菜的量'],2,"[[7.0, 6.5], [7.25, 6.0]]","['很是豐富', '滿滿']",['FOOD#STYLE_OPTIONS']
zho,restaurant,R0039:S066,但這家店僅需要$165就可以吃到美味的炸豬排炒飯，真的很便宜。,1,['炸豬排炒飯'],2,"[[6.25, 6.25], [6.5, 6.0]]","['真的很便宜', '美味']","['FOOD#PRICES', 'FOOD#QUALITY']"
zho,restaurant,R0044:S025,魷魚炸蠻新鮮可口，也有吃到魷魚本身的鮮味。,1,['魷魚'],2,"[[6.33, 5.67], [6.67, 6.0]]","['可口', '蠻新鮮']",['FOOD#QUALITY']
zho,restaurant,R0044:S030,老周冷泡茶(無糖)35元▼就是好喝的茶，不會澀。,1,['老周冷泡茶'],2,"[[6.5, 5.88], [6.5, 6.0]]","['不會澀', '好喝']",['DRINKS#QUALITY']
zho,restaurant,R0044:S032,祖傳無骨鹹酥雞蠻大塊又很多汁嫩口味美。,1,['祖傳無骨鹹酥雞'],3,"[[6.5, 6.0], [6.67, 5.67], [7.0, 5.67]]","['味美', '嫩口', '蠻大塊']","['FOOD#QUALITY', 'FOOD#STYLE_OPTIONS']"
zho,restaurant,R0044:S039,不過一樣沒有油耗味，也是清爽的風格。,1,[None],2,"[[5.62, 5.12], [6.0, 5.38]]","['沒有油耗味', '清爽']",['FOOD#QUALITY']
zho,restaurant,R0055:S012,大腸有嚼勁味淡無臊。,1,['大腸'],3,"[[5.25, 5.0], [5.25, 5.25], [5.5, 5.25]]","['味淡', '有嚼勁', '無臊']",['FOOD#QUALITY']
zho,restaurant,R0056:S051,我點的烤榛果拿鐵，是我喜歡的味道，喝起來不會膩。,1,['烤榛果拿鐵'],2,"[[6.0, 5.33], [6.17, 5.5]]","['不會膩', '喜歡']",['DRINKS#QUALITY']
zho,restaurant,R0057:S055,雖然這碗湯喝起來很普通，但很有居家的感覺。,1,['湯'],2,"[[5.0, 4.83], [5.33, 5.33]]","['很有居家的感覺', '普通']",['FOOD#QUALITY']
zho,restaurant,R0057:S071,一口咬下，裡面的蝦子也不少，而且非常爽脆。,1,['蝦子'],2,"[[6.25, 6.0], [6.75, 6.88]]","['不少', '非常爽脆']","['FOOD#QUALITY', 'FOOD#STYLE_OPTIONS']"
zho,restaurant,R0057:S078,撈麵的口感非常彈牙，不會過軟。,1,['撈麵的口感'],2,"[[6.38, 6.12], [6.75, 6.62]]","['不會過軟', '非常彈牙']",['FOOD#QUALITY']
zho,restaurant,R0057:S080,醬油也是鮮甜適中，不會很油膩。,1,['醬油'],2,"[[6.0, 5.88], [6.38, 6.25]]","['不會很油膩', '鮮甜適中']",['FOOD#QUALITY']
zho,restaurant,R0060:S025,味噌湯蠻好喝的，不死鹹。,1,['味噌湯'],2,"[[6.25, 5.25], [6.25, 5.62]]","['不死鹹', '蠻好喝']",['FOOD#QUALITY']
zho,restaurant,R0066:S026,蜜煮芋頭口感極差，吃起來爛爛的。,1,['蜜煮芋頭口感'],2,"[[3.0, 6.75], [3.5, 5.5]]","['極差', '爛爛']",['FOOD#QUALITY']
zho,restaurant,R0070:S020,他們家的紅茶喝起來會有一種回甘的味道，但還是有點澀就是了。,1,['紅茶'],2,"[[4.33, 5.0], [6.33, 6.33]]","['回甘', '有點澀']",['DRINKS#QUALITY']
zho,restaurant,R0074:S008,可以喝到的雞的鮮甜，而且湯非常的清澈，喝起來很舒服。,1,['湯'],2,"[[6.0, 5.5], [7.0, 6.5]]","['很舒服', '非常的清澈']",['FOOD#QUALITY']
zho,restaurant,R0077:S038,粒粒分明的紅豆，道出的盡是軟綿的好滋味。,1,['紅豆'],2,"[[6.0, 5.38], [6.0, 5.5]]","['粒粒分明', '軟綿']",['FOOD#QUALITY']
zho,restaurant,R0077:S052,而大吉烤茶的珍珠烤奶，喝完不會口乾舌燥，奶香濃郁。,1,['珍珠烤奶'],2,"[[5.83, 5.67], [6.17, 5.83]]","['不會口乾舌燥', '奶香濃郁']",['DRINKS#QUALITY']
zho,restaurant,R0078:S010,麵包是佛卡夏，外酥內軟好吃。,1,['佛卡夏'],2,"[[5.67, 5.5], [6.0, 5.33]]","['外酥內軟', '好吃']",['FOOD#QUALITY']
zho,restaurant,R0078:S034,臘肉Q軟好吃。,1,['臘肉'],2,"[[6.0, 5.38], [6.12, 5.5]]","['Q軟', '好吃']",['FOOD#QUALITY']
zho,restaurant,R0078:S035,麵條同樣的Q彈好吃。,1,['麵條'],2,"[[6.75, 6.12], [6.88, 6.25]]","['Q彈', '好吃']",['FOOD#QUALITY']
zho,restaurant,R0084:S092,豬肉豐腴不膩，油脂滑順。,1,['豬肉'],3,"[[6.0, 5.0], [6.17, 5.0]]","['不膩', '油脂滑順', '豐腴']",['FOOD#QUALITY']
zho,restaurant,R0084:S094,吃來多汁且無異味，整體來看處理得很好。,1,[None],3,"[[5.75, 5.5], [6.5, 6.5], [6.75, 6.75]]","['多汁', '很好', '無異味']",['FOOD#QUALITY']
zho,restaurant,R0084:S106,冰淇淋也是好吃，不會過於甜膩。,1,['冰淇淋'],2,"[[6.38, 6.25], [6.75, 6.38]]","['不會過於甜膩', '好吃']",['FOOD#QUALITY']
zho,restaurant,R0088:S004,搭配帶香味的酸菜，滿新奇的。,1,['酸菜'],2,"[[6.17, 6.17], [6.5, 5.5]]","['帶香味', '滿新奇']",['FOOD#QUALITY']
zho,restaurant,R0088:S006,肉只有一些些甜味，沒有達到我的標準。,1,['肉'],2,"[[3.67, 6.17], [4.83, 5.33]]","['只有一些些甜味', '沒有達到我的標準']",['FOOD#QUALITY']
zho,restaurant,R0089:S003,好吃平價的中檔火鍋。,1,['火鍋'],2,"[[6.5, 5.5], [6.5, 5.83]]","['好吃', '平價']","['FOOD#PRICES', 'FOOD#QUALITY']"
zho,restaurant,R0099:S121,店家的裝潢非常氣派有特色。,1,['裝潢'],2,"[[6.5, 5.33], [6.5, 6.33]]","['有特色', '非常氣派']",['AMBIENCE#GENERAL']
zho,restaurant,R0100:S021,筍乾爽脆無酸嗆。,1,['筍乾'],2,"[[5.75, 5.12], [6.0, 5.38]]","['無酸嗆', '爽脆']",['FOOD#QUALITY']
zho,restaurant,R0100:S023,豬排油膩感很高，吃太多會想吐。,1,['豬排'],2,"[[2.17, 7.0], [3.5, 5.0]]","['想吐', '油膩感很高']",['FOOD#QUALITY']
zho,restaurant,R0104:S004,沒有冷氣的戶外座，蚊子頗多。,1,['戶外座'],2,"[[3.83, 5.17], [4.0, 4.83]]","['沒有冷氣', '蚊子頗多']",['RESTAURANT#MISCELLANEOUS']
zho,restaurant,R0104:S015,剛上桌的雞皮好脆，沾點椒鹽跟雞油真的好美味。,1,['雞皮'],2,"[[6.33, 6.17], [6.67, 6.5]]","['好脆', '真的好美味']",['FOOD#QUALITY']
zho,restaurant,R0107:S050,超壯觀的擺盤難怪立刻引起大家的注意，真的很吸睛。,1,['擺盤'],2,"[[7.25, 7.62], [7.5, 7.88]]","['真的很吸睛', '超壯觀']",['FOOD#QUALITY']
zho,restaurant,R0111:S007,溫暖溫醇的豚骨湯，沒什麼豬臊味。,1,['豚骨湯'],2,"[[6.12, 5.62], [6.38, 5.75]]","['沒什麼豬臊味', '溫暖溫醇']",['FOOD#QUALITY']
zho,restaurant,R0465:S026,那個麵皮很Q很好吃。,1,['麵皮'],2,"[[6.5, 6.3], [6.7, 6.5]]","['很Q', '很好吃']",['FOOD#QUALITY']
zho,restaurant,R0466:S029,楊枝甘露雖然偏小但是口味非常不錯很值得點來吃。,1,['楊枝甘露'],3,"[[5.0, 5.25], [7.0, 6.5]]","['偏小', '很值得點來吃', '非常不錯']","['FOOD#QUALITY', 'FOOD#STYLE_OPTIONS']"
zho,restaurant,R0466:S030,結論水準之上值得一吃。,1,[None],2,"[[6.0, 5.5], [6.38, 5.75]]","['值得一吃', '水準之上']",['RESTAURANT#GENERAL']
zho,restaurant,R0467:S015,鴨肉的量也蠻多的是我今天最喜歡的一道菜，鹹食得部分鴨血跟豆腐都有入味還算不錯。,1,['鴨肉'],2,"[[6.0, 5.75], [6.75, 7.0]]","['最喜歡的', '蠻多']","['FOOD#QUALITY', 'FOOD#STYLE_OPTIONS']"
zho,restaurant,R0467:S015,鴨肉的量也蠻多的是我今天最喜歡的一道菜，鹹食得部分鴨血跟豆腐都有入味還算不錯。,1,['鴨血'],2,"[[6.0, 5.75], [6.5, 5.75]]","['入味', '還算不錯']",['FOOD#QUALITY']
zho,restaurant,R0467:S015,鴨肉的量也蠻多的是我今天最喜歡的一道菜，鹹食得部分鴨血跟豆腐都有入味還算不錯。,1,['豆腐'],2,"[[6.0, 5.75], [6.5, 5.75]]","['入味', '還算不錯']",['FOOD#QUALITY']
zho,restaurant,R0467:S026,但炸湯圓上菜的時候有點涼了蠻可惜的。,1,['炸湯圓'],2,"[[4.0, 5.0], [4.67, 6.17]]","['有點涼', '蠻可惜']",['FOOD#QUALITY']
zho,restaurant,R0468:S004,招牌顯眼很好找。,1,['招牌'],2,"[[5.67, 5.33], [6.17, 6.33]]","['很好找', '顯眼']",['RESTAURANT#MISCELLANEOUS']
zho,restaurant,R0469:S005,店裡就是家庭式經營的餅店，很溫馨很有味道。,1,['餅店'],2,"[[6.0, 6.0], [6.12, 6.12]]","['很有味道', '很溫馨']",['AMBIENCE#GENERAL']
zho,restaurant,R0469:S017,吃起來健康卻美味的點心。,1,['點心'],2,"[[5.75, 5.5], [5.88, 5.5]]","['健康', '美味']",['FOOD#QUALITY']
zho,restaurant,R0469:S021,肉餅相對來說就是較油跟甜了。,1,['肉餅'],2,"[[4.62, 5.38], [5.0, 5.12]]","['甜', '較油']",['FOOD#QUALITY']
zho,restaurant,R0470:S016,鴨皮微脆又香。,1,['鴨皮'],2,"[[6.5, 5.75], [6.62, 6.0]]","['微脆', '香']",['FOOD#QUALITY']
zho,restaurant,R0471:S038,自由街無名早餐店的蛋餅也是屬於皮比較厚實有彈性的粉漿蛋餅。,1,['粉漿蛋餅'],2,"[[6.12, 5.5], [6.12, 5.75]]","['厚實', '有彈性']",['FOOD#QUALITY']
zho,restaurant,R0472:S037,價格是最貴的188金盤魚肉，是幾乎看不到醋飯的超豪邁尺寸。,1,['金盤魚肉'],2,"[[4.83, 5.83], [7.17, 7.0]]","['最貴', '超豪邁']","['FOOD#PRICES', 'FOOD#STYLE_OPTIONS']"
zho,restaurant,R0477:S004,大大的排骨很有古早味，味道和口感都很好。,1,['排骨'],2,"[[6.5, 5.0], [6.5, 6.5]]","['大大的', '很有古早味']","['FOOD#QUALITY', 'FOOD#STYLE_OPTIONS']"
zho,restaurant,R0478:S001,可以無限取用泰國米粒粒分明我蠻喜歡的。,1,['泰國米'],2,"[[6.83, 6.33], [7.0, 6.5]]","['無限取用', '粒粒分明']","['FOOD#QUALITY', 'FOOD#STYLE_OPTIONS']"
zho,restaurant,R0478:S005,炸雞也炸的很多汁不膩口。,1,['炸雞'],2,"[[6.75, 5.75], [6.75, 6.25]]","['不膩口', '很多汁']",['FOOD#QUALITY']
zho,restaurant,R0478:S010,冬蔭功湯雖然不大碗但是料還蠻豐盛的。,1,['冬蔭功湯'],2,"[[5.0, 5.17], [6.67, 6.33]]","['不大碗', '蠻豐盛']","['FOOD#QUALITY', 'FOOD#STYLE_OPTIONS']"
zho,restaurant,R0482:S033,湯底清甜好喝。,1,['湯底'],2,"[[6.88, 6.38], [7.0, 6.75]]","['好喝', '清甜']",['FOOD#QUALITY']
zho,restaurant,R0482:S042,雞肉肉質軟嫩好吃。,1,['雞肉肉質'],2,"[[5.75, 5.12], [5.88, 5.12]]","['好吃', '軟嫩']",['FOOD#QUALITY']
zho,restaurant,R0487:S022,大腸滷得很夠味，才90塊就超大一碗。,1,['大腸'],2,"[[6.5, 6.33], [6.5, 6.67]]","['很夠味', '超大一碗']","['FOOD#QUALITY', 'FOOD#STYLE_OPTIONS']"
zho,restaurant,R0487:S050,生腸太硬，咬不太動。,1,['生腸'],2,"[[3.83, 5.0], [4.0, 4.83]]","['咬不太動', '太硬']",['FOOD#QUALITY']
zho,restaurant,R0488:S038,控肉這天蠻雷的，肉眼可見的乾柴，根本咬不下去。,1,['控肉'],3,"[[3.17, 5.67], [3.33, 5.67], [3.33, 6.17]]","['咬不下去', '肉眼可見的乾柴', '蠻雷的']",['FOOD#QUALITY']
zho,restaurant,R0488:S056,豬腳倒是滷的透爛，很夠味。,1,['豬腳'],2,"[[6.5, 6.0], [6.5, 6.17]]","['很夠味', '透爛']",['FOOD#QUALITY']
zho,restaurant,R0488:S059,筍子裡全是薑絲，吃起來帶苦又辣。,1,['薑絲'],2,"[[4.0, 6.0], [4.67, 5.5]]","['帶苦', '辣']",['FOOD#QUALITY']
zho,restaurant,R0488:S061,中間粉絲超級鹹，鹹到難以下嚥。,1,['粉絲'],2,"[[2.5, 6.0], [2.5, 7.0]]","['超級鹹', '難以下嚥']",['FOOD#QUALITY']
zho,restaurant,R0546:S021,這裡的香雞排吃起來不乾不柴，剛炸好馬上咬一口滿多汁的真的超讚,1,['香雞排'],3,"[[5.75, 5.12], [6.12, 5.38], [6.88, 7.12]]","['不乾不柴', '滿多汁的', '真的超讚']",['FOOD#QUALITY']
zho,restaurant,R0553:S073,鮮嫩帶汁酸甜的蕃茄片、鮮脆的生菜與辛而不嗆的生洋蔥增添了豐富的口感。,1,['蕃茄片'],2,"[[6.5, 6.5], [7.0, 6.5]]","['酸甜的', '鮮嫩帶汁']",['FOOD#QUALITY']
zho,restaurant,R0553:S074,整體頗具份量，吃完後飽足感十足。,1,['整體'],2,"[[6.17, 6.17], [6.67, 6.33]]","['頗具份量', '飽足感十足']",['FOOD#STYLE_OPTIONS']
zho,restaurant,R0553:S077,咖喱醬給得非常足量，濃而不稠鹹度適中。,1,['咖喱醬'],3,"[[6.5, 6.25], [7.0, 6.25], [7.0, 6.75]]","['濃而不稠', '非常足量', '鹹度適中']","['FOOD#QUALITY', 'FOOD#STYLE_OPTIONS']"
zho,restaurant,R0553:S099,咖啡拿鐵的口感相當醇厚，微苦不澀香氣濃郁。,1,['咖啡拿鐵'],3,"[[5.0, 5.5], [6.5, 6.5]]","['不澀', '微苦', '香氣濃郁']",['DRINKS#QUALITY']
zho,restaurant,R0553:S102,紅茶鮮奶的茶香明顯，口感滑順不會過於甜膩。,1,['口感'],2,"[[6.17, 6.0], [6.5, 6.17]]","['不會過於甜膩', '滑順']",['DRINKS#QUALITY']
zho,restaurant,R0560:S020,但因為肉比較不油，倒是覺得不會膩口。,1,['肉'],2,"[[6.25, 5.62], [6.25, 5.75]]","['不會膩口', '比較不油']",['FOOD#QUALITY']
zho,restaurant,R0560:S022,香腸口味帶點甜，很小一根不會太肥還蠻好吃的。,1,['香腸'],3,"[[4.33, 5.17], [5.83, 5.5], [6.0, 5.67]]","['不會太肥', '很小一根', '蠻好吃的']","['FOOD#QUALITY', 'FOOD#STYLE_OPTIONS']"
zho,restaurant,R0563:S018,雖然麵體是硬的有嚼勁我喜歡。,1,['麵體'],3,"[[5.25, 5.25], [5.5, 5.5], [6.0, 5.5]]","['喜歡', '有嚼勁', '硬的']",['FOOD#QUALITY']
zho,restaurant,R0566:S012,我愛的點主要是肉好吃紮實。,1,['肉'],2,"[[6.5, 6.17], [6.67, 5.83]]","['好吃', '紮實']",['FOOD#QUALITY']
zho,restaurant,R0566:S018,湯頭因為有油蔥酥芹菜丁，很香不錯喝。,1,['湯頭'],2,"[[6.33, 6.17], [6.33, 6.5]]","['不錯喝', '很香']",['FOOD#QUALITY']
zho,restaurant,R0567:S003,水餃很大顆用料也扎實。,1,['水餃'],2,"[[6.38, 6.12], [6.5, 6.25]]","['很大顆', '用料也扎實']","['FOOD#QUALITY', 'FOOD#STYLE_OPTIONS']"
zho,restaurant,R0572:S033,座位區小小的不大，但很溫馨,1,['座位區'],2,"[[5.17, 5.0], [5.83, 6.0]]","['小小的不大', '很溫馨']",['AMBIENCE#GENERAL']
zho,restaurant,R0573:S016,但飲料的話我其實就不太推，覺得沒有必要升級。,1,['飲料'],2,"[[3.75, 5.0], [4.0, 5.0]]","['不太推', '沒有必要升級']",['DRINKS#QUALITY']
zho,restaurant,R0578:S006,只是麻糬皮吃得出有點乾，有些可惜。,1,['麻糬皮'],2,"[[4.25, 4.5], [4.5, 5.75]]","['有些可惜', '有點乾']",['FOOD#QUALITY']
zho,restaurant,R0582:S043,但雞心偏乾，非我所好。,1,['雞心'],2,"[[4.0, 5.5], [4.25, 5.12]]","['偏乾', '非我所好']",['FOOD#QUALITY']
zho,restaurant,R0582:S046,火侯掌控的不錯，有熟會帶出青椒的清甜、無生澀味。,1,['青椒'],2,"[[5.83, 5.0], [6.0, 5.17]]","['清甜', '無生澀味']",['FOOD#QUALITY']
zho,restaurant,R0584:S028,生腸吃起來帶點脆口又帶點嚼勁，非常討喜。,1,['生腸'],3,"[[6.12, 5.5], [6.75, 6.62]]","['帶點嚼勁', '帶點脆口', '非常討喜']",['FOOD#QUALITY']
zho,restaurant,R0584:S034,蝦子新鮮個頭又大。,1,['蝦子'],2,"[[6.0, 5.62], [6.12, 5.38]]","['大', '新鮮']",['FOOD#QUALITY']
zho,restaurant,R0584:S045,魚肉有點土味還是什麼比較吃不慣。,1,['魚肉'],2,"[[3.83, 5.33], [4.0, 5.0]]","['有點土味', '比較吃不慣']",['FOOD#QUALITY']
zho,restaurant,R0584:S057,鳳爪好吃，軟嫩入味。,1,['鳳爪'],3,"[[5.75, 5.0], [6.25, 6.0]]","['入味', '好吃', '軟嫩']",['FOOD#QUALITY']
zho,restaurant,R0584:S067,鴨粥非常不行既不香調味也不夠，每個人吃一口都面有難色。,1,['鴨粥'],2,"[[2.83, 7.17], [3.0, 5.33]]","['不香', '非常不行']",['FOOD#QUALITY']
zho,restaurant,R0584:S089,蛋塔也好好吃蛋香十足，一個超級小就100元。,1,['蛋塔'],2,"[[4.5, 5.25], [7.0, 6.5]]","['好好吃', '超級小']","['FOOD#QUALITY', 'FOOD#STYLE_OPTIONS']"
zho,restaurant,R0586:S022,酸菜魚很好吃沒土味。,1,['酸菜魚'],2,"[[5.83, 5.17], [6.17, 5.83]]","['很好吃', '沒土味']",['FOOD#QUALITY']
zho,restaurant,R0586:S034,母湯娃娃菜很好吃軟爛，湯汁也很棒!!!,1,['母湯娃娃菜'],2,"[[6.33, 5.67], [6.67, 6.33]]","['很好吃', '軟爛']",['FOOD#QUALITY']
zho,restaurant,R0587:S022,羊肉片無羊羶，軟而微帶咬感。,1,['羊肉片'],3,"[[6.67, 5.83], [6.67, 6.33]]","['微帶咬感', '無羊羶', '軟']",['FOOD#QUALITY']
zho,restaurant,R0589:S035,三鮮炒麵這道表現普通，只記得它肉絲放很多，但有些沒有炒開。,1,['肉絲'],2,"[[4.25, 5.25], [6.25, 6.5]]","['很多', '沒有炒開']","['FOOD#QUALITY', 'FOOD#STYLE_OPTIONS']"
zho,restaurant,R0595:S025,蛋糕是真的美又好吃。,1,['蛋糕'],2,"[[6.5, 6.0], [6.5, 6.83]]","['好吃', '真的美']","['FOOD#QUALITY', 'FOOD#STYLE_OPTIONS']"
zho,restaurant,R0595:S028,上面的奶油很細緻，吃起來完全不膩口。,1,['奶油'],2,"[[6.25, 6.0], [6.5, 6.0]]","['完全不膩口', '很細緻']",['FOOD#QUALITY']
zho,restaurant,R0596:S029,品項還算是滿豐富的，讓人看得眼花撩亂。,1,['品項'],2,"[[5.88, 6.12], [6.25, 6.12]]","['滿豐富的', '看得眼花撩亂']",['FOOD#STYLE_OPTIONS']
zho,restaurant,R0602:S042,炒飯挺好吃的，炒的粒粒分明。,1,['炒飯'],2,"[[6.0, 5.5], [6.25, 6.25]]","['挺好吃的', '粒粒分明']",['FOOD#QUALITY']
zho,restaurant,R0602:S055,餐後出的冰烏梅汁，好好喝非常解膩。,1,['冰烏梅汁'],2,"[[7.0, 6.0], [7.0, 6.5]]","['好好喝', '非常解膩']",['DRINKS#QUALITY']
zho,restaurant,R0604:S001,不只裝潢復古很有味道，冰品也很厲害哦。,1,['裝潢'],2,"[[6.0, 5.33], [6.83, 6.17]]","['很有味道', '復古']",['AMBIENCE#GENERAL']
zho,restaurant,R0604:S042,圓仔和粉圓不錯QQ的。,1,['圓仔'],2,"[[5.75, 5.5], [6.0, 5.25]]","['QQ的', '不錯']",['FOOD#QUALITY']
zho,restaurant,R0604:S042,圓仔和粉圓不錯QQ的。,1,['粉圓'],2,"[[5.75, 5.5], [6.0, 5.25]]","['QQ的', '不錯']",['FOOD#QUALITY']
zho,restaurant,R0605:S029,草莓偏乾偏酸是較可惜了些。,1,['草莓'],3,"[[4.5, 6.0], [4.67, 5.67]]","['偏乾', '偏酸', '較可惜']",['FOOD#QUALITY']
zho,restaurant,R0613:S037,而私嚐的螺旋蛋是點咖哩必加的選擇，真的很滑嫩很好吃。,1,['螺旋蛋'],3,"[[6.5, 6.5], [6.67, 6.83], [6.83, 6.67]]","['很好吃', '必加的選擇', '真的很滑嫩']",['FOOD#QUALITY']
zho,restaurant,R0613:S042,私嚐的唐揚雞非常軟嫩而且很大塊，吃起來很有飽足感。,1,['唐揚雞'],3,"[[6.33, 5.67], [6.33, 5.83], [6.67, 6.0]]","['很大塊', '很有飽足感', '非常軟嫩']","['FOOD#QUALITY', 'FOOD#STYLE_OPTIONS']"
zho,restaurant,R0613:S048,他們家的烏龍麵是我和兩個孩子的最愛，超Q彈。,1,['烏龍麵'],2,"[[6.75, 6.5], [7.12, 7.12]]","['最愛', '超Q彈']",['FOOD#QUALITY']
zho,restaurant,R0613:S051,廣島炸牡蠣非常酥脆多汁，咬起來外酥內軟。,1,['廣島炸牡蠣'],2,"[[6.5, 5.75], [6.62, 6.75]]","['外酥內軟', '非常酥脆多汁']",['FOOD#QUALITY']
zho,restaurant,R0613:S057,柚子茶甜甜的但不會過甜。,1,['柚子茶'],2,"[[6.25, 6.0], [7.0, 6.0]]","['不會過甜', '甜甜的']",['DRINKS#QUALITY']
zho,restaurant,R0614:S042,午仔魚的肉本來就細緻，烤完後非常之嫩又鮮美。,1,['午仔魚的肉'],3,"[[6.5, 6.17], [6.67, 6.5]]","['細緻', '非常之嫩', '鮮美']",['FOOD#QUALITY']
zho,restaurant,R0614:S055,開心果口味的提拉米蘇也太讓人開心了，美的就像藝術品。,1,['提拉米蘇'],2,"[[7.33, 7.5], [7.67, 7.33]]","['太讓人開心', '美的就像藝術品']","['FOOD#QUALITY', 'FOOD#STYLE_OPTIONS']"
zho,restaurant,R0615:S007,尤其是炒麵的口感和味道真的超棒，還有肉羹湯真心推薦必點。,1,['肉羹湯'],2,"[[7.0, 6.17], [7.0, 6.5]]","['必點', '真心推薦']",['FOOD#QUALITY']
zho,restaurant,R0615:S018,搭配不油不膩的肉燥真的是好吃。,1,['肉燥'],2,"[[6.5, 5.75], [7.0, 7.0]]","['不油不膩', '真的是好吃']",['FOOD#QUALITY']
zho,restaurant,R0615:S023,好吃必點的肉羹湯，湯裡的肉羹真的超大塊口感也很Q彈。,1,['肉羹湯'],2,"[[6.62, 6.25], [7.25, 7.12]]","['好吃', '必點']",['FOOD#QUALITY']
zho,restaurant,R0615:S025,湯頭喝起來很鮮甜好喝。,1,['湯頭'],2,"[[6.5, 6.0], [6.5, 6.5]]","['好喝', '很鮮甜']",['FOOD#QUALITY']
zho,restaurant,R0618:S020,推薦必點椪糖拿鐵，好喝的拿鐵上頭會舖上酥脆的椪糖。,1,['椪糖拿鐵'],2,"[[6.67, 6.17], [6.67, 6.33]]","['必點', '推薦']",['DRINKS#QUALITY']
zho,restaurant,R0618:S021,拿鐵喝起來順口好喝。,1,['拿鐵'],2,"[[6.83, 6.67], [7.0, 6.67]]","['好喝', '順口']",['DRINKS#QUALITY']
zho,restaurant,R0620:S008,辣菜脯鹹辣好下飯，甜不辣彈Ｑ。,1,['辣菜脯'],2,"[[6.38, 6.0], [6.62, 6.38]]","['好下飯', '鹹辣']",['FOOD#QUALITY']
zho,restaurant,R0620:S011,瘦肉稍乾但有入味。,1,['瘦肉'],2,"[[4.25, 4.75], [5.75, 5.12]]","['入味', '稍乾']",['FOOD#QUALITY']
zho,restaurant,R0620:S020,雞腿外皮偏軟無酥度。,1,['雞腿外皮'],2,"[[4.25, 4.5], [4.5, 4.75]]","['偏軟', '無酥度']",['FOOD#QUALITY']
zho,restaurant,R0623:S009,咖哩一上桌超級香阿，香料味道很豐富且溫和。,1,['香料味道'],2,"[[6.75, 6.25], [7.75, 7.75]]","['很豐富', '溫和']",['FOOD#QUALITY']
zho,restaurant,R0623:S016,整體來說深夜食攤日間部的咖哩真的推，充滿了驚豔感。,1,['咖哩'],2,"[[6.5, 6.33], [6.83, 6.67]]","['充滿了驚豔感', '真的推']",['FOOD#QUALITY']
zho,restaurant,R0630:S003,大推鮪魚起司口味，讓人吃上一口就愛上的好味道。,1,['鮪魚起司口味'],3,"[[6.67, 6.5], [7.33, 7.33], [7.67, 7.33]]","['吃上一口就愛上', '大推', '好味道']",['FOOD#QUALITY']
zho,restaurant,R0636:S010,多樣且超級美味的蔬食料理。,1,['蔬食料理'],2,"[[6.75, 6.12], [7.62, 7.25]]","['多樣', '超級美味']","['FOOD#QUALITY', 'FOOD#STYLE_OPTIONS']"
zho,restaurant,R0637:S018,牛排漂亮的粉色生熟適中。,1,['牛排'],2,"[[5.75, 5.62], [5.88, 5.38]]","['漂亮的粉色', '生熟適中']","['FOOD#QUALITY', 'FOOD#STYLE_OPTIONS']"
zho,restaurant,R0645:S087,牛肉串燒肉有點薄吃起來不太過癮。,1,['牛肉串燒'],2,"[[4.67, 5.5], [4.67, 5.67]]","['不太過癮', '有點薄']",['FOOD#QUALITY']
zho,restaurant,R0645:S098,炸雞皮炸的非常的酥脆非常的乾。,1,['炸雞皮'],2,"[[5.83, 6.17], [6.5, 6.83]]","['非常的乾', '非常的酥脆']",['FOOD#QUALITY']
zho,restaurant,R0645:S107,雞腿串燒肉夠大而且嫩又有彈性，多吃幾串真的就能吃很飽。,1,['雞腿串燒'],3,"[[6.12, 5.88], [6.25, 5.75], [6.25, 5.88]]","['夠大', '嫩', '有彈性']","['FOOD#QUALITY', 'FOOD#STYLE_OPTIONS']"
zho,restaurant,R0645:S125,這牛排外面裹著一層麵包粉看起來蠻粉嫩的，吃下去外皮酥脆卡滋卡滋真的好吃。,1,['牛排'],2,"[[6.25, 5.75], [6.88, 6.62]]","['真的好吃', '蠻粉嫩的']",['FOOD#QUALITY']
zho,restaurant,R0645:S151,每種甜點看起來都是那麼的精美那麼地讓人垂涎欲滴。,1,['甜點'],2,"[[6.67, 6.33], [7.0, 6.67]]","['垂涎欲滴', '精美']",['FOOD#STYLE_OPTIONS']
zho,restaurant,R0652:S021,豆腐雖然酥脆但不會乾硬。,1,['豆腐'],2,"[[5.75, 5.25], [6.12, 5.5]]","['不會乾硬', '酥脆']",['FOOD#QUALITY']
zho,restaurant,R0652:S027,酸甜爽口的台式泡菜搭配脆皮臭豆腐好吃又大份，60元CP值超高!。,1,['臭豆腐'],2,"[[6.75, 6.25], [7.0, 6.5]]","['大份', '好吃']","['FOOD#QUALITY', 'FOOD#STYLE_OPTIONS']"
zho,restaurant,R0657:S041,干貝一串三顆吃起來還OK不會太乾，也還算鮮甜。,1,['干貝'],3,"[[5.33, 5.0], [5.5, 5.0], [5.5, 5.17]]","['不會太乾', '還OK', '還算鮮甜']",['FOOD#QUALITY']
zho,restaurant,R0657:S058,燒肉還算可以但不會到驚豔，價格適中份量偏少。,1,['燒肉'],2,"[[5.0, 4.75], [5.0, 5.0]]","['不會到驚豔', '還算可以']",['FOOD#QUALITY']
zho,restaurant,R0659:S009,麵線料多大碗，大蒜放好多很過癮。,1,['大蒜'],2,"[[6.5, 6.33], [7.0, 6.83]]","['好多', '很過癮']",['FOOD#STYLE_OPTIONS']
zho,restaurant,R0659:S013,排骨湯也不錯，鮮甜好喝。,1,['排骨湯'],3,"[[6.25, 6.0], [6.5, 6.12], [6.62, 6.38]]","['不錯', '好喝', '鮮甜']",['FOOD#QUALITY']
zho,restaurant,R0660:S026,米粒彈牙且黏Ｑ適中。,1,['米粒'],2,"[[6.5, 5.83], [6.67, 5.83]]","['彈牙', '黏Ｑ適中']",['FOOD#QUALITY']
zho,restaurant,R0393:S086,因為臭豆腐又臭又偏乾。,1,['臭豆腐'],2,"[[3.67, 4.83], [4.0, 4.67]]","['偏乾', '臭']",['FOOD#QUALITY']
zho,restaurant,R0806:S151,肉沒老還蠻鮮的。,1,['肉'],2,"[[6.33, 6.17], [6.5, 6.33]]","['沒老', '蠻鮮的']",['FOOD#QUALITY']
zho,restaurant,R0112:S010,菱角真的很特別又好吃。,1,['菱角'],2,"[[6.33, 5.5], [6.5, 6.0]]","['好吃', '很特別']",['FOOD#QUALITY']
zho,restaurant,R0114:S012,豹豹咖啡的餐點很多選擇，根本應有盡有。,1,['餐點'],2,"[[6.5, 6.17], [6.5, 6.5]]","['很多', '應有盡有']",['FOOD#STYLE_OPTIONS']
zho,restaurant,R0119:S008,又喜又憂的是外面座位，面海很美但真的頗熱。,1,['外面座位'],2,"[[4.33, 4.83], [6.33, 6.17]]","['很美', '頗熱']",['RESTAURANT#MISCELLANEOUS']
zho,restaurant,R0120:S014,冷麵吃幾口就受不了，真的太鹹了。,1,['冷麵'],2,"[[3.67, 5.17], [3.67, 5.33]]","['受不了', '太鹹']",['FOOD#QUALITY']
zho,restaurant,R0121:S025,日本和牛很貴但很好吃。,1,['日本和牛'],2,"[[4.33, 5.33], [6.67, 6.5]]","['很好吃', '很貴']","['FOOD#PRICES', 'FOOD#QUALITY']"
zho,restaurant,R0122:S022,豬腦炒得不錯，又鮮又嫩。,1,['豬腦'],3,"[[6.0, 5.33], [6.17, 5.33]]","['不錯', '嫩', '鮮']",['FOOD#QUALITY']
zho,restaurant,R0127:S007,雞排的口感是外脆內嫩，好吃大推。,1,['雞排的口感'],3,"[[6.67, 6.0], [6.67, 6.17], [7.17, 6.83]]","['外脆內嫩', '大推', '好吃']",['FOOD#QUALITY']
zho,restaurant,R0128:S030,豆乾肉絲真的很家常，很簡單又下飯。,1,['豆乾肉絲'],3,"[[6.0, 5.25], [6.0, 5.75], [6.25, 5.5]]","['下飯', '很簡單', '真的很家常']",['FOOD#QUALITY']
zho,restaurant,R0130:S121,粉色拉麵不僅顏色美也十分Q彈好吃。,1,['粉色拉麵'],2,"[[5.5, 5.5], [6.5, 6.5]]","['十分Q彈好吃', '美']",['FOOD#QUALITY']
zho,restaurant,R0136:S002,純濃抹茶滋味不甜不膩。,1,['純濃抹茶滋味'],2,"[[5.38, 5.0], [5.5, 5.25]]","['不甜', '不膩']",['FOOD#QUALITY']
zho,restaurant,R0136:S026,最棒的是底下的茶凍，軟嫩清涼。,1,['茶凍'],2,"[[5.88, 5.25], [6.0, 5.38]]","['清涼', '軟嫩']",['FOOD#QUALITY']
zho,restaurant,R0141:S021,這道最好吃的大概就是芥末味噌了，很特別。,1,['芥末味噌'],2,"[[6.67, 6.5], [7.17, 7.17]]","['很特別', '最好吃']",['FOOD#QUALITY']
zho,restaurant,R0142:S018,但真的很好吃，皮好脆好愛。,1,['皮'],2,"[[6.5, 5.5], [6.5, 5.75]]","['好愛', '好脆']",['FOOD#QUALITY']
zho,restaurant,R0142:S041,快接近入口即化的鴨皮，很讓人驚豔。,1,['鴨皮'],2,"[[6.38, 5.75], [6.75, 6.62]]","['入口即化', '很讓人驚豔']",['FOOD#QUALITY']
zho,restaurant,R0142:S087,湯真的太順口好喝。,1,['湯'],2,"[[6.5, 5.83], [6.5, 6.67]]","['好喝', '真的太順口']",['FOOD#QUALITY']
zho,restaurant,R0142:S095,不便宜但蠻好吃。,1,[None],2,"[[4.0, 5.67], [6.5, 6.17]]","['不便宜', '蠻好吃']","['FOOD#QUALITY', 'RESTAURANT#PRICES']"
zho,restaurant,R0146:S026,萊特冰茶非常解渴又爽口。,1,['萊特冰茶'],2,"[[6.0, 5.67], [6.83, 6.5]]","['爽口', '非常解渴']",['DRINKS#QUALITY']
zho,restaurant,R0147:S027,豬排太硬了下次不會再點。,1,['豬排'],2,"[[3.17, 7.17], [3.5, 6.0]]","['不會再點', '太硬']",['FOOD#QUALITY']
zho,restaurant,R0148:S028,拉茶蠻好喝的，也不會太甜。,1,['拉茶'],2,"[[6.0, 5.25], [6.25, 5.5]]","['不會太甜', '蠻好喝']",['DRINKS#QUALITY']
zho,restaurant,R0158:S016,餅皮真的很酥裡頭的內餡也綿密不會太甜。,1,['內餡'],2,"[[5.5, 5.0], [6.25, 5.5]]","['不會太甜', '綿密']",['FOOD#QUALITY']
zho,restaurant,R0159:S021,飯糰韭菜盒很一般，不太推薦。,1,['飯糰'],2,"[[3.88, 5.5], [4.62, 5.38]]","['不太推薦', '很一般']",['FOOD#QUALITY']
zho,restaurant,R0159:S021,飯糰韭菜盒很一般，不太推薦。,1,['韭菜盒'],2,"[[3.88, 5.5], [4.62, 5.38]]","['不太推薦', '很一般']",['FOOD#QUALITY']
zho,restaurant,R0167:S014,今晚喝到的湯覺得不夠燙，還有點偏鹹。,1,['湯'],2,"[[4.0, 4.83], [4.17, 5.0]]","['不夠燙', '有點偏鹹']",['FOOD#QUALITY']
zho,restaurant,R0167:S024,肉不會柴蠻不錯的。,1,['肉'],2,"[[6.0, 5.33], [6.0, 5.5]]","['不會柴', '蠻不錯']",['FOOD#QUALITY']
zho,restaurant,R0167:S028,但臭豆腐不夠臭，也沒有很入味耶。,1,['臭豆腐'],2,"[[4.0, 4.5], [4.17, 4.5]]","['不夠臭', '沒有很入味']",['FOOD#QUALITY']
zho,restaurant,R0167:S040,是便宜不錯的臭豆腐。,1,['臭豆腐'],2,"[[5.67, 5.17], [5.83, 5.33]]","['不錯', '便宜']","['FOOD#PRICES', 'FOOD#QUALITY']"
zho,restaurant,R0168:S014,青茶即使點無糖仍然好喝，不會苦澀。,1,['青茶'],2,"[[5.88, 5.25], [5.88, 5.38]]","['不會苦澀', '好喝']",['DRINKS#QUALITY']
zho,restaurant,R0169:S032,餅皮Q彈相當好吃。,1,['餅皮'],2,"[[6.25, 5.38], [6.62, 6.38]]","['Q彈', '相當好吃']",['FOOD#QUALITY']
zho,restaurant,R0174:S011,小雞燉蘑菇很下飯又美味。,1,['小雞燉蘑菇'],2,"[[6.67, 5.5], [6.67, 6.5]]","['很下飯', '美味']",['FOOD#QUALITY']
zho,restaurant,R0174:S055,醬骨頭真的是便宜又好吃。,1,['醬骨頭'],2,"[[5.5, 5.25], [5.75, 5.12]]","['便宜', '好吃']","['FOOD#QUALITY', 'RESTAURANT#PRICES']"
zho,restaurant,R0176:S032,漢堡麵包表層烤得稍微酥脆又不會過硬。,1,['漢堡麵包表層'],2,"[[5.5, 5.12], [5.88, 5.38]]","['不會過硬', '稍微酥脆']",['FOOD#QUALITY']
zho,restaurant,R0176:S033,牛肉漢堡排扎實多汁。,1,['牛肉漢堡排'],2,"[[6.9, 6.1], [7.0, 6.2]]","['多汁', '扎實']",['FOOD#STYLE_OPTIONS']
zho,restaurant,R0178:S007,蛤蜊的肉質新鮮飽滿。,1,['蛤蜊的肉質'],2,"[[6.0, 5.38], [6.25, 5.75]]","['新鮮', '飽滿']",['FOOD#QUALITY']
zho,restaurant,R0179:S012,店內用餐環境很明亮乾淨。,1,['用餐環境'],2,"[[5.88, 5.12], [6.0, 5.25]]","['乾淨', '很明亮']",['AMBIENCE#GENERAL']
zho,restaurant,R0183:S013,花枝丸外酥裡彈，無可挑剃。,1,['花枝丸'],2,"[[6.2, 5.5], [7.3, 6.6]]","['外酥裡彈', '無可挑剃']",['FOOD#QUALITY']
zho,restaurant,R0183:S028,小卷新鮮美味。,1,['小卷'],2,"[[6.12, 5.38], [6.25, 5.38]]","['新鮮', '美味']",['FOOD#QUALITY']
zho,restaurant,R0187:S043,餐點相對來說價高但也比較精緻一點。,1,['餐點'],2,"[[4.75, 5.0], [6.25, 5.0]]","['價高', '比較精緻一點']","['FOOD#PRICES', 'FOOD#QUALITY']"
zho,restaurant,R0188:S009,環境很舒適安靜。,1,['環境'],2,"[[6.5, 6.0], [6.5, 6.5]]","['安靜', '很舒適']",['AMBIENCE#GENERAL']
zho,restaurant,R0188:S024,不過整體仍保持得乾淨舒服。,1,['整體'],2,"[[5.88, 4.88], [5.88, 5.0]]","['乾淨', '舒服']",['AMBIENCE#GENERAL']
zho,restaurant,R0188:S114,鮑魚很好吃，而且也吃出非常新鮮。,1,['鮑魚'],2,"[[6.5, 6.33], [6.83, 6.67]]","['很好吃', '非常新鮮']",['FOOD#QUALITY']
zho,restaurant,R0188:S211,服務生的服務態度也不錯很親切。,1,['服務態度'],2,"[[6.0, 5.17], [6.33, 6.33]]","['不錯', '很親切']",['SERVICE#GENERAL']
zho,restaurant,R0189:S011,重點的豬肉片也很新鮮好吃。,1,['豬肉片'],2,"[[6.0, 5.0], [6.25, 5.25]]","['好吃', '新鮮']",['FOOD#QUALITY']
zho,restaurant,R0189:S016,雞腿肉真的很軟嫩又入味裡頭有滿滿的醃蘿蔔絲。,1,['雞腿肉'],2,"[[6.5, 5.75], [6.5, 6.75]]","['入味', '真的很軟嫩']",['FOOD#QUALITY']
zho,restaurant,R0189:S025,喜歡喝咖啡的朋友真的推薦可以試試非常道地的越南點滴咖啡。,1,['越南點滴咖啡'],2,"[[6.83, 6.67], [7.0, 7.0]]","['真的推薦', '非常道地']",['DRINKS#QUALITY']
zho,restaurant,R0189:S033,越南點滴咖啡味道又香又濃又好喝。,1,['越南點滴咖啡味道'],3,"[[5.75, 5.25], [6.0, 5.62]]","['好喝', '濃', '香']",['DRINKS#QUALITY']
zho,restaurant,R0193:S006,最推薦的是兒童餐，小朋友非常喜歡。,1,['兒童餐'],2,"[[6.83, 7.0], [7.0, 7.33]]","['最推薦', '非常喜歡']",['FOOD#QUALITY']
zho,restaurant,R0195:S013,停車場蠻大的好停車。,1,['停車場'],2,"[[6.0, 5.67], [6.17, 5.67]]","['好停車', '蠻大']",['LOCATION#GENERAL']
zho,restaurant,R0200:S031,這家餐點不貴挺好吃的。,1,['餐點'],2,"[[5.75, 5.25], [6.62, 6.25]]","['不貴', '挺好吃']","['FOOD#PRICES', 'FOOD#QUALITY']"
zho,restaurant,R0200:S032,尤其布丁超愛有夠濃郁。,1,['布丁'],2,"[[6.5, 6.17], [7.17, 7.0]]","['有夠濃郁', '超愛']",['FOOD#QUALITY']
zho,restaurant,R0200:S059,珍珠鮮奶茶雖然不便宜但頗好喝的。,1,['珍珠鮮奶茶'],2,"[[4.0, 5.5], [6.25, 6.0]]","['不便宜', '頗好喝']","['DRINKS#PRICES', 'DRINKS#QUALITY']"
zho,restaurant,R0200:S066,味道我覺得蠻不錯的很香。,1,['味道'],2,"[[6.33, 6.0], [6.5, 6.17]]","['很香', '蠻不錯']",['FOOD#QUALITY']
zho,restaurant,R0200:S082,邊吃邊說好好吃喔，推薦來這邊一定要點布丁。,1,['布丁'],2,"[[6.33, 6.17], [6.33, 6.33]]","['好好吃', '推薦']",['FOOD#QUALITY']
zho,restaurant,R0201:S021,整體滋味偏酸非我所好。,1,['滋味'],2,"[[4.25, 4.5], [4.25, 5.0]]","['偏酸', '非我所好']",['FOOD#QUALITY']
zho,restaurant,R0202:S059,紅茶不苦澀喝起來很順口。,1,['紅茶'],2,"[[5.75, 5.25], [6.25, 6.0]]","['不苦澀', '很順口']",['DRINKS#QUALITY']
zho,restaurant,R0202:S062,乳酪很濃郁好吃。,1,['乳酪'],2,"[[6.17, 6.17], [6.33, 5.5]]","['好吃', '很濃郁']",['FOOD#QUALITY']
zho,restaurant,R0207:S009,裝潢新穎舒適。,1,['裝潢'],2,"[[5.88, 5.25], [6.0, 5.38]]","['新穎', '舒適']",['AMBIENCE#GENERAL']
zho,restaurant,R0660:S068,一來環境乾淨清爽也很有日式品味。,1,['環境'],2,"[[6.12, 5.5], [6.12, 6.12]]","['乾淨清爽', '很有日式品味']",['AMBIENCE#GENERAL']
zho,restaurant,R0664:S047,原味甜甜圈就吃外脆內鬆綿帶Ｑ的口感。,1,['原味甜甜圈'],2,"[[6.5, 6.17], [6.67, 6.17]]","['外脆內鬆綿', '帶Ｑ']",['FOOD#QUALITY']
zho,restaurant,R0668:S061,打拋豬微辣還可以，真是下飯的料理。,1,['打拋豬'],2,"[[5.5, 5.0], [6.33, 6.5]]","['真是下飯', '還可以']",['FOOD#QUALITY']
zho,restaurant,R0671:S001,是一間相當推薦的中壢早午餐，用餐環境相當舒適乾淨。,1,['用餐環境'],2,"[[5.75, 5.25], [6.0, 5.62]]","['乾淨', '相當舒適']",['AMBIENCE#GENERAL']
zho,restaurant,R0671:S010,被香酥的蔥抓餅包起來，大口咬下真是滿足,1,['蔥抓餅'],2,"[[6.5, 5.33], [6.67, 5.83]]","['真是滿足', '香酥的']",['FOOD#QUALITY']
zho,restaurant,R0672:S029,櫻桃鴨腿肥而不膩並且越嚼越香甜，一邊吃一邊慶幸自己第二回合很早就過來。,1,['櫻桃鴨腿'],2,"[[6.17, 6.33], [6.17, 6.5]]","['肥而不膩', '越嚼越香甜']",['FOOD#QUALITY']
zho,restaurant,R0675:S035,抹茶歐蕾很不錯唷，喝起來香濃但沒有負擔感。,1,['抹茶歐蕾'],3,"[[6.0, 5.75], [6.25, 6.25], [6.5, 6.0]]","['很不錯', '沒有負擔感', '香濃']",['DRINKS#QUALITY']
zho,restaurant,R0675:S040,奶油濃湯喝起來香濃但不膩口。,1,['奶油濃湯'],2,"[[5.75, 5.25], [5.88, 5.38]]","['不膩口', '香濃']",['FOOD#QUALITY']
zho,restaurant,R0675:S061,底下熱可可本人有香氣但不會太甜。,1,['熱可可'],2,"[[6.0, 5.33], [6.33, 5.83]]","['不會太甜', '有香氣']",['DRINKS#QUALITY']
zho,restaurant,R0678:S012,培根蛋餅賣50元有點偏貴，但蛋餅皮是酥脆偏韌性，配合內餡培根跟蛋算是不錯。,1,['培根蛋餅'],2,"[[4.0, 5.5], [6.0, 5.5]]","['有點偏貴', '算是不錯']","['FOOD#PRICES', 'FOOD#QUALITY']"
zho,restaurant,R0678:S024,皮蛋瘦肉粥搭配肉鬆油條蔥花攪拌起來真的美味又無負擔。,1,['皮蛋瘦肉粥'],2,"[[5.88, 5.25], [6.0, 5.12]]","['無負擔', '美味']",['FOOD#QUALITY']
zho,restaurant,R0678:S026,皮蛋瘦肉粥果然是我今天吃起來最棒的! 簡單來說我若回訪必點。,1,['皮蛋瘦肉粥'],2,"[[6.62, 6.38], [6.88, 6.75]]","['必點', '最棒的']",['FOOD#QUALITY']
zho,restaurant,R0679:S031,冰釀咖啡帶有酒香味，相當不錯。,1,['冰釀咖啡'],2,"[[6.12, 5.12], [6.12, 5.62]]","['有酒香味', '相當不錯']",['DRINKS#QUALITY']
zho,restaurant,R0680:S011,菲力牛排的肉質比較瘦，但並不會柴。,1,['菲力牛排的肉質'],2,"[[4.83, 4.83], [5.33, 5.17]]","['不會柴', '比較瘦']",['FOOD#QUALITY']
zho,restaurant,R0681:S032,芝麻瑪德蓮滿香的，但對我來說太甜。,1,['芝麻瑪德蓮'],2,"[[4.33, 5.33], [6.5, 6.33]]","['太甜', '滿香的']",['FOOD#QUALITY']
zho,restaurant,R0683:S002,焦糖布丁口感紮實，布丁是很好吃的那種，綿密順口。,1,['布丁'],2,"[[5.88, 5.75], [6.0, 5.88]]","['很好吃', '綿密順口']",['FOOD#QUALITY']
zho,restaurant,R0684:S009,服務也實在不錯，有細心。,1,['服務'],2,"[[6.0, 5.75], [6.25, 6.25]]","['實在不錯', '細心']",['SERVICE#GENERAL']
zho,restaurant,R0685:S010,肉質鮮又Q彈，好美味啊。,1,['肉質'],2,"[[6.12, 5.62], [6.12, 5.88]]","['好美味', '鮮又Q彈']",['FOOD#QUALITY']
zho,restaurant,R0685:S016,雞腿肉多汁配上酸酸甜甜的情人果很解膩。,1,['情人果'],2,"[[6.25, 5.25], [6.25, 5.75]]","['很解膩', '酸酸甜甜的']",['FOOD#QUALITY']
zho,restaurant,R0685:S017,那個麻辣鴨血很普，神級奶茶真的是神級難喝，喝了一口真的不行欸又甜又都奶精味噁到爆。,1,['神級奶茶'],4,"[[2.17, 7.33], [2.5, 7.5], [3.0, 5.67], [3.0, 6.67]]","['又甜又都奶精味', '噁到爆', '真的不行', '真的是神級難喝']",['DRINKS#QUALITY']
zho,restaurant,R0686:S004,不僅調酒好喝又有趣，料理和甜點也認真好吃得讓人想念。,1,['調酒'],2,"[[6.25, 6.0], [6.75, 6.0]]","['好喝', '有趣']",['DRINKS#QUALITY']
zho,restaurant,R0688:S034,無花果味道就比較淡一些，吃起來比較爽口。,1,['無花果味道'],2,"[[4.83, 5.17], [6.5, 5.83]]","['比較淡一些', '比較爽口']",['FOOD#QUALITY']
zho,restaurant,R0689:S029,再來上一口札實有咬勁的客家糍粑，順口又好吃。,1,['客家糍粑'],4,"[[6.0, 5.12], [6.0, 5.25], [6.0, 5.38]]","['好吃', '有咬勁的', '札實', '順口']",['FOOD#QUALITY']
zho,restaurant,R0690:S018,味道還滿不錯，不會太重鹹。,1,['味道'],2,"[[6.25, 5.62], [6.38, 5.88]]","['不會太重鹹', '還滿不錯']",['FOOD#QUALITY']
zho,restaurant,R0690:S021,雞肉吃起來也不會乾柴還很多汁。,1,['雞肉'],2,"[[6.17, 5.17], [6.5, 6.33]]","['不會乾柴', '很多汁']",['FOOD#QUALITY']
zho,restaurant,R0692:S028,厚實的地瓜吃來還蠻鬆軟的。,1,['地瓜'],2,"[[5.88, 5.25], [5.88, 5.38]]","['厚實的', '蠻鬆軟的']",['FOOD#QUALITY']
zho,restaurant,R0692:S041,雞翅更是令我意外，看來沒啥肉但竟比腿排更鮮嫩多汁。,1,['雞翅'],2,"[[6.33, 6.83], [6.5, 6.5]]","['更是令我意外', '更鮮嫩多汁']",['FOOD#QUALITY']
zho,restaurant,R0693:S010,炸虎河豚好Q彈結實。,1,['炸虎河豚'],2,"[[5.75, 5.25], [6.25, 5.62]]","['好Q彈', '結實']",['FOOD#QUALITY']
zho,restaurant,R0693:S011,蔓越莓海膽好鮮好好吃!,1,['蔓越莓海膽'],2,"[[6.88, 6.38], [7.12, 6.62]]","['好好吃', '好鮮']",['FOOD#QUALITY']
zho,restaurant,R0694:S012,細細的麵條輕輕一咬立馬分離且帶有彈性。,1,['麵條'],2,"[[6.12, 5.5], [6.12, 6.12]]","['帶有彈性', '輕輕一咬立馬分離']",['FOOD#QUALITY']
zho,restaurant,R0694:S029,但是不知道是不是炸太過了，裡頭肉質反而不是很嫩，而是比較紮實且有一點柴。,1,['肉質'],3,"[[4.5, 5.0], [6.0, 6.0]]","['不是很嫩', '有一點柴', '比較紮實']",['FOOD#QUALITY']
zho,restaurant,R0694:S048,香菇烤的軟嫩且帶有水份。,1,['香菇'],2,"[[5.75, 5.38], [5.88, 5.25]]","['帶有水份', '軟嫩']",['FOOD#QUALITY']
zho,restaurant,R0698:S018,芋泥千層的千層餅皮有點厚，幸好不至於乾硬。,1,['千層餅皮'],2,"[[4.75, 5.0], [5.0, 5.0]]","['不至於乾硬', '有點厚']",['FOOD#QUALITY']
zho,restaurant,R0698:S020,芋泥表現亮眼，香甜綿密可口。,1,['芋泥'],3,"[[6.5, 5.83], [7.0, 7.0]]","['綿密可口', '表現亮眼', '香甜']",['FOOD#QUALITY']
zho,restaurant,R0699:S017,牛肉湯相當清甜，非常的喜歡。,1,['牛肉湯'],2,"[[6.5, 6.0], [7.0, 7.17]]","['相當清甜', '非常的喜歡']",['FOOD#QUALITY']
zho,restaurant,R0699:S021,牛肉還帶有些許的油化，軟嫩又帶有嚼勁。,1,['牛肉'],2,"[[6.12, 5.12], [6.12, 5.25]]","['帶有嚼勁', '軟嫩']",['FOOD#QUALITY']
zho,restaurant,R0699:S024,牛腩湯軟Q好入口。,1,['牛腩湯'],2,"[[6.0, 5.33], [6.17, 5.33]]","['好入口', '軟Q']",['FOOD#QUALITY']
zho,restaurant,R0707:S033,干貝大顆又這麼多汁鮮美，大開眼界。,1,['干貝'],3,"[[6.12, 5.5], [6.38, 5.75], [6.5, 6.25]]","['多汁鮮美', '大開眼界', '大顆']","['FOOD#QUALITY', 'FOOD#STYLE_OPTIONS']"
zho,restaurant,R0707:S035,章魚煮的超級軟，入味很濃。,1,['章魚'],3,"[[6.5, 6.0], [7.0, 6.5]]","['入味', '很濃', '超級軟']",['FOOD#QUALITY']
zho,restaurant,R0707:S091,水針爆鮮，很喜歡。,1,['水針'],2,"[[7.25, 7.12], [7.38, 7.12]]","['很喜歡', '爆鮮']",['FOOD#QUALITY']
zho,restaurant,R0707:S111,橋本的光物超級厲害，比起他的鮪魚更讓人印象深刻。,1,['光物'],2,"[[7.25, 6.75], [7.25, 7.25]]","['更讓人印象深刻', '超級厲害']",['FOOD#QUALITY']
zho,restaurant,R0712:S027,烤肥腸會先滷過再烤油滋滋的非常美味。,1,['烤肥腸'],2,"[[6.33, 5.5], [6.5, 6.83]]","['油滋滋的', '非常美味']",['FOOD#QUALITY']
zho,restaurant,R0712:S029,甜不辣烤得砰砰的超級美味。,1,['甜不辣'],2,"[[5.17, 5.33], [7.33, 6.83]]","['砰砰的', '超級美味']",['FOOD#QUALITY']
zho,restaurant,R0713:S028,香菇也不小朵又水嫩!,1,['香菇'],2,"[[6.17, 5.33], [6.17, 5.5]]","['不小朵', '水嫩']","['FOOD#QUALITY', 'FOOD#STYLE_OPTIONS']"
zho,restaurant,R0714:S053,煎到酥脆有層次的蔥抓餅，真的不錯吃。,1,['蔥抓餅'],3,"[[6.0, 5.5], [6.17, 5.67], [6.67, 6.33]]","['有層次', '真的不錯吃', '酥脆']",['FOOD#QUALITY']
zho,restaurant,R0717:S007,香腸肥瘦適中，咬一口超多汁。,1,['香腸'],2,"[[6.25, 5.75], [6.5, 6.5]]","['肥瘦適中', '超多汁']",['FOOD#QUALITY']
zho,restaurant,R0721:S056,上下層的拿破崙酥皮非常的脆，脆度很夠又不會太硬。,1,['拿破崙酥皮'],2,"[[5.5, 5.0], [7.0, 6.5]]","['不會太硬', '非常的脆']",['FOOD#QUALITY']
zho,restaurant,R0722:S014,紅豆可以吃到真材實料的紅豆粒，只是略乾。,1,['紅豆'],2,"[[4.5, 5.0], [6.0, 6.0]]","['略乾', '真材實料']",['FOOD#QUALITY']
zho,restaurant,R0722:S017,然而花生醬濃郁鹹甜，個人挺喜歡。,1,['花生醬'],3,"[[6.33, 5.5], [6.5, 6.5]]","['挺喜歡', '濃郁', '鹹甜']",['FOOD#QUALITY']
zho,restaurant,R0729:S026,鬆餅很香，會讓人一口接一口,1,['鬆餅'],2,"[[7.17, 6.83], [7.17, 7.0]]","['很香', '會讓人一口接一口']",['FOOD#QUALITY']
zho,restaurant,R0731:S003,粉漿蛋餅非常的厚，吃起來外酥內軟。,1,['粉漿蛋餅'],2,"[[6.17, 5.67], [6.5, 6.67]]","['外酥內軟', '非常的厚']",['FOOD#QUALITY']
zho,restaurant,R0731:S015,外層會煎到酥脆看起來超可口，而且這裡的蛋餅真的超厚。,1,['外層'],2,"[[5.88, 5.0], [6.38, 6.12]]","['看起來超可口', '酥脆']","['FOOD#QUALITY', 'FOOD#STYLE_OPTIONS']"
zho,restaurant,R0736:S012,小菜都沒有雷，但也沒有太印象深刻。,1,['小菜'],2,"[[5.0, 4.67], [5.5, 5.0]]","['沒有太印象深刻', '沒有雷']",['FOOD#QUALITY']
zho,restaurant,R0749:S001,我認為最好吃和最有記憶點的是野生的午仔魚。,1,['午仔魚'],2,"[[6.67, 6.83], [6.83, 6.67]]","['最好吃', '最有記憶點']",['FOOD#QUALITY']
zho,restaurant,R0751:S024,Kite Coffee 的氛圍也是非常迷人的，它是一個充滿個性的咖啡館。,1,['氛圍'],2,"[[6.5, 5.83], [6.5, 6.33]]","['充滿個性', '非常迷人']",['AMBIENCE#GENERAL']
zho,restaurant,R0752:S019,整體調味可以吃到食物原味，不過度調味然後又美味。,1,['調味'],2,"[[5.67, 5.0], [6.0, 5.0]]","['不過度', '美味']",['FOOD#QUALITY']
zho,restaurant,R0752:S023,這個魚皮烤得真是完美，非常脆口。,1,['魚皮'],2,"[[6.62, 6.38], [6.75, 6.62]]","['真是完美', '非常脆口']",['FOOD#QUALITY']
zho,restaurant,R0753:S015,綿密的芋頭不會太甜，增添豆花的層次感。,1,['芋頭'],2,"[[5.5, 5.12], [5.88, 5.12]]","['不會太甜', '綿密的']",['FOOD#QUALITY']
zho,restaurant,R0755:S009,星乃冰咖啡真的很日本原汁原味欸，和在日本喝到的差不多。,1,['星乃冰咖啡'],2,"[[6.33, 5.83], [6.67, 6.17]]","['原汁原味', '真的很日本']",['DRINKS#QUALITY']
zho,restaurant,R0758:S018,雞皮烤的微焦的，聞起來會有一股焦香味,1,['雞皮'],2,"[[5.25, 5.5], [6.25, 6.0]]","['微焦的', '焦香味']",['FOOD#QUALITY']
zho,restaurant,R0760:S102,槍烏賊握壽司這道超級神奇，不只超脆彈而且腥味完全沒有。,1,['槍烏賊握壽司'],2,"[[7.5, 7.75], [7.5, 8.0]]","['超級神奇', '超脆彈']",['FOOD#QUALITY']
zho,restaurant,R0764:S004,有著一點點辣的咖哩吃完也不會很膩。,1,['咖哩'],2,"[[5.25, 5.75], [5.75, 5.25]]","['一點點辣', '不會很膩']",['FOOD#QUALITY']
zho,restaurant,R0765:S042,中卷味道偏重，單吃有點太鹹。,1,['中卷味道'],2,"[[4.0, 4.83], [4.17, 4.83]]","['偏重', '有點太鹹']",['FOOD#QUALITY']
zho,restaurant,R0765:S055,花枝丸很出色，炸得通體酥脆。,1,['花枝丸'],2,"[[6.5, 6.0], [6.75, 6.0]]","['很出色', '通體酥脆']",['FOOD#QUALITY']
zho,restaurant,R0765:S057,花枝丸本身就很優秀帶有鮮味，旁邊的蝦片也好吃。,1,['花枝丸'],2,"[[6.5, 6.0], [6.67, 6.83]]","['帶有鮮味', '很優秀']",['FOOD#QUALITY']
zho,restaurant,R0766:S012,鴨皮帶著一點肥油但不會過度油膩，入口即化的口感真的會讓人很想念呀!,1,['鴨皮'],2,"[[6.0, 5.5], [7.33, 6.83]]","['不會過度油膩', '真的會讓人很想念']",['FOOD#QUALITY']
zho,restaurant,R0766:S026,湯是以胡椒為基底的濃郁湯頭，喝起來不會太辛辣~反而是有點回甘的湯頭!。,1,['湯頭'],3,"[[5.62, 5.25], [5.88, 5.5], [6.12, 5.38]]","['不會太辛辣', '有點回甘', '濃郁']",['FOOD#QUALITY']
zho,restaurant,R0769:S008,不過鱔魚很脆處理得很好，份量不小。,1,['鱔魚'],2,"[[6.17, 6.17], [6.67, 6.17]]","['很脆', '處理得很好']",['FOOD#QUALITY']
zho,restaurant,R0771:S036,香甜的卡士達醬也太迷人了吧。,1,['卡士達醬'],2,"[[6.25, 5.75], [7.0, 6.5]]","['太迷人', '香甜的']",['FOOD#QUALITY']
zho,restaurant,R0772:S019,教父牛排的餐前麵包實在非常優秀，是我目前吃過最好吃的餐前麵包了。,1,['餐前麵包'],2,"[[7.17, 7.0], [8.0, 7.5]]","['實在非常優秀', '目前吃過最好吃']",['FOOD#QUALITY']
zho,restaurant,R0781:S033,骨頭肉很新鮮好吃。,1,['骨頭肉'],2,"[[6.25, 5.25], [6.25, 5.5]]","['好吃', '很新鮮']",['FOOD#QUALITY']
zho,restaurant,R0783:S011,鴨血軟嫩好吃，肉片也還行。,1,['鴨血'],2,"[[5.83, 5.33], [6.0, 5.17]]","['好吃', '軟嫩']",['FOOD#QUALITY']
zho,restaurant,R0787:S066,餅皮吃起來頗有脆度，雖然有點油，但吃了幾片後都沒有膩口的感覺。,1,['餅皮'],3,"[[4.5, 5.5], [5.67, 5.17], [6.17, 6.0]]","['有點油', '沒有膩口', '頗有脆度']",['FOOD#QUALITY']
zho,restaurant,R0795:S009,豬腳飯100元，米飯口感因配菜湯汁而顯得溼軟，有點可惜。,1,['米飯口感'],2,"[[4.0, 4.67], [4.17, 4.67]]","['有點可惜', '溼軟']",['FOOD#QUALITY']
zho,restaurant,R0795:S017,滷汁偏甜卻無膩感。,1,['滷汁'],2,"[[5.17, 5.33], [5.67, 5.83]]","['偏甜', '無膩感']",['FOOD#QUALITY']
zho,restaurant,R0795:S027,腿庫瘦肉比例高，瘦肉紮實帶點乾硬未入味。,1,['瘦肉'],3,"[[4.0, 5.0], [5.5, 5.0]]","['帶點乾硬', '未入味', '紮實']",['FOOD#QUALITY']
zho,restaurant,R0797:S046,炸雞外皮薄脆不會過於負擔。,1,['炸雞外皮'],2,"[[5.83, 6.0], [6.0, 5.67]]","['不會過於負擔', '薄脆']",['FOOD#QUALITY']
zho,restaurant,R0799:S010,黑糖拿鐵算是中規中矩，沒有太驚喜。,1,['黑糖拿鐵'],2,"[[4.8, 4.8], [5.0, 4.8]]","['中規中矩', '沒有太驚喜']",['DRINKS#QUALITY']
zho,restaurant,R0800:S001,濕潤的雙乳酪蛋糕入口即化。,1,['雙乳酪蛋糕'],2,"[[6.17, 5.17], [6.5, 5.67]]","['入口即化', '濕潤的']",['FOOD#QUALITY']
zho,restaurant,R0805:S031,乾式熟成帶骨肋眼牛排帶點嚼勁且沒有過多血水。,1,['乾式熟成帶骨肋眼牛排'],2,"[[5.75, 5.5], [6.25, 6.0]]","['帶點嚼勁', '沒有過多血水']",['FOOD#QUALITY']
zho,restaurant,R0805:S039,戰斧豬排本身肉質吃得出來鮮嫩，每一口都很滑嫩彈牙。,1,['肉質'],2,"[[6.33, 5.33], [6.5, 6.33]]","['很滑嫩彈牙', '鮮嫩']",['FOOD#QUALITY']
zho,restaurant,R0805:S041,豬排的口感真的相當厲害不會過於油膩但又能吃出肉質的鮮甜。,1,['豬排的口感'],2,"[[6.0, 5.0], [6.75, 6.75]]","['不會過於油膩', '真的相當厲害']",['FOOD#QUALITY']
zho,restaurant,R0828:S014,內用環境相當舒適乾淨。,1,['環境'],2,"[[6.33, 5.67], [6.5, 5.83]]","['乾淨', '相當舒適']",['AMBIENCE#GENERAL']
zho,restaurant,R0829:S034,那清甜濃郁的湯頭的確有嚇到我。,1,['湯頭'],3,"[[5.67, 5.17], [6.33, 6.33]]","['清甜', '濃郁', '的確有嚇到']",['FOOD#QUALITY']
zho,restaurant,R0829:S043,六千牛肉湯的牛肉也相當新鮮軟嫩。,1,['牛肉'],2,"[[6.0, 5.38], [6.25, 5.75]]","['相當新鮮', '軟嫩']",['FOOD#QUALITY']
zho,restaurant,R0829:S045,粉嫩的牛肉超級美味，不愧是現宰溫體牛。,1,['牛肉'],2,"[[6.75, 6.25], [7.0, 6.5]]","['粉嫩的', '超級美味']",['FOOD#QUALITY']
zho,restaurant,R0832:S008,牛肉帶嚼感非軟嫩路線。,1,['牛肉'],2,"[[5.33, 5.17], [5.67, 5.33]]","['帶嚼感', '非軟嫩']",['FOOD#QUALITY']
zho,restaurant,R0832:S023,米飯保留點水分，但醬色不均且部份米飯有結塊情形。,1,['米飯'],2,"[[3.5, 5.0], [5.5, 5.0]]","['保留點水分', '有結塊情形']",['FOOD#QUALITY']
zho,restaurant,R0832:S033,牛肚略韌難嚼，沒有特別驚豔處。,1,['牛肚'],3,"[[3.75, 5.5], [4.25, 5.25], [4.25, 5.75]]","['沒有特別驚豔處', '略韌', '難嚼']",['FOOD#QUALITY']
zho,restaurant,R0833:S057,油雞鹹香軟嫩好吃。,1,['油雞'],3,"[[6.33, 5.33], [6.67, 5.67]]","['好吃', '軟嫩', '鹹香']",['FOOD#QUALITY']
zho,restaurant,R0839:S013,現炸薯條就是美味好吃，外酥內鬆軟呀。,1,['薯條'],2,"[[6.5, 6.0], [6.75, 6.25]]","['外酥內鬆軟', '美味好吃']",['FOOD#QUALITY']
zho,restaurant,R0839:S024,而這裡的醬燒蘿蔔糕吃起來真的好好吃，每一口都鹹香夠味。,1,['醬燒蘿蔔糕'],2,"[[6.38, 5.62], [6.62, 6.38]]","['真的好好吃', '鹹香夠味']",['FOOD#QUALITY']
zho,restaurant,R0840:S037,但雞皮意外地完全不油，Q滑油脆。,1,['雞皮'],2,"[[6.0, 5.5], [6.67, 6.5]]","['Q滑油脆', '意外地完全不油']",['FOOD#QUALITY']
zho,restaurant,R0840:S050,再說豆皮份量不少，重點是超好吃軟Q滑嫩豆味香濃。,1,['豆皮'],2,"[[6.5, 5.0], [6.5, 7.0]]","['超好吃', '軟Q滑嫩']",['FOOD#QUALITY']
zho,restaurant,R0840:S072,雞皮一樣是滑脆不油膩。,1,['雞皮'],2,"[[5.88, 5.12], [6.0, 5.0]]","['不油膩', '滑脆']",['FOOD#QUALITY']
zho,restaurant,R0840:S088,小黃瓜很大根，又脆又甜。,1,['小黃瓜'],3,"[[5.75, 5.0], [5.75, 5.12]]","['大根', '甜', '脆']","['FOOD#QUALITY', 'FOOD#STYLE_OPTIONS']"
zho,restaurant,R0840:S089,白蘿蔔燉得軟脆又不爛。,1,['白蘿蔔'],2,"[[5.62, 5.0], [6.12, 5.25]]","['不爛', '軟脆']",['FOOD#QUALITY']
zho,restaurant,R0840:S090,滷汁有入味又不會太鹹。,1,['滷汁'],2,"[[5.88, 5.25], [6.25, 5.38]]","['不會太鹹', '入味']",['FOOD#QUALITY']
zho,restaurant,R0840:S096,今天的蔬菜都蠻好吃的，但不會讓人特別印象深刻。,1,['蔬菜'],2,"[[4.17, 5.5], [5.83, 5.83]]","['不會讓人特別印象深刻', '蠻好吃的']",['FOOD#QUALITY']
zho,restaurant,R0840:S104,相較之下我比較喜歡雞胸，可以咬到雞肉的豐厚軟嫩。,1,['雞胸'],2,"[[5.88, 5.12], [6.38, 5.5]]","['比較喜歡', '豐厚軟嫩']",['FOOD#QUALITY']
zho,restaurant,R0840:S113,龍鬚菜保有蔬菜鮮甜~切得有點太大塊，菜梗的存在感明顯。,1,['龍鬚菜'],2,"[[4.5, 4.83], [6.17, 6.0]]","['保有蔬菜鮮甜', '有點太大塊']","['FOOD#QUALITY', 'FOOD#STYLE_OPTIONS']"
zho,restaurant,R0840:S115,蒟蒻絲很入味軟Q好吃~散掉的部分有在吃冬粉的錯覺XD,1,['蒟蒻絲'],3,"[[5.75, 5.0], [5.88, 5.25], [6.0, 5.88]]","['好吃', '很入味', '軟Q']",['FOOD#QUALITY']
zho,restaurant,R0840:S117,香菇飽口多汁又嫩。,1,['香菇'],2,"[[6.67, 5.33], [6.67, 5.67]]","['嫩', '飽口多汁']",['FOOD#QUALITY']
zho,restaurant,R0841:S038,炒飯還算乾爽不會過於油膩。,1,['炒飯'],2,"[[5.75, 5.0], [5.75, 5.25]]","['不會過於油膩', '還算乾爽']",['FOOD#QUALITY']
zho,restaurant,R0842:S027,烏龍麵Q彈美味，加的料也很多。,1,['烏龍麵'],2,"[[6.0, 5.25], [6.25, 5.5]]","['Q彈', '美味']",['FOOD#QUALITY']
zho,restaurant,R0842:S032,玉子燒口味偏甜，個人蠻喜歡的但吃多比較膩口一點。,1,['玉子燒'],2,"[[4.33, 4.33], [6.0, 5.67]]","['比較膩口一點', '蠻喜歡的']",['FOOD#QUALITY']
zho,restaurant,R0843:S015,餃子皮帶點厚度勁道十足，內餡會爆汁。,1,['餃子皮'],2,"[[5.88, 5.25], [6.25, 5.62]]","['勁道十足', '帶點厚度']",['FOOD#QUALITY']
zho,restaurant,R0843:S039,一路吃來對爆汁水餃印象較深。,1,['水餃'],2,"[[6.33, 5.83], [6.33, 6.17]]","['印象較深', '爆汁']",['FOOD#QUALITY']
zho,restaurant,R0845:S027,豬排好咬沒筋。,1,['豬排'],2,"[[6.0, 5.5], [6.12, 5.75]]","['好咬', '沒筋']",['FOOD#QUALITY']
zho,restaurant,R0849:S069,特別是生蠔超飽滿，一口吃爽度爆表。,1,['生蠔'],2,"[[6.75, 6.75], [7.0, 6.88]]","['爽度爆表', '超飽滿']",['FOOD#QUALITY']
zho,restaurant,R0849:S087,讓我眼睛一亮的是洋蔥，吃起來很甜完全都不嗆。,1,['洋蔥'],3,"[[6.0, 5.67], [6.17, 6.33], [6.67, 6.67]]","['完全都不嗆', '很甜', '眼睛一亮']",['FOOD#QUALITY']
zho,restaurant,R0849:S097,肉質紮實不鬆散很新鮮。,1,['肉質'],3,"[[6.0, 5.0], [6.25, 5.0], [6.25, 6.0]]","['不鬆散', '很新鮮', '紮實']",['FOOD#QUALITY']
zho,restaurant,R0210:S048,雞肉很嫩沒有毛病，榮登會為了他再訪的菜式。,1,['雞肉'],3,"[[5.33, 5.0], [6.0, 5.83], [6.17, 6.33]]","['很嫩', '沒有毛病', '為了他再訪']",['FOOD#QUALITY']
zho,restaurant,R0241:S090,雖然點錯點到口感偏酸的咖啡，但喝起來好順口。,1,['咖啡'],2,"[[5.33, 5.33], [6.33, 5.5]]","['偏酸', '好順口']",['DRINKS#QUALITY']
zho,restaurant,R0241:S095,口味稍苦的布朗尼，吃起來很是紮實。,1,['布朗尼'],2,"[[4.83, 4.83], [5.67, 5.83]]","['很是紮實', '稍苦']",['FOOD#QUALITY']
zho,restaurant,R0243:S019,個人覺得他們家的料都煮得很好，吃起來很新鮮。,1,['料'],2,"[[6.25, 5.62], [6.25, 6.12]]","['很好', '很新鮮']",['FOOD#QUALITY']
zho,restaurant,R0261:S042,烤過後上面的菠蘿很脆很美味。,1,['菠蘿'],2,"[[6.17, 5.5], [6.33, 5.5]]","['很美味', '很脆']",['FOOD#QUALITY']
zho,restaurant,R0261:S043,麵包體偏普通，略乾了些。,1,['麵包'],2,"[[4.12, 4.5], [4.75, 4.75]]","['偏普通', '略乾了些']",['FOOD#QUALITY']
zho,restaurant,R0270:S019,而且醬料不是我們愛的，覺得不夠甜。,1,['醬料'],2,"[[3.25, 5.25], [4.0, 5.0]]","['不夠甜', '不是我們愛']",['FOOD#QUALITY']
zho,restaurant,R0272:S067,然後整塊豆腐咬下去就滿滿水份，真的超入味啊啊啊。,1,['豆腐'],2,"[[6.0, 5.88], [6.75, 6.75]]","['滿滿水份', '真的超入味']",['FOOD#QUALITY']
zho,restaurant,R0272:S102,整體就是豆腐酥脆香氣四溢醬汁入味泡菜好吃。,1,['豆腐'],2,"[[5.83, 5.0], [6.17, 5.5]]","['酥脆', '香氣四溢']",['FOOD#QUALITY']
zho,restaurant,R0274:S033,整個牛肉外面吃起來有點微焦，但是裡面卻非常軟Q。,1,['牛肉'],2,"[[4.75, 5.0], [6.75, 6.0]]","['有點微焦', '非常軟Q']",['FOOD#QUALITY']
zho,restaurant,R1360:S022,排骨帶點醋香非常下飯。,1,['排骨'],2,"[[5.83, 5.33], [7.0, 6.83]]","['帶點醋香', '非常下飯']",['FOOD#QUALITY']
zho,restaurant,R1360:S033,炒米粉有點普，太乾且口味太淡了。,1,['炒米粉'],2,"[[3.88, 5.5], [4.62, 5.0]]","['太乾', '有點普']",['FOOD#QUALITY']
zho,restaurant,R1360:S039,這一道的腰果非常美味，吃起來新鮮而有點淡淡的甜味。,1,['腰果'],3,"[[6.33, 5.83], [6.5, 5.67], [6.67, 6.67]]","['新鮮', '有點淡淡的甜味', '非常美味']",['FOOD#QUALITY']
zho,restaurant,R1371:S044,亮晶晶肉燥飯超肥也很鹹香，不甜膩整個煮得很軟爛，真的超愛。,1,['亮晶晶肉燥飯'],5,"[[6.0, 5.0], [7.5, 7.5]]","['不甜膩', '很軟爛', '很鹹香', '真的超愛', '超肥']",['FOOD#QUALITY']
zho,restaurant,R1384:S076,蟹真丈很甘甜而且乾淨，這點非常驚人。,1,['蟹真丈'],3,"[[5.83, 5.33], [6.17, 5.67], [6.67, 6.33]]","['乾淨', '很甘甜', '非常驚人']",['FOOD#QUALITY']
zho,restaurant,R1384:S107,河豚皮和胡麻水芹好吃是好吃，但就有點普通。,1,['河豚皮'],2,"[[5.0, 5.0], [5.5, 5.25]]","['好吃', '有點普通']",['FOOD#QUALITY']
zho,restaurant,R1384:S107,河豚皮和胡麻水芹好吃是好吃，但就有點普通。,1,['胡麻水芹'],2,"[[5.0, 5.0], [5.5, 5.25]]","['好吃', '有點普通']",['FOOD#QUALITY']
zho,restaurant,R1385:S004,排餐價格220元還算是平價實惠。,1,['排餐價格'],2,"[[5.83, 5.17], [6.0, 5.17]]","['實惠', '算是平價']",['FOOD#PRICES']
zho,restaurant,R1385:S012,開胃冷盤有醃菜火腿片以及蟹肉棒看起來雖然有點空虛，但還蠻好吃的。,1,['開胃冷盤'],2,"[[4.5, 4.83], [5.83, 5.5]]","['有點空虛', '蠻好吃']","['FOOD#QUALITY', 'FOOD#STYLE_OPTIONS']"
zho,restaurant,R1385:S016,沙朗牛排還蠻大塊而且厚。,1,['沙朗牛排'],2,"[[6.0, 5.0], [6.12, 5.62]]","['厚', '蠻大塊']",['FOOD#STYLE_OPTIONS']
zho,restaurant,R1385:S024,有小蛋糕和水果吃起來好甜，吃完真的是太滿足了。,1,['小蛋糕'],2,"[[6.38, 5.75], [7.5, 7.25]]","['好甜', '真的是太滿足']",['FOOD#QUALITY']
zho,restaurant,R1385:S024,有小蛋糕和水果吃起來好甜，吃完真的是太滿足了。,1,['水果'],2,"[[6.38, 5.75], [7.5, 7.25]]","['好甜', '真的是太滿足']",['FOOD#QUALITY']
zho,restaurant,R1399:S028,這間餐廳的價格其實不能說便宜但也不貴。,1,['價格'],2,"[[4.5, 4.0], [5.5, 5.0]]","['不能說便宜', '不貴']",['RESTAURANT#PRICES']
zho,restaurant,R1402:S013,檸檬塔對我們來說酸味不夠，有點可惜。,1,['檸檬塔'],2,"[[4.5, 4.67], [4.5, 5.17]]","['有點可惜', '酸味不夠']",['FOOD#QUALITY']
zho,restaurant,R1406:S038,贈送的半塊可樂餅外酥內綿也挺不錯的。,1,['可樂餅'],2,"[[6.17, 5.67], [6.33, 5.67]]","['外酥內綿', '挺不錯']",['FOOD#QUALITY']
zho,restaurant,R1408:S025,這裡的青醬真的是色澤飽滿，味道鮮美，讓人回味無窮。,1,['青醬'],2,"[[6.33, 6.17], [7.0, 7.0]]","['回味無窮', '真的是色澤飽滿']",['FOOD#QUALITY']
zho,restaurant,R1409:S057,雞肉嫩口不乾柴，令人意猶未盡。,1,['雞肉'],3,"[[5.75, 5.0], [6.25, 5.0], [6.5, 5.5]]","['不乾柴', '嫩口', '意猶未盡']",['FOOD#QUALITY']
zho,restaurant,R1411:S023,配菜都蠻普通的，而且是涼的，那天吃完著實失望。,1,['配菜'],2,"[[3.75, 5.5], [5.0, 5.0]]","['失望', '蠻普通']",['FOOD#QUALITY']
zho,restaurant,R1415:S006,牛舌的熟度剛剛好，口感超級軟嫩而且很香，不沾醬就超級好吃。,1,['牛舌'],2,"[[6.0, 6.25], [7.0, 7.0]]","['很香', '超級好吃']",['FOOD#QUALITY']
zho,restaurant,R1415:S015,香菇非常軟嫩且超級入味。,1,['香菇'],2,"[[6.75, 6.62], [7.12, 7.0]]","['超級入味', '非常軟嫩']",['FOOD#QUALITY']
zho,restaurant,R1233:S050,細麵吃起來沒有麵粉味，精緻感很夠，只有好吃可以形容。,1,['細麵'],2,"[[6.25, 5.5], [6.5, 6.0]]","['好吃', '沒有麵粉味']",['FOOD#QUALITY']
zho,restaurant,R1236:S018,這裡的肉片給的一點都不小氣，切得超大片。,1,['肉片'],2,"[[6.5, 6.25], [6.5, 6.5]]","['一點都不小氣', '超大片']",['FOOD#STYLE_OPTIONS']
zho,restaurant,R1239:S029,鬆餅非常的軟，綿綿的又很香。,1,['鬆餅'],3,"[[5.75, 5.25], [6.25, 6.25], [7.0, 6.75]]","['很香', '綿綿', '非常的軟']",['FOOD#QUALITY']
zho,restaurant,R1255:S002,而且價格不是只有合理，是誇張便宜。,1,['價格'],2,"[[5.5, 5.25], [6.75, 7.0]]","['合理', '誇張便宜']",['RESTAURANT#PRICES']
zho,restaurant,R0861:S043,巧克力是帶著點苦味的濃郁口味，甜度很低，吃起來不容易膩。,1,['巧克力'],2,"[[5.5, 5.5], [6.0, 5.5]]","['不容易膩', '濃郁口味']",['FOOD#QUALITY']
zho,restaurant,R0878:S018,焦糖榛果生巧克力塔180元，這款滋味主體在生巧克力的微苦和濃郁。,1,['生巧克力'],2,"[[5.0, 5.17], [5.67, 5.33]]","['微苦', '濃郁']",['FOOD#QUALITY']
zho,restaurant,R0879:S045,現做甜筒，不算特別的普通好吃這樣。,1,['甜筒'],2,"[[4.75, 5.0], [5.5, 5.0]]","['不算特別', '普通好吃']",['FOOD#QUALITY']
zho,restaurant,R0880:S091,九孔鮑，沒沾醬吃起來有股大海的鮮甜且很有彈性。,1,['九孔鮑'],2,"[[6.17, 5.83], [6.5, 6.17]]","['大海的鮮甜', '很有彈性']",['FOOD#QUALITY']
zho,restaurant,R0880:S115,煎到金黃油亮的豆腐，超軟嫩又很入味。,1,['豆腐'],3,"[[6.33, 5.5], [6.5, 5.67], [6.5, 6.17]]","['很入味', '超軟嫩', '金黃油亮']",['FOOD#QUALITY']
zho,restaurant,R0880:S122,鮭魚卵手捲有滿滿的鮭魚卵，一口下去口中咇咇啵啵很有趣。,1,['鮭魚卵'],2,"[[6.25, 5.5], [6.5, 6.5]]","['咇咇啵啵很有趣', '滿滿的']","['FOOD#QUALITY', 'FOOD#STYLE_OPTIONS']"
zho,restaurant,R0880:S126,這生魚片蠻小一塊的，口感軟又有油香。,1,['生魚片'],2,"[[4.83, 5.17], [5.67, 5.17]]","['油香', '蠻小一塊']","['FOOD#QUALITY', 'FOOD#STYLE_OPTIONS']"
zho,restaurant,R0880:S134,弱爆的月見牛壽喜燒，牛肉只有一片蛋是散的而且還只有一絲絲，真是太令我失望了。,1,['蛋'],2,"[[4.25, 5.5], [4.25, 6.0]]","['只有一絲絲', '散的']","['FOOD#QUALITY', 'FOOD#STYLE_OPTIONS']"
zho,restaurant,R0880:S156,炙燒牛肉壽司牛肉上刷了一層油亮的醬，不過吃起來是涼的肉也很韌，完全不行。,1,['炙燒牛肉壽司'],2,"[[3.5, 6.75], [4.0, 5.0]]","['完全不行', '涼的']",['FOOD#QUALITY']
zho,restaurant,R0880:S169,牛肚是辣味的也滷的很軟，蠻好吃的。,1,['牛肚'],2,"[[6.0, 5.5], [6.0, 6.5]]","['很軟', '蠻好吃的']",['FOOD#QUALITY']
zho,restaurant,R0880:S184,而且鳳爪肉也很厚吃起來很爽。,1,['鳳爪肉'],2,"[[5.88, 5.62], [5.88, 5.75]]","['很厚', '很爽']",['FOOD#QUALITY']
zho,restaurant,R0895:S055,伯爵酒香布丁帶有淡淡的酒香，布丁是比較鬆軟的，還行。,1,['布丁'],2,"[[5.17, 4.83], [5.83, 5.5]]","['比較鬆軟', '還行']",['FOOD#QUALITY']
zho,restaurant,R0898:S005,我拿最多的當然就是入口即化的肥美鮭魚~~~,1,['鮭魚'],2,"[[6.0, 5.25], [6.5, 6.0]]","['入口即化', '肥美']",['FOOD#QUALITY']
zho,restaurant,R0901:S023,魚的肉質嫩且味美，沒甚麼魚刺。,1,['魚的肉質'],2,"[[5.67, 5.0], [5.83, 5.0]]","['味美', '嫩']",['FOOD#QUALITY']
zho,restaurant,R0901:S030,不用沾粉就很好吃的透抽，透抽Q彈新鮮有咬勁。,1,['透抽'],4,"[[6.17, 5.5], [6.5, 6.33]]","['Q彈', '很好吃', '新鮮', '有咬勁']",['FOOD#QUALITY']
zho,restaurant,R0902:S023,金蓬萊的招牌就是排骨酥吃起來非常香，但有點油滋滋的。,1,['排骨酥'],2,"[[4.17, 5.17], [6.83, 6.67]]","['有點油滋滋的', '非常香']",['FOOD#QUALITY']
zho,restaurant,R0913:S041,豆腐口感外酥內嫩，散發著陣陣香氣，絲毫不膩口。,1,['豆腐口感'],2,"[[5.75, 5.0], [6.5, 6.25]]","['外酥內嫩', '絲毫不膩口']",['FOOD#QUALITY']
zho,restaurant,R0920:S022,辣炒魷魚甜甜辣辣非常夠味，魷魚多且新鮮超級下飯。,1,['魷魚'],3,"[[5.83, 5.0], [6.67, 7.17]]","['多', '新鮮', '超級下飯']","['FOOD#QUALITY', 'FOOD#STYLE_OPTIONS']"
zho,restaurant,R0921:S022,這裡的蛋餅雖然很油，但吃起來真的很香很嫩而雙蛋會讓整份蛋餅吃起來更加厚實。,1,['蛋餅'],2,"[[4.17, 5.0], [6.5, 6.33]]","['很油', '真的很香很嫩']",['FOOD#QUALITY']
zho,restaurant,R0923:S186,原盅土雞湯非常愛，每次來這裡都會必點一份。,1,['原盅土雞湯'],2,"[[6.5, 7.0], [6.67, 6.67]]","['必點', '非常愛']",['FOOD#QUALITY']
zho,restaurant,R0931:S011,櫻花蝦青蔥炒飯有酥香脆的櫻花蝦撒在粒粒分明的炒飯裡頭，每扒一口飯都能吃到蛋香與酥脆的櫻花蝦，我覺得這盤炒飯必點。,1,['炒飯'],2,"[[6.0, 5.67], [7.5, 7.83]]","['必點', '粒粒分明']",['FOOD#QUALITY']
zho,restaurant,R0934:S024,芋泥也好吃很滑順，但這款比較容易吃膩。,1,['芋泥'],3,"[[4.0, 4.0], [6.0, 5.75], [6.25, 6.0]]","['好吃', '很滑順', '比較容易吃膩']",['FOOD#QUALITY']
zho,restaurant,R0935:S014,冰檸檬法式伯爵紅茶喝起來一般般，沒什麼記憶點。,1,['冰檸檬法式伯爵紅茶'],2,"[[4.38, 4.88], [4.75, 4.75]]","['一般般', '沒什麼記憶點']",['DRINKS#QUALITY']
zho,restaurant,R0937:S060,外層搭配鬆軟又有嚼勁的貝果，顛覆了貝果乾硬的刻板印象。,1,['貝果'],2,"[[6.0, 5.5], [6.12, 5.5]]","['有嚼勁', '鬆軟']",['FOOD#QUALITY']
zho,restaurant,R0937:S079,燕麥奶系列的飲品皆採用OATLY燕麥奶製成，香醇溫潤又不會太死甜。,1,['燕麥奶'],2,"[[5.83, 5.5], [6.17, 5.67]]","['不會太死甜', '香醇溫潤']",['DRINKS#QUALITY']
zho,restaurant,R0942:S046,燙青菜當天算嫩，但素肉燥太小塊且香味不足。,1,['素肉燥'],2,"[[3.83, 5.33], [4.17, 5.0]]","['太小塊', '香味不足']","['FOOD#QUALITY', 'FOOD#STYLE_OPTIONS']"
zho,restaurant,R0944:S041,熱紫米粥味道一般，對我們來說有點太甜了。,1,['熱紫米粥味道'],2,"[[4.62, 5.25], [5.0, 5.0]]","['一般', '有點太甜']",['FOOD#QUALITY']
zho,restaurant,R0948:S007,麵條為黃油麵留有咬感不軟爛。,1,['麵條'],2,"[[5.83, 5.17], [6.0, 5.17]]","['不軟爛', '留有咬感']",['FOOD#QUALITY']
zho,restaurant,R0948:S028,烤透抽肉質彈實有嚼勁，直接吃便有烘烤後的海鮮香氣。,1,['烤透抽肉質'],2,"[[5.83, 5.0], [6.0, 5.0]]","['彈實', '有嚼勁']",['FOOD#QUALITY']
zho,restaurant,R0951:S038,湯頭雖然偏濃，但不會過於油膩，清滑順口。,1,['湯頭'],3,"[[4.75, 5.0], [5.75, 5.0], [6.0, 5.25]]","['不會過於油膩', '偏濃', '清滑順口']",['FOOD#QUALITY']
zho,restaurant,R0959:S070,我們選了香酥蟹肉天婦羅意外地夠味，得到當天所有人不錯的評價。,1,['香酥蟹肉天婦羅'],2,"[[5.75, 5.75], [6.0, 6.0]]","['不錯', '意外地夠味']",['FOOD#QUALITY']
zho,restaurant,R0959:S081,龍膽石斑魚片吃起來肉質扎實又富含膠質。,1,['肉質'],2,"[[5.88, 5.25], [6.0, 5.38]]","['富含膠質', '扎實']",['FOOD#QUALITY']
zho,restaurant,R0966:S033,鳳爪都肥滋滋Q彈，滷的十分入味膠質也很多。,1,['鳳爪'],3,"[[6.0, 5.33], [6.17, 5.83], [6.17, 6.5]]","['Q彈', '十分入味', '肥滋滋']",['FOOD#QUALITY']
zho,restaurant,R0966:S057,手工烏梅汁就是好喝，烏梅汁水準很高。,1,['烏梅汁'],2,"[[5.5, 5.25], [6.0, 6.0]]","['好喝', '水準很高']",['DRINKS#QUALITY']
zho,restaurant,R0970:S133,右邊側面附的那片帕瑪森起司脆片好好吃啊，鹹脆可口。,1,['那片帕瑪森起司脆片'],2,"[[6.38, 5.62], [6.62, 5.88]]","['好好吃', '鹹脆可口']",['FOOD#QUALITY']
zho,restaurant,R0970:S181,比較驚豔的是三分熟的菲力非常柔軟呢。,1,['菲力'],2,"[[6.0, 6.0], [6.83, 6.67]]","['比較驚豔', '非常柔軟']",['FOOD#QUALITY']
zho,restaurant,R0976:S034,肉片極鮮美，軟嫩Ｑ彈極易入口。,1,['肉片'],3,"[[6.25, 6.0], [7.0, 6.5]]","['極易入口', '極鮮美', '軟嫩Ｑ彈']","['FOOD#QUALITY', 'RESTAURANT#GENERAL']"
zho,restaurant,R0976:S058,清爽綿密的杏仁豆腐真的很棒。,1,['杏仁豆腐'],2,"[[6.25, 5.25], [6.5, 6.25]]","['清爽綿密', '真的很棒']",['FOOD#QUALITY']
zho,restaurant,R0978:S024,鮮蝦腸粉裡面的蝦子超大顆，味道鮮美彈牙。,1,['蝦子'],2,"[[6.38, 5.5], [6.62, 6.38]]","['彈牙', '超大']","['FOOD#QUALITY', 'FOOD#STYLE_OPTIONS']"
zho,restaurant,R1000:S003,最有記憶點的是蚵仔雖然不算非常大顆，但是很肥美新鮮。,1,['蚵仔'],3,"[[4.5, 5.0], [6.0, 5.0]]","['不算非常大顆', '很肥美', '新鮮']",['FOOD#QUALITY']
zho,restaurant,R1000:S009,麵線調味還算可以，沒有過鹹或是太清淡。,1,['麵線調味'],2,"[[5.25, 5.0], [5.5, 4.88]]","['沒有過鹹', '算可以']",['FOOD#QUALITY']
zho,restaurant,R1004:S080,看到濃厚的椰奶咖哩湯頭，真的非常誘人。,1,['椰奶咖哩湯頭'],2,"[[6.17, 5.5], [6.67, 6.83]]","['濃厚', '真的非常誘人']",['FOOD#QUALITY']
zho,restaurant,R1004:S123,讓我最驚喜的是炸雞腿肉，先前有用香茅跟香料醃製過，非常地香。,1,['炸雞腿肉'],2,"[[7.0, 6.67], [7.0, 6.83]]","['最驚喜', '非常地香']",['FOOD#QUALITY']
zho,restaurant,R1005:S003,蜜汁燻茶鵝煙燻的很透徹，鵝肉軟嫩多汁，香氣迷人。,1,['鵝肉'],2,"[[6.17, 6.0], [6.33, 6.17]]","['軟嫩多汁', '香氣迷人']",['FOOD#QUALITY']
zho,restaurant,R1007:S006,筒仔米糕賣相一般，但糯米軟Ｑ入味帶香。,1,['糯米'],2,"[[5.67, 5.0], [5.83, 5.17]]","['入味帶香', '軟Ｑ']",['FOOD#QUALITY']
zho,restaurant,R1009:S001,外皮很酥脆沒有過乾也沒有過硬，裡面的豆腐很嫩。,1,['外皮'],3,"[[5.5, 4.75], [5.88, 5.62]]","['很酥脆', '沒有過乾', '沒有過硬']",['FOOD#QUALITY']
zho,restaurant,R1018:S093,當天搭配青梅醋飲很好喝，清爽也很解膩。,1,['青梅醋飲'],3,"[[5.83, 5.5], [6.33, 6.5], [6.67, 6.33]]","['很好喝', '很解膩', '清爽']",['DRINKS#QUALITY']
zho,restaurant,R1019:S028,讓我眼睛為之一亮的甜蝦真的非常好吃啊。,1,['甜蝦'],2,"[[7.0, 7.0], [7.12, 7.12]]","['眼睛為之一亮', '非常好吃']",['FOOD#QUALITY']
zho,restaurant,R1028:S064,挪威鮭魚佐番茄莎莎醬，鮭魚非常厚實，煎到外表酥酥的，算是我吃過的鮭魚中料理的很不錯的。,1,['鮭魚'],2,"[[6.5, 5.88], [7.12, 6.62]]","['很不錯', '非常厚實']",['FOOD#QUALITY']
zho,restaurant,R1028:S083,蜂蜜檸檬汁不會太甜，很清爽的一杯飲品。,1,['蜂蜜檸檬汁'],2,"[[5.75, 5.0], [6.0, 5.25]]","['不會太甜', '很清爽']",['DRINKS#QUALITY']
zho,restaurant,R1030:S029,咖哩非常的香濃，雞肉軟嫩入口即化，搭配甩餅及烤餅更是美味。,1,['雞肉'],2,"[[6.5, 5.83], [6.67, 6.0]]","['入口即化', '軟嫩']",['FOOD#QUALITY']
zho,restaurant,R1035:S053,不愛雞肉，覺得偏柴。,1,['雞肉'],2,"[[4.25, 4.62], [4.25, 4.75]]","['不愛', '偏柴']",['FOOD#QUALITY']
zho,restaurant,R1482:S002,湯不僅沒有味道，還十分油膩。,1,['湯'],2,"[[3.17, 5.83], [4.0, 4.83]]","['十分油膩', '沒有味道']",['FOOD#QUALITY']
zho,restaurant,R2828:S006,麵包也很厲害，非常的鬆軟。,1,['麵包'],2,"[[6.83, 6.33], [7.0, 6.83]]","['很厲害', '非常的鬆軟']",['FOOD#QUALITY']
zho,restaurant,R2829:S003,麵包烤的酥脆酥脆口感很好，實在讚。,1,['麵包'],2,"[[6.5, 6.0], [7.0, 8.0]]","['實在讚', '酥脆酥脆']",['FOOD#QUALITY']
zho,restaurant,R2829:S006,配菜選擇沙拉，新鮮好吃，份量剛剛好。,1,['沙拉'],2,"[[6.75, 6.25], [7.0, 6.5]]","['好吃', '新鮮']",['FOOD#QUALITY']
zho,restaurant,R2830:S000,炸魷魚我最喜歡的商品，酥脆的口感跟醬的搭配加上檸檬酸酸的很開胃。,1,['炸魷魚'],3,"[[6.0, 5.5], [6.5, 6.33], [7.5, 7.33]]","['很開胃', '最喜歡', '酥脆']",['FOOD#QUALITY']
zho,restaurant,R2832:S006,但裡面的馬鈴薯沒有熟完全，還蠻油的有點可惜。,1,['馬鈴薯'],2,"[[4.75, 5.25], [5.5, 5.75]]","['有點可惜', '還蠻油']",['FOOD#QUALITY']
zho,restaurant,R2833:S004,鮮蝦彈牙不錯吃。,1,['鮮蝦'],2,"[[5.88, 5.38], [5.88, 5.62]]","['不錯吃', '彈牙']",['FOOD#QUALITY']
zho,restaurant,R2834:S002,麵包本體卻仍有蓬鬆的口感，不會乾澀。,1,['麵包'],2,"[[6.0, 5.83], [6.5, 6.0]]","['不會乾澀', '蓬鬆']",['FOOD#QUALITY']
zho,restaurant,R2836:S003,炸魚墨西哥非常美味，很道地的美式口味。,1,['炸魚墨西哥'],2,"[[6.5, 5.75], [7.0, 6.5]]","['很道地', '非常美味']",['FOOD#QUALITY']
zho,restaurant,R2838:S006,薯塊份量也不少，吃完非常有飽足感。,1,['薯塊份量'],2,"[[5.83, 5.17], [6.67, 6.5]]","['不少', '非常有飽足感']",['FOOD#STYLE_OPTIONS']
zho,restaurant,R2839:S008,薯餅更是其他地方少有的美味，必點。,1,['薯餅'],2,"[[6.33, 5.83], [6.83, 6.67]]","['必點', '美味']",['FOOD#QUALITY']
zho,restaurant,R2840:S012,但套餐的濃湯似乎濃了點到發酸的感覺。,1,['濃湯'],2,"[[4.12, 5.62], [5.5, 5.88]]","['濃了點', '發酸']",['FOOD#QUALITY']
zho,restaurant,R2841:S006,薯泥很好吃，配它的醬很讚。,1,['薯泥'],2,"[[6.67, 6.17], [6.67, 6.33]]","['很好吃', '很讚']",['FOOD#QUALITY']
zho,restaurant,R2843:S001,墨西哥餐點吃起來很棒很好吃。,1,['墨西哥餐點'],2,"[[6.83, 6.5], [7.0, 6.33]]","['很好吃', '很棒']",['FOOD#QUALITY']
zho,restaurant,R2844:S003,牛肉堡牛肉多汁好吃。,1,['牛肉'],2,"[[5.83, 5.5], [6.17, 5.5]]","['多汁', '好吃']",['FOOD#QUALITY']
zho,restaurant,R2845:S004,炸雞腿排多汁，配上花生醬表現中規中矩。,1,['炸雞腿排'],2,"[[5.0, 5.0], [5.88, 5.5]]","['中規中矩', '多汁']",['FOOD#QUALITY']
zho,restaurant,R2848:S021,肉質更軟嫩一些也不柴。,1,['肉質'],2,"[[5.67, 5.0], [6.33, 5.83]]","['不柴', '更軟嫩一些']",['FOOD#QUALITY']
zho,restaurant,R2851:S007,地瓜葉超級好吃很嫩很嫩。,1,['地瓜葉'],2,"[[6.5, 6.0], [7.0, 6.5]]","['很嫩很嫩', '超級好吃']",['FOOD#QUALITY']
zho,restaurant,R2852:S004,清燉的口感很清爽，不會很淡。,1,['清燉的口感'],2,"[[5.83, 5.33], [6.33, 6.0]]","['不會很淡', '很清爽']",['FOOD#QUALITY']
zho,restaurant,R2853:S004,而且羊肉一點都不羶，軟嫩好吃。,1,['羊肉'],3,"[[6.0, 5.5], [6.5, 5.5]]","['一點都不羶', '好吃', '軟嫩']",['FOOD#QUALITY']
zho,restaurant,R2854:S006,黑糖粉圓很甜，超喜歡。,1,['黑糖粉圓'],2,"[[6.75, 6.0], [7.25, 7.0]]","['很甜', '超喜歡']",['FOOD#QUALITY']
zho,restaurant,R2854:S007,茶飲有註明微苦，但喝起來其實回甘好喝。,1,['茶飲'],2,"[[6.17, 5.67], [6.5, 6.17]]","['回甘', '好喝']",['DRINKS#QUALITY']
zho,restaurant,R2858:S004,清燉則加了薑絲和地瓜葉，味道很不錯也不會膩口。,1,['味道'],2,"[[5.75, 5.25], [6.25, 5.75]]","['不會膩口', '很不錯']",['FOOD#QUALITY']
zho,restaurant,R2859:S012,牛肉入口偏軟，沒有腥味。,1,['牛肉'],2,"[[4.83, 5.33], [5.5, 5.17]]","['偏軟', '沒有腥味']",['FOOD#QUALITY']
zho,restaurant,R2859:S018,羊肉軟嫩一珉即化。,1,['羊肉'],2,"[[6.17, 5.83], [6.5, 6.17]]","['一珉即化', '軟嫩']",['FOOD#QUALITY']
zho,restaurant,R2865:S014,吃起來普普稱不上是好吃。,1,[None],2,"[[5.0, 5.0], [5.0, 5.17]]","['普普', '稱不上是好吃']",['FOOD#QUALITY']
zho,restaurant,R2866:S014,羊肉入口即化，沒有腥味。,1,['羊肉'],2,"[[5.5, 5.17], [6.67, 6.33]]","['入口即化', '沒有腥味']",['FOOD#QUALITY']
zho,restaurant,R2867:S007,加點的粉圓比較晚上來粉圓就糊糊的，也不是很冰，扣一顆星。,1,['粉圓'],2,"[[4.67, 4.67], [4.67, 4.83]]","['不是很冰', '糊糊']",['FOOD#QUALITY']
zho,restaurant,R2869:S005,肉羹湯蒜香十足，肉羹紮實好吃。,1,['肉羹'],2,"[[6.75, 6.25], [7.0, 6.5]]","['好吃', '紮實']",['FOOD#QUALITY']
zho,restaurant,R2871:S006,油豆腐也很讚，整個滷的很入味。,1,['油豆腐'],2,"[[6.83, 7.0], [7.0, 7.33]]","['很入味', '很讚']",['FOOD#QUALITY']
zho,restaurant,R2872:S003,他們家的肉似乎是比較大塊而且很紮實。,1,['肉'],2,"[[6.0, 5.62], [6.5, 6.12]]","['很紮實', '比較大塊']","['FOOD#QUALITY', 'FOOD#STYLE_OPTIONS']"
zho,restaurant,R2874:S008,個人覺得瘦肉不乾很嫩，但醬汁有點偏鹹。,1,['瘦肉'],2,"[[5.5, 4.75], [6.75, 6.25]]","['不乾', '很嫩']",['FOOD#QUALITY']
zho,restaurant,R2880:S021,肉條有裹粉，口感偏軟沒有紮實感。,1,['口感'],2,"[[4.12, 5.38], [4.38, 5.62]]","['偏軟', '沒有紮實感']",['FOOD#QUALITY']
zho,restaurant,R2888:S009,豬血湯果然很小碗，但是還不錯喝。,1,['豬血湯'],2,"[[4.25, 4.5], [5.75, 5.25]]","['很小碗', '還不錯喝']","['FOOD#QUALITY', 'FOOD#STYLE_OPTIONS']"
zho,restaurant,R2888:S012,糯米腸果然很少，有油耗味。,1,['糯米腸'],2,"[[4.0, 5.38], [4.25, 5.88]]","['很少', '有油耗味']","['FOOD#QUALITY', 'FOOD#STYLE_OPTIONS']"
zho,restaurant,R2890:S022,雖然大腸處理得很乾淨無異味，但滷汁稍淡。,1,['大腸'],2,"[[5.5, 5.0], [6.75, 6.25]]","['很乾淨', '無異味']",['FOOD#QUALITY']
zho,restaurant,R2892:S000,豬血本體嫩嫩無腥，真的很不錯的口味很喜歡。,1,['豬血'],4,"[[5.5, 4.75], [5.75, 5.0], [6.5, 6.5]]","['嫩嫩', '很喜歡', '無腥', '真的很不錯']",['FOOD#QUALITY']
zho,restaurant,R2892:S001,豬皮很驚訝的是處理的很乾淨，入口好咬。,1,['豬皮'],2,"[[6.0, 5.5], [6.25, 5.75]]","['好咬', '很乾淨']",['FOOD#QUALITY']
zho,restaurant,R2892:S003,米腸這個真的很好吃，單吃稍嫌無味。,1,['米腸'],2,"[[4.5, 4.83], [6.67, 6.5]]","['真的很好吃', '稍嫌無味']",['FOOD#QUALITY']
zho,restaurant,R2893:S024,米腸的話一般般，單吃有點無味。,1,['米腸'],2,"[[4.33, 5.17], [5.0, 5.0]]","['一般般', '有點無味']",['FOOD#QUALITY']
zho,restaurant,R2894:S008,豬血湯的話就普普通通，沒什麼特別的。,1,['豬血湯'],2,"[[4.75, 5.0], [5.0, 5.0]]","['普普通通', '沒什麼特別']",['FOOD#QUALITY']
zho,restaurant,R2901:S000,豬血湯稍濁但喝來不油。,1,['豬血湯'],2,"[[4.5, 5.0], [5.5, 5.25]]","['不油', '稍濁']",['FOOD#QUALITY']
zho,restaurant,R2902:S010,燙小卷最推薦的，很新鮮。,1,['燙小卷'],2,"[[6.67, 5.83], [7.0, 7.33]]","['很新鮮', '最推薦']",['FOOD#QUALITY']
zho,restaurant,R2906:S000,米腸吃起來沒啥味道，相當普通。,1,['米腸'],2,"[[4.88, 5.0], [5.0, 5.0]]","['沒啥味道', '相當普通']",['FOOD#QUALITY']
zho,restaurant,R2908:S007,炒小管卵$270:這個大推超好吃第一次吃到很喜歡。,1,['炒小管卵'],3,"[[6.75, 7.0], [7.25, 7.0], [7.75, 7.75]]","['大推', '很喜歡', '超好吃']",['FOOD#QUALITY']
zho,restaurant,R2909:S025,服務不用期待，超級糟糕。,1,['服務'],2,"[[2.83, 6.83], [3.5, 5.83]]","['不用期待', '超級糟糕']",['SERVICE#GENERAL']
zho,restaurant,R2910:S002,鮮蚵滷肉飯美味新鮮好吃，但真心不便宜。,1,['鮮蚵滷肉飯'],4,"[[4.25, 5.0], [6.5, 6.25], [6.5, 6.5]]","['好吃', '新鮮', '真心不便宜', '美味']","['FOOD#PRICES', 'FOOD#QUALITY']"
zho,restaurant,R2910:S007,小卷麵線及小卷米粉都不錯很鮮甜，不過有點鹹。,1,['小卷麵線'],3,"[[4.5, 5.0], [5.5, 5.5], [6.5, 6.25]]","['不錯', '很鮮甜', '有點鹹']",['FOOD#QUALITY']
zho,restaurant,R2910:S007,小卷麵線及小卷米粉都不錯很鮮甜，不過有點鹹。,1,['小卷米粉'],3,"[[4.5, 5.0], [5.5, 5.5], [6.5, 6.25]]","['不錯', '很鮮甜', '有點鹹']",['FOOD#QUALITY']
zho,restaurant,R2910:S021,用餐環境來說算是尚可，不好也不壞。,1,['用餐環境'],2,"[[5.0, 5.0], [5.25, 5.12]]","['不好也不壞', '算是尚可']",['AMBIENCE#GENERAL']
zho,restaurant,R2911:S002,滷肉不錯吃有口感，但給的相對吝嗇了點。,1,['滷肉'],3,"[[4.33, 5.17], [5.83, 5.5], [5.83, 5.67]]","['不錯吃', '吝嗇了點', '有口感']","['FOOD#QUALITY', 'FOOD#STYLE_OPTIONS']"
zho,restaurant,R2921:S007,絲瓜炒蛋鮮甜美味，但份量有點少有點可惜。,1,['絲瓜炒蛋'],2,"[[4.5, 5.25], [6.5, 6.0]]","['有點可惜', '鮮甜美味']",['FOOD#QUALITY']
zho,restaurant,R2925:S011,唯一還可以的就是月亮蝦餅，但就也普通不到好吃的程度。,1,['月亮蝦餅'],2,"[[5.0, 5.0], [5.17, 5.33]]","['唯一還可以', '普通']",['FOOD#QUALITY']
zho,restaurant,R2929:S007,煎餅必點，有點的餐點內覺得最好吃的。,1,['煎餅'],2,"[[7.0, 7.38], [7.5, 7.12]]","['必點', '最好吃']",['FOOD#QUALITY']
zho,restaurant,R2930:S010,還有海鮮煎餅，新鮮又煎得酥脆，超推。,1,['海鮮煎餅'],3,"[[5.88, 5.38], [6.75, 6.5]]","['新鮮', '超推', '酥脆']",['FOOD#QUALITY']
zho,restaurant,R2933:S000,推薦必點海鮮煎餅，份量很大可能需要四個人才吃得完。,1,['海鮮煎餅'],2,"[[6.0, 5.5], [7.0, 6.0]]","['必點', '推薦']",['FOOD#QUALITY']
zho,restaurant,R2938:S007,煎餅確實是脆香又大片。,1,['煎餅'],2,"[[5.67, 5.33], [6.33, 6.0]]","['大片', '脆香']","['FOOD#QUALITY', 'FOOD#STYLE_OPTIONS']"
zho,restaurant,R2941:S006,用餐區油煙濃厚，完全不通風。,1,['用餐區'],2,"[[3.5, 6.0], [3.5, 6.33]]","['完全不通風', '油煙濃厚']",['RESTAURANT#MISCELLANEOUS']
zho,restaurant,R2943:S005,尤其海鮮煎餅好好吃，只要有去是必點之一。,1,['海鮮煎餅'],2,"[[6.5, 6.0], [7.0, 7.5]]","['好好吃', '必點']",['FOOD#QUALITY']
zho,restaurant,R2951:S005,整體來說東西好吃，而且店內的裝潢真的很棒很用心。,1,['裝潢'],2,"[[6.0, 5.5], [6.5, 6.0]]","['很用心', '真的很棒']",['AMBIENCE#GENERAL']
zho,restaurant,R2952:S000,除了肉炒得有點柴又太甜之外，其餘東西還不錯吃。,1,['肉'],2,"[[4.25, 6.5], [4.75, 4.75]]","['太甜', '有點柴']",['FOOD#QUALITY']
zho,restaurant,R2953:S000,炒水蓮就是好吃的水蓮，然後超級大一盤，必須讚爆的份量。,1,['炒水蓮'],2,"[[6.33, 6.33], [6.5, 5.67]]","['好吃', '超級大一盤']","['FOOD#QUALITY', 'FOOD#STYLE_OPTIONS']"
zho,restaurant,R2957:S004,大推蒜頭蛤蜊雞湯，非常棒。,1,['蒜頭蛤蜊雞湯'],2,"[[7.17, 7.0], [7.17, 7.17]]","['大推', '非常棒']",['FOOD#QUALITY']
zho,restaurant,R2962:S009,鱘龍魚片蠻乾，不是很嫩。,1,['鱘龍魚片'],2,"[[4.17, 5.17], [4.5, 5.0]]","['不是很嫩', '蠻乾']",['FOOD#QUALITY']
zho,restaurant,R2968:S006,金門海石蚵個頭嬌小但卻非常鮮甜。,1,['金門海石蚵'],2,"[[5.5, 5.33], [7.0, 6.5]]","['嬌小', '非常鮮甜']","['FOOD#QUALITY', 'FOOD#STYLE_OPTIONS']"
zho,restaurant,R2969:S000,鍋貼跟尋常的鍋貼不同雖然小小偏油但不會油膩。,1,['鍋貼'],3,"[[4.0, 4.5], [4.5, 5.5], [5.5, 5.0]]","['不會油膩', '偏油', '小小']","['FOOD#QUALITY', 'FOOD#STYLE_OPTIONS']"
zho,restaurant,R2969:S003,餅皮酥脆超好吃。,1,['餅皮'],2,"[[6.0, 5.5], [7.0, 6.67]]","['超好吃', '酥脆']",['FOOD#QUALITY']
zho,restaurant,R2969:S004,排骨讓人驚艷調味很讚，可惜帶骨。,1,['排骨'],2,"[[4.75, 5.0], [6.75, 7.0]]","['帶骨', '讓人驚艷']",['FOOD#QUALITY']
zho,restaurant,R2970:S006,石蚵煎蛋就是蚵仔超小，毫無海鮮味 。,1,['蚵仔'],2,"[[4.5, 4.5], [4.5, 4.83]]","['毫無海鮮味', '超小']","['FOOD#QUALITY', 'FOOD#STYLE_OPTIONS']"
zho,restaurant,R2980:S008,排骨酥很少而且沒特別好吃。,1,['排骨酥'],2,"[[4.17, 5.5], [4.33, 4.83]]","['很少', '沒特別好吃']","['FOOD#QUALITY', 'FOOD#STYLE_OPTIONS']"
zho,restaurant,R2981:S009,但還是無法挽回這失敗的鍋貼大概吃了兩顆你就會開始反胃。,1,['鍋貼'],2,"[[3.0, 6.12], [3.88, 5.5]]","['反胃', '失敗']",['FOOD#QUALITY']
zho,restaurant,R2981:S014,且糖醋醬真的是死甜又勾芡到爆。,1,['糖醋醬'],2,"[[4.0, 5.33], [4.17, 5.17]]","['勾芡到爆', '真的是死甜']",['FOOD#QUALITY']
zho,restaurant,R2982:S010,醉雞軟嫩的雞肉吃來不柴十分美味。,1,['雞肉'],2,"[[5.75, 5.25], [7.0, 6.5]]","['不柴', '十分美味']",['FOOD#QUALITY']
zho,restaurant,R2986:S019,蛋煎的很香酥好吃。,1,['蛋'],2,"[[6.25, 5.25], [6.5, 6.0]]","['好吃', '很香酥']",['FOOD#QUALITY']
zho,restaurant,R2997:S003,林家臭豆腐是我吃過最好吃最特別的臭豆腐了。,1,['臭豆腐'],2,"[[7.0, 7.17], [7.17, 6.67]]","['最好吃', '最特別']",['FOOD#QUALITY']
zho,restaurant,R2998:S010,臭豆腐吃起來也沒有什麼特別好吃不知在貴什麼。,1,['臭豆腐'],2,"[[4.33, 4.83], [4.83, 5.0]]","['沒有什麼特別好吃', '貴']","['FOOD#PRICES', 'FOOD#QUALITY']"
zho,restaurant,R3011:S003,平價又好吃的餐廳。,1,['餐廳'],2,"[[5.5, 5.17], [6.0, 5.33]]","['好吃', '平價']","['FOOD#QUALITY', 'RESTAURANT#PRICES']"
zho,restaurant,R3014:S006,然後飲料便宜好喝豬排咖哩有夠鹹。,1,['飲料'],2,"[[5.67, 5.17], [5.83, 5.33]]","['便宜', '好喝']","['DRINKS#PRICES', 'DRINKS#QUALITY']"
zho,restaurant,R3014:S013,飲料一杯50元便宜大杯好喝超推。,1,['飲料'],4,"[[5.5, 5.0], [5.67, 5.17], [6.5, 5.67], [7.17, 7.33]]","['便宜', '大杯', '好喝', '超推']","['DRINKS#PRICES', 'DRINKS#QUALITY', 'DRINKS#STYLE_OPTIONS']"
zho,restaurant,R3019:S005,可惜豬排略硬這還有進步空間。,1,['豬排'],2,"[[4.5, 5.38], [4.62, 5.38]]","['有進步空間', '略硬']",['FOOD#QUALITY']
zho,restaurant,R3021:S008,咖哩是好吃的，肉的部分也不錯但是有點太油。,1,['肉'],2,"[[4.25, 4.75], [5.5, 5.25]]","['不錯', '有點太油']",['FOOD#QUALITY']
zho,restaurant,R3025:S000,炸豬排非常大份，軟硬適中不會太乾。,1,['炸豬排'],3,"[[5.5, 5.0], [6.0, 5.5]]","['不會太乾', '軟硬適中', '非常大份']","['FOOD#QUALITY', 'FOOD#STYLE_OPTIONS']"
zho,restaurant,R3025:S010,烤雞腿很入味，不需搭配咖哩就很好吃。,1,['烤雞腿'],2,"[[6.67, 6.33], [6.83, 6.5]]","['很入味', '很好吃']",['FOOD#QUALITY']
zho,restaurant,R3031:S009,蛋餅好吃煎的酥酥香香的很美味。,1,['蛋餅'],3,"[[6.5, 5.5], [6.5, 6.0]]","['好吃', '很美味', '酥酥香香']",['FOOD#QUALITY']
zho,restaurant,R3032:S005,湯頭是清爽古早味好順口。,1,['湯頭'],2,"[[6.0, 5.5], [6.33, 5.83]]","['好順口', '清爽']",['FOOD#QUALITY']
zho,restaurant,R3033:S000,必點蛋餅吃起來輕薄酥脆。,1,['蛋餅'],2,"[[6.5, 6.0], [6.75, 6.25]]","['必點', '輕薄酥脆']",['FOOD#QUALITY']
zho,restaurant,R3034:S003,手工蛋餅好好吃外酥內嫩，雖然是炸的但卻不會有油膩感。,1,['手工蛋餅'],3,"[[5.75, 5.5], [6.25, 6.0]]","['不會有油膩感', '外酥內嫩', '好好吃']",['FOOD#QUALITY']
zho,restaurant,R3035:S016,海鮮麵鮮甜好吃豐富的配料讓你大大滿足。,1,['海鮮麵'],2,"[[5.75, 5.25], [6.25, 5.25]]","['好吃', '鮮甜']",['FOOD#QUALITY']
zho,restaurant,R3040:S002,推廣東粥料超多超豐富。,1,['料'],2,"[[6.67, 6.5], [6.67, 6.67]]","['超多', '超豐富']",['FOOD#STYLE_OPTIONS']
zho,restaurant,R3045:S001,金門麵線很好吃非常推薦。,1,['金門麵線'],2,"[[6.5, 6.0], [6.75, 6.5]]","['很好吃', '非常推薦']",['FOOD#QUALITY']
zho,restaurant,R3049:S001,酥炸明蝦，明蝦很大隻又新鮮。,1,['明蝦'],2,"[[6.0, 5.5], [6.5, 6.0]]","['很大隻', '新鮮']","['FOOD#QUALITY', 'FOOD#STYLE_OPTIONS']"
zho,restaurant,R3049:S003,超推金瓜米粉，澎湖的南瓜真的濃郁又甜。,1,['南瓜'],2,"[[6.25, 5.75], [6.5, 6.0]]","['甜', '真的濃郁']",['FOOD#QUALITY']
zho,restaurant,R3051:S014,炒花椰菜乾也是很衝突不太喜歡。,1,['炒花椰菜乾'],2,"[[3.67, 5.17], [3.83, 6.5]]","['不太喜歡', '很衝突']",['FOOD#QUALITY']
zho,restaurant,R3052:S004,首先日式魷魚生魚片十分特別非常好吃。,1,['日式魷魚生魚片'],2,"[[6.5, 6.0], [7.0, 6.5]]","['十分特別', '非常好吃']",['FOOD#QUALITY']
zho,restaurant,R3052:S008,澎湖花枝丸也是用料實在好吃。,1,['澎湖花枝丸'],2,"[[6.5, 6.17], [6.67, 6.17]]","['好吃', '用料實在']",['FOOD#QUALITY']
zho,restaurant,R3054:S000,整體新鮮好吃，食材優秀，上菜極快。,1,['整體'],2,"[[5.75, 5.0], [6.25, 5.25]]","['好吃', '新鮮']",['FOOD#QUALITY']
zho,restaurant,R3055:S000,清蒸野生石斑非常新鮮好吃。,1,['清蒸野生石斑'],2,"[[6.25, 6.25], [6.5, 5.75]]","['好吃', '非常新鮮']",['FOOD#QUALITY']
zho,restaurant,R3055:S004,龍蝦生魚片非常好吃值得推薦。,1,['龍蝦生魚片'],2,"[[6.67, 6.17], [7.0, 6.5]]","['值得推薦', '非常好吃']",['FOOD#QUALITY']
zho,restaurant,R3056:S004,每一道海鮮都是極鮮的美味。,1,['海鮮'],2,"[[6.5, 6.0], [6.75, 6.0]]","['極鮮', '美味']",['FOOD#QUALITY']
zho,restaurant,R3058:S009,海瓜子不新鮮又小。,1,['海瓜子'],2,"[[4.12, 5.5], [4.38, 5.12]]","['不新鮮', '小']","['FOOD#QUALITY', 'FOOD#STYLE_OPTIONS']"
zho,restaurant,R3060:S062,肉質超細但帶彈性。,1,['肉質'],2,"[[5.83, 5.5], [6.33, 6.0]]","['帶彈性', '超細']",['FOOD#QUALITY']
zho,restaurant,R2129:S004,香煎雞採用雞胸肉質偏柴沒什麼味道。,1,['雞胸肉質'],2,"[[4.12, 5.5], [4.5, 5.25]]","['偏柴', '沒什麼味道']",['FOOD#QUALITY']
zho,restaurant,R2129:S007,司康鬆散偏乾，必須配飲料喝。,1,['司康'],2,"[[4.75, 5.12], [4.88, 5.25]]","['偏乾', '鬆散']",['FOOD#QUALITY']
zho,restaurant,R2131:S003,餐點方面這次點了起司牛奶鍋，湯頭很香醇很好喝，菜盤種類豐富搭配肉品享用起來非常滿足。,1,['湯頭'],2,"[[6.5, 6.0], [7.0, 6.5]]","['很好喝', '很香醇']",['FOOD#QUALITY']
zho,restaurant,R2131:S007,飲品為魚池紅茶拿鐵不加糖每一口奶中都帶著紅茶香，非常好喝推薦。,1,['魚池紅茶拿鐵'],2,"[[6.5, 6.25], [6.75, 6.62]]","['推薦', '非常好喝']",['DRINKS#QUALITY']
zho,restaurant,R2133:S004,南瓜濃湯很濃還不錯喝。,1,['南瓜濃湯'],2,"[[6.0, 5.67], [6.17, 5.83]]","['很濃', '還不錯']",['FOOD#QUALITY']
zho,restaurant,R2133:S011,鳳梨梅汁很濃很好喝。,1,['鳳梨梅汁'],2,"[[6.5, 6.33], [6.83, 6.33]]","['很好喝', '很濃']",['DRINKS#QUALITY']
zho,restaurant,R2140:S022,飲品紅茶拿鐵味道偏淡到後面有點像在喝水可以選擇其他餐點看看。,1,['紅茶拿鐵味道'],2,"[[4.0, 5.67], [4.33, 5.17]]","['偏淡', '像在喝水']",['DRINKS#QUALITY']
zho,restaurant,R2143:S010,店家用心挑選的食材新鮮可口，每一口都帶著滿滿的幸福感。,1,['食材'],2,"[[6.5, 6.0], [6.75, 6.5]]","['新鮮可口', '滿滿的幸福感']",['FOOD#QUALITY']
zho,restaurant,R2149:S005,糖醋魚好吃，炒米粉略油但是好吃。,1,['炒米粉'],2,"[[4.25, 4.5], [6.25, 5.25]]","['好吃', '略油']",['FOOD#QUALITY']
zho,restaurant,R2151:S004,白斬雞肉質鮮甜有口感不會軟爛，搭配桔醬很棒必點。,1,['白斬雞肉質'],3,"[[5.75, 5.5], [6.0, 5.5], [6.0, 5.62]]","['不會軟爛', '有口感', '鮮甜']",['FOOD#QUALITY']
zho,restaurant,R2151:S008,蠻可惜的是許多菜的香氣都沒有炒出來，有些甚至連味道都蠻淡的。,1,['菜的香氣'],2,"[[4.67, 4.5], [4.67, 5.83]]","['沒有炒出來', '蠻可惜']",['FOOD#QUALITY']
zho,restaurant,R2152:S007,薑絲炒大腸這一定是必點的一道，酸的很到位非常下飯。,1,['薑絲炒大腸'],2,"[[6.83, 6.17], [7.0, 6.83]]","['一定是必點', '非常下飯']",['FOOD#QUALITY']
zho,restaurant,R2152:S010,油雞每一種都很好吃，油油嫩嫩的尤其是皮的地方特別好吃。,1,['油雞'],2,"[[6.25, 5.75], [7.0, 6.5]]","['很好吃', '油油嫩嫩的']",['FOOD#QUALITY']
zho,restaurant,R2155:S008,筊白筍多汁軟嫩但是不太甜。,1,['筊白筍'],2,"[[4.67, 5.17], [6.33, 6.0]]","['不太甜', '多汁軟嫩']",['FOOD#QUALITY']
zho,restaurant,R2156:S005,白斬雞小$250好吃，推薦。,1,['白斬雞'],2,"[[6.33, 5.5], [6.33, 5.83]]","['好吃', '推薦']",['FOOD#QUALITY']
zho,restaurant,R2158:S011,薑絲大腸夠酸但不夠香，肥腸有點老不嫩Q。,1,['薑絲大腸'],2,"[[3.75, 5.75], [5.75, 5.25]]","['不夠香', '夠酸']",['FOOD#QUALITY']
zho,restaurant,R2161:S008,油雞好柴完全咬不動，應該是主廚換人了。,1,['油雞'],2,"[[4.0, 5.5], [4.5, 5.38]]","['好柴', '完全咬不動']",['FOOD#QUALITY']
zho,restaurant,R2168:S019,檸檬魚好吃，魚大隻夠新鮮。,1,['魚'],2,"[[5.5, 5.17], [5.83, 5.67]]","['夠新鮮', '大']","['FOOD#QUALITY', 'FOOD#STYLE_OPTIONS']"
zho,restaurant,R2168:S024,京都排骨好吃，醬調的很讚不過甜。,1,['醬'],2,"[[6.0, 5.5], [6.5, 6.75]]","['不過甜', '很讚']",['FOOD#QUALITY']
zho,restaurant,R2169:S004,沾醬也很讚，根本大愛。,1,['沾醬'],2,"[[6.5, 6.33], [7.17, 7.0]]","['大愛', '很讚']",['FOOD#QUALITY']
zho,restaurant,R2169:S008,他的鮮奶茶超好喝，整個愛上。,1,['鮮奶茶'],2,"[[7.17, 6.83], [7.5, 6.67]]","['愛上', '超好喝']",['DRINKS#QUALITY']
zho,restaurant,R2170:S000,菜色高麗菜跟松阪豬以價位來說份量偏小，松阪豬肉偏肥但很Q，鱸魚很大條飯好吃。,1,['松阪豬肉'],2,"[[4.5, 5.5], [7.0, 6.5]]","['偏肥', '很Q']",['FOOD#QUALITY']
zho,restaurant,R2171:S003,高麗菜真的有夠爽口，清脆而不油膩。,1,['高麗菜'],3,"[[5.62, 5.12], [5.88, 5.5], [6.5, 6.0]]","['不油膩', '清脆', '真的有夠爽口']",['FOOD#QUALITY']
zho,restaurant,R2172:S014,沙茶魷魚魷魚軟嫩好吃。,1,['魷魚'],2,"[[6.25, 5.75], [6.75, 6.0]]","['好吃', '軟嫩']",['FOOD#QUALITY']
zho,restaurant,R2182:S003,蒜蓉中卷的中卷沒有鮮甜味，油膩死鹹的一道菜。,1,['中卷'],3,"[[4.33, 4.83], [4.33, 5.17], [4.67, 4.83]]","['死鹹', '沒有鮮甜味', '油膩']",['FOOD#QUALITY']
zho,restaurant,R2184:S011,栗子南瓜濃湯香濃，生菜沙拉清爽好吃。,1,['生菜沙拉'],2,"[[6.25, 5.75], [6.75, 6.0]]","['好吃', '清爽']",['FOOD#QUALITY']
zho,restaurant,R2184:S016,法式牛奶鍋，湯頭非常香濃好喝。,1,['湯頭'],2,"[[6.25, 5.25], [6.75, 6.25]]","['好喝', '非常香濃']",['FOOD#QUALITY']
zho,restaurant,R2189:S018,酸甜可口的沾醬簡直欲罷不能。,1,['沾醬'],2,"[[6.5, 6.17], [6.67, 6.33]]","['簡直欲罷不能', '酸甜可口']",['FOOD#QUALITY']
zho,restaurant,R2193:S005,蝦餅是很厚多汁有大塊蝦塊在裡面的。,1,['蝦餅'],2,"[[6.0, 5.33], [6.33, 6.17]]","['多汁', '很厚']","['FOOD#QUALITY', 'FOOD#STYLE_OPTIONS']"
zho,restaurant,R2197:S004,整體湯頭很夠味不會過酸辣。,1,['湯頭'],2,"[[6.0, 5.5], [6.5, 6.0]]","['不會過酸辣', '很夠味']",['FOOD#QUALITY']
zho,restaurant,R2197:S005,海味月亮蠻特別的但一開始吃覺得很不習慣。,1,['海味月亮'],2,"[[3.75, 6.75], [6.25, 6.0]]","['很不習慣', '蠻特別']",['FOOD#QUALITY']
zho,restaurant,R2198:S020,泰式紅奶茶口味蠻香甜好喝。,1,['泰式紅奶茶口味'],2,"[[6.12, 5.88], [6.38, 5.88]]","['好喝', '蠻香甜']",['DRINKS#QUALITY']
zho,restaurant,R2198:S029,香蘭磅蛋糕蠻好吃的也是偏甜的泰式甜點。,1,['香蘭磅蛋糕'],2,"[[4.75, 5.25], [6.25, 5.75]]","['偏甜', '蠻好吃']",['FOOD#QUALITY']
zho,restaurant,R2200:S022,涼拌海鮮吃起來都很新鮮是相當必推。,1,['涼拌海鮮'],2,"[[6.38, 6.38], [6.88, 6.75]]","['很新鮮', '相當必推']",['FOOD#QUALITY']
zho,restaurant,R2200:S023,而打拋豬非常的辣鹹十足，真的一碗白飯是不夠吃的好美味。,1,['打拋豬'],2,"[[6.5, 6.0], [6.83, 6.67]]","['好美味', '非常的辣鹹十足']",['FOOD#QUALITY']
zho,restaurant,R2200:S025,黃金三層肉很香酥好吃。,1,['黃金三層肉'],2,"[[6.5, 5.67], [6.5, 6.0]]","['好吃', '很香酥']",['FOOD#QUALITY']
zho,restaurant,R2201:S009,清邁椒麻雞飯雞腿蠻嫩，但整體就比較普通不驚艷。,1,['清邁椒麻雞飯'],2,"[[5.0, 5.0], [5.0, 5.17]]","['不驚艷', '比較普通']",['FOOD#QUALITY']
zho,restaurant,R2202:S000,值得推薦的是綠咖哩雞肉飯，唯一美中不足的是綠咖哩的湯汁少了一點。,1,['綠咖哩的湯汁'],2,"[[4.62, 4.75], [4.75, 5.0]]","['少了一點', '美中不足']","['FOOD#QUALITY', 'FOOD#STYLE_OPTIONS']"
zho,restaurant,R2202:S008,蝦醬空心菜味道濃郁，可惜太鹹了一點。,1,['蝦醬空心菜味道'],2,"[[3.88, 5.38], [6.0, 5.75]]","['太鹹', '濃郁']",['FOOD#QUALITY']
zho,restaurant,R2207:S016,泰式紅奶茶(泰奶)夠甜好喝。,1,['泰式紅奶茶'],2,"[[5.5, 5.0], [6.25, 5.25]]","['夠甜', '好喝']",['DRINKS#QUALITY']
zho,restaurant,R2207:S019,泰紅茶泰奶雖然甜卻意外順口，個人覺得必點。,1,['泰紅茶泰奶'],2,"[[6.17, 5.67], [7.17, 7.33]]","['必點', '意外順口']",['DRINKS#QUALITY']
zho,restaurant,R2211:S001,麵條的選用比一般麵店還要厚實有咀勁，很不錯吃。,1,['麵條'],3,"[[6.0, 5.5], [6.25, 5.5], [6.5, 5.75]]","['厚實', '很不錯', '有咀勁']",['FOOD#QUALITY']
zho,restaurant,R2215:S005,鴨肉的油脂適中肉質軟嫩非常美味。,1,['肉質'],2,"[[6.25, 5.75], [7.0, 6.5]]","['軟嫩', '非常美味']",['FOOD#QUALITY']
zho,restaurant,R2221:S005,牛筋滷得蠻入味的，值得推薦。,1,['牛筋滷'],2,"[[6.0, 5.75], [6.62, 6.38]]","['值得推薦', '蠻入味']",['FOOD#QUALITY']
zho,restaurant,R2227:S010,鹽水鴨沒什麼味道一般，價格偏貴。,1,['鹽水鴨'],2,"[[4.5, 4.5], [5.0, 5.0]]","['一般', '沒什麼味道']",['FOOD#QUALITY']
zho,restaurant,R2230:S012,餐點在水準內，中規中矩沒有很驚艷。,1,['餐點'],3,"[[5.0, 5.0], [5.5, 5.0]]","['中規中矩', '水準內', '沒有很驚艷']",['FOOD#PRICES']
zho,restaurant,R2232:S034,周圍放了一些薯泥或豆泥整個濕濕黏黏的吃起來不清爽。,1,['薯泥'],2,"[[4.17, 4.5], [4.33, 4.67]]","['不清爽', '濕濕黏黏']",['FOOD#QUALITY']
zho,restaurant,R2232:S034,周圍放了一些薯泥或豆泥整個濕濕黏黏的吃起來不清爽。,1,['豆泥'],2,"[[4.17, 4.5], [4.33, 4.67]]","['不清爽', '濕濕黏黏']",['FOOD#QUALITY']
zho,restaurant,R2233:S009,煙燻豬肋排，煙燻醬汁濃郁獨特。,1,['煙燻醬汁'],2,"[[6.0, 5.5], [6.12, 5.75]]","['濃郁', '獨特']",['FOOD#QUALITY']
zho,restaurant,R2233:S010,肉質屬於柴而不乾的，帶點青醬點綴吃完口齒留香。,1,['肉質'],2,"[[5.5, 5.0], [6.5, 6.0]]","['口齒留香', '柴而不乾']",['FOOD#QUALITY']
zho,restaurant,R2234:S019,算好吃的德國豬腳，但也不會讓人驚艷。,1,['德國豬腳'],2,"[[4.67, 5.33], [5.83, 5.67]]","['不會讓人驚艷', '算好吃']",['FOOD#QUALITY']
zho,restaurant,R2237:S020,最最重要的是餐點都很好吃，可以說是餐點物超所值。,1,['餐點'],2,"[[6.5, 6.25], [6.75, 6.25]]","['很好吃', '物超所值']",['FOOD#QUALITY']
zho,restaurant,R2238:S006,德國豬腳店員很推，豬腳外脆很香。,1,['豬腳'],2,"[[6.0, 5.5], [6.5, 6.0]]","['外脆', '很香']",['FOOD#QUALITY']
zho,restaurant,R2238:S010,店員也很推自製雞肉菠菜起司戒指麵，這個大推印象深刻。,1,['雞肉菠菜起司戒指麵'],2,"[[6.33, 6.17], [6.67, 6.33]]","['印象深刻', '大推']",['FOOD#QUALITY']
zho,restaurant,R2238:S012,吃起來像是水餃皮微厚但有彈性，搭配香濃的醬驚為天人第一次吃到這樣的創意料理。,1,['水餃皮'],2,"[[5.5, 5.0], [6.0, 5.5]]","['微厚', '有彈性']",['FOOD#QUALITY']
zho,restaurant,R2238:S012,吃起來像是水餃皮微厚但有彈性，搭配香濃的醬驚為天人第一次吃到這樣的創意料理。,1,['醬'],2,"[[6.0, 5.5], [7.5, 7.0]]","['香濃', '驚為天人']",['FOOD#QUALITY']
zho,restaurant,R2238:S025,墨西哥青醬炒板腱牛有點太油，但很香是好吃的人多的話可以一起吃。,1,['墨西哥青醬炒板腱牛'],3,"[[4.0, 6.0], [6.5, 5.75], [6.5, 6.5]]","['好吃', '很香', '有點太油']",['FOOD#QUALITY']
zho,restaurant,R2249:S012,鍋貼$110/8顆煎得很酥脆，內餡也有一些汁，非常好吃。,1,['鍋貼'],2,"[[6.25, 5.75], [7.0, 6.5]]","['很酥脆', '非常好吃']",['FOOD#QUALITY']
zho,restaurant,R2251:S039,餅皮很厲害豬肉片紮實有嚼勁。,1,['豬肉片'],2,"[[6.0, 5.75], [6.25, 6.0]]","['有嚼勁', '紮實']",['FOOD#QUALITY']
zho,restaurant,R2254:S012,甜烙餅好吃，夠甜夠味吃起來很香感受很棒。,1,['甜烙餅'],4,"[[6.0, 5.5], [6.25, 5.25], [6.25, 6.25], [6.5, 6.25]]","['夠甜夠味', '好吃', '很棒', '很香']",['FOOD#QUALITY']
zho,restaurant,R2270:S018,清燉雞肉湯味道鮮甜美味，加上類藥膳的養生溫熱溫暖了舌頭與身子。,1,['清燉雞肉湯味道'],2,"[[6.0, 5.33], [6.5, 5.67]]","['美味', '鮮甜']",['FOOD#QUALITY']
zho,restaurant,R2277:S003,炒水蓮不錯，脆脆的很好吃。,1,['炒水蓮'],3,"[[5.83, 5.5], [6.0, 5.5], [6.83, 6.33]]","['不錯', '很好吃', '脆脆的']",['FOOD#QUALITY']
zho,restaurant,R2279:S000,炒飯120元不便宜份量夠但鍋氣不足，非常失望。,1,['炒飯'],2,"[[2.0, 7.5], [4.5, 5.0]]","['不便宜', '非常失望']","['FOOD#PRICES', 'FOOD#QUALITY']"
zho,restaurant,R2304:S019,主食類反而有點差強人意，倒是有點可惜。,1,['主食類'],2,"[[4.67, 4.83], [4.83, 5.0]]","['有點可惜', '有點差強人意']",['FOOD#QUALITY']
zho,restaurant,R2305:S008,蒸餃皮是薄嫩彈牙一點也不軟爛。,1,['蒸餃皮'],2,"[[6.0, 6.0], [6.5, 6.0]]","['一點也不軟爛', '薄嫩彈牙']",['FOOD#QUALITY']
zho,restaurant,R2305:S012,湯頭算是清淡略顯無味，佐以烏醋及些許醬油提味之後好了一點。,1,['湯頭'],2,"[[5.0, 4.75], [5.5, 5.25]]","['清淡', '略顯無味']",['FOOD#QUALITY']
zho,restaurant,R2305:S014,榨菜味道不足較為可惜，這道榨菜肉絲麵本人不推薦點。,1,['榨菜味道'],2,"[[4.33, 5.33], [4.5, 4.33]]","['不足', '較為可惜']",['FOOD#QUALITY']
zho,restaurant,R2305:S022,蔥油餅吃起來厚實有餘但鬆軟不足，蔥量略少蔥香不足。,1,['蔥油餅'],2,"[[4.5, 4.5], [6.0, 6.0]]","['厚實有餘', '鬆軟不足']",['FOOD#QUALITY']
zho,restaurant,R2305:S036,鹵牛腱是很香但可能是在端上桌之前在小菜檯放了太久已經有點乾了。,1,['鹵牛腱'],2,"[[4.25, 6.0], [6.75, 6.0]]","['很香', '有點乾']",['FOOD#QUALITY']
zho,restaurant,R2305:S039,黃金泡菜跟市面上其他地方吃過的並無明顯亮點並不推薦。,1,['黃金泡菜'],2,"[[3.25, 5.25], [5.0, 4.5]]","['不推薦', '無明顯亮點']",['FOOD#QUALITY']
zho,restaurant,R2313:S010,餐點牛排不推超硬，戰斧豬排還行，火鍋就非常普通。,1,['牛排'],2,"[[3.25, 5.5], [3.25, 5.75]]","['不推', '超硬']",['FOOD#QUALITY']
zho,restaurant,R2321:S006,最愛薑黃起司牛奶鍋，真材實料很養生。,1,['薑黃起司牛奶鍋'],3,"[[6.25, 5.75], [6.5, 6.0], [7.5, 7.25]]","['很養生', '最愛', '真材實料']",['FOOD#QUALITY']
zho,restaurant,R2326:S005,櫻桃鴨要490元偏貴，擺盤尚可但吃起來都一般般。,1,['櫻桃鴨'],2,"[[4.25, 5.0], [4.75, 5.0]]","['一般般', '偏貴']","['FOOD#PRICES', 'FOOD#QUALITY']"
zho,restaurant,R2329:S009,初鹿鮮奶饅頭外酥內軟，表面灑上些許細糖粉，鮮奶味濃郁卻不膩口。,1,['鮮奶味'],2,"[[5.67, 5.33], [6.17, 5.83]]","['不膩口', '濃郁']",['FOOD#QUALITY']
zho,restaurant,R2334:S012,蛋燒軟絲送來已冷掉，唯一美中不足的。,1,['蛋燒軟絲'],2,"[[4.25, 5.38], [4.62, 5.5]]","['冷掉', '美中不足']",['FOOD#QUALITY']
zho,restaurant,R2372:S000,唐揚雞很大塊多汁外酥內嫩。,1,['唐揚雞'],3,"[[5.88, 5.5], [6.12, 5.75], [6.38, 6.0]]","['外酥內嫩', '多汁', '很大塊']","['FOOD#QUALITY', 'FOOD#STYLE_OPTIONS']"
zho,restaurant,R2372:S010,味增湯可以續有豆腐及類似炸豆皮的配料，喝起來順口不死鹹有點像隱然的味增湯。,1,['味增湯'],2,"[[5.62, 5.12], [5.88, 5.5]]","['不死鹹', '順口']",['FOOD#QUALITY']
zho,restaurant,R2378:S004,唐揚雞很大塊皮薄肉嫩可惜有一點腥。,1,['唐揚雞'],3,"[[5.0, 6.0], [6.5, 6.0]]","['可惜有一點腥', '很大塊', '皮薄肉嫩']","['FOOD#QUALITY', 'FOOD#STYLE_OPTIONS']"
zho,restaurant,R2378:S006,甜點粉圓湯很不錯不會太甜。,1,['甜點粉圓湯'],2,"[[5.67, 5.33], [6.0, 5.67]]","['不會太甜', '很不錯']",['FOOD#QUALITY']
zho,restaurant,R2385:S004,然後他的飯真的是敗筆，軟不Q但是又不到碎米就是一種不到爛但是又不及格的飯。,1,['飯'],4,"[[4.0, 4.75], [4.5, 4.0], [4.75, 4.25], [4.75, 4.75]]","['不Q', '不及格', '真的是敗筆', '軟']",['FOOD#QUALITY']
zho,restaurant,R2429:S018,牛筋量給非常多而且燉得極度軟爛，最喜歡這道。,1,['牛筋'],2,"[[6.88, 6.75], [7.5, 7.5]]","['最喜歡', '極度軟爛']",['FOOD#QUALITY']
zho,restaurant,R2429:S033,明太子雞腿串很讚歐明太子醬很濃，雞肉也沒有腥味所以很喜歡。,1,['雞肉'],2,"[[5.5, 4.75], [6.5, 6.5]]","['很喜歡', '沒有腥味']",['FOOD#QUALITY']
zho,restaurant,R2432:S008,烤杏鮑菇非常剛好，有醬香又不會太乾。,1,['烤杏鮑菇'],3,"[[5.75, 5.38], [5.88, 5.5], [6.12, 5.88]]","['不會太乾', '有醬香', '非常剛好']",['FOOD#QUALITY']
zho,restaurant,R2452:S018,砂鍋菜味道濃厚夠味並帶有辣勁好菜一道，重點是還可以免費加湯喔。,1,['砂鍋菜味道'],2,"[[5.88, 5.5], [5.88, 5.62]]","['有辣勁', '濃厚']",['FOOD#QUALITY']
zho,restaurant,R2459:S011,砂鍋基本的食料內容很豐富有豆腐豆皮白菜黑木耳等，每種食物都滷得入味非常爽口好吃。,1,['食物'],2,"[[6.5, 6.5], [7.0, 6.5]]","['滷得入味', '非常爽口好吃']",['FOOD#QUALITY']
zho,restaurant,R2470:S000,送上來的餐點是一點都不熱，滷肉飯也很難吃完全沒有入味。,1,['滷肉飯'],2,"[[3.12, 6.0], [3.88, 5.62]]","['全沒有入味', '很難吃']",['FOOD#QUALITY']
zho,restaurant,R2473:S016,招牌肉羹麵肉羹真材實料，不過肉羹偏軟就是了。,1,['肉羹'],2,"[[4.67, 5.17], [6.0, 5.83]]","['偏軟', '真材實料']",['FOOD#QUALITY']
zho,restaurant,R2473:S023,香蒜膠原豬皮蘊藏著豐富的膠質，豬皮滷的相當入味而且Q彈。,1,['豬皮'],2,"[[6.25, 5.75], [6.5, 6.0]]","['Q彈', '相當入味']",['FOOD#QUALITY']
zho,restaurant,R2473:S026,貢丸相當的脆而且有入味。,1,['貢丸'],2,"[[6.33, 5.83], [6.33, 6.0]]","['入味', '相當的脆']",['FOOD#QUALITY']
zho,restaurant,R2486:S009,水丸湯的水丸摻太多粉無肉感不好吃，湯頭沒有味道。,1,['水丸'],2,"[[4.0, 5.17], [4.5, 5.17]]","['不好吃', '無肉感']",['FOOD#QUALITY']
zho,restaurant,R2537:S012,煎虱目魚的口味就比較重一些油味也比較明顯，但肉質不錯有點脆脆的口感也很喜歡。,1,['口感'],2,"[[5.75, 5.25], [6.75, 6.0]]","['很喜歡', '脆脆的']",['FOOD#QUALITY']
zho,restaurant,R2538:S004,肉燥飯吃起來很油膩，別點。,1,['肉燥飯'],2,"[[3.0, 6.5], [3.5, 6.25]]","['別點', '很油膩']",['FOOD#QUALITY']
zho,restaurant,R2539:S003,煎魚肚魚皮那面稍嫌不夠酥脆感覺也可以再多抹一點鹽做調味，但還是很油很香很好吃。,1,['煎魚肚魚皮'],3,"[[5.0, 5.5], [6.25, 6.0], [6.75, 6.25]]","['很好吃', '很油很香', '稍嫌不夠酥脆']",['FOOD#QUALITY']
zho,restaurant,R2539:S005,魚皮湯更是極品，魚皮份量給的很多還附著很多肉，重點是很鮮甜。,1,['魚皮湯'],2,"[[6.5, 6.17], [7.33, 7.67]]","['很鮮甜', '更是極品']",['FOOD#QUALITY']
zho,restaurant,R2540:S010,虱目魚雖然香酥好吃，但吃得出是放了很多油半煎炸，吃到最後也就有點膩。,1,['虱目魚'],2,"[[4.33, 5.5], [6.5, 6.5]]","['有點膩', '香酥好吃']",['FOOD#QUALITY']
zho,restaurant,R2543:S012,魚腸部分比較失望的是煎太乾了，而且送來的時候是冷的。,1,['魚腸'],2,"[[4.75, 4.25], [4.75, 4.75]]","['冷的', '太乾']",['FOOD#QUALITY']
zho,restaurant,R2551:S016,寬粉煮透即撈，非常順口好吃。,1,['寬粉'],2,"[[6.5, 6.17], [6.67, 6.17]]","['好吃', '非常順口']",['FOOD#QUALITY']
zho,restaurant,R2553:S010,上面灑的豆酥太多而且很硬很難入口，白飯沒吃過這麼難吃的白飯。,1,['豆酥'],2,"[[3.0, 5.75], [3.25, 5.5]]","['很硬', '很難入口']",['FOOD#QUALITY']
zho,restaurant,R2554:S008,連最知名的烤鴨都令人失望，不沾甜麵醬真的一點味道都沒有難以入口。,1,['烤鴨'],3,"[[3.38, 5.75], [3.75, 5.5], [3.88, 5.62]]","['一點味道都沒有', '令人失望', '難以入口']",['FOOD#QUALITY']
zho,restaurant,R2555:S001,雖然味道與原本舊址有略微不同，但湯頭依然鮮甜濃郁越喝越順口。,1,['湯頭'],2,"[[5.75, 5.38], [6.25, 5.88]]","['順口', '鮮甜濃郁']",['FOOD#QUALITY']
zho,restaurant,R2556:S007,個人蠻喜歡什錦炒飯，裡面的料很多有魷魚肉絲蝦仁等等，吃起來不油膩味道很好吃。,1,['什錦炒飯'],2,"[[6.5, 6.0], [7.0, 6.0]]","['不油膩', '蠻喜歡']",['FOOD#QUALITY']
zho,restaurant,R2560:S004,後來招牌全鴨來的時候是冷的乾的不知道放了多久，沒吃過這麼難吃的北平烤鴨。,1,['招牌全鴨'],2,"[[4.67, 4.67], [4.67, 4.83]]","['乾的', '冷的']",['FOOD#QUALITY']
zho,restaurant,R2561:S000,麻婆豆腐不入味，五更腸旺不入味，京醬肉絲太甜有腥味。,1,['京醬肉絲'],2,"[[4.12, 5.38], [4.38, 5.38]]","['太甜', '有腥味']",['FOOD#QUALITY']
zho,restaurant,R2572:S009,三杯龍膽石斑一點點辣不錯吃也開胃。,1,['三杯龍膽石斑'],2,"[[6.0, 5.83], [6.17, 5.67]]","['不錯吃', '開胃']",['FOOD#QUALITY']
zho,restaurant,R2577:S012,廣式櫻桃鴨這道我覺得花生醬汁很莫名一點都沒加分，然後鴨肉乾柴都沒汁。,1,['花生醬汁'],2,"[[4.33, 5.83], [4.67, 5.67]]","['一點都沒加分', '很莫名']",['FOOD#QUALITY']
zho,restaurant,R2577:S012,廣式櫻桃鴨這道我覺得花生醬汁很莫名一點都沒加分，然後鴨肉乾柴都沒汁。,1,['鴨肉'],2,"[[4.33, 5.17], [4.67, 4.83]]","['乾柴', '都沒汁']",['FOOD#QUALITY']
zho,restaurant,R2579:S006,紅蟳就相當的好吃又新鮮。,1,['紅蟳'],2,"[[6.0, 5.5], [6.83, 6.5]]","['新鮮', '相當的好吃']",['FOOD#QUALITY']
zho,restaurant,R2580:S035,廣式炒飯裡面有很大的蝦仁，有肉有蝦米粒顆顆分明很優秀。,1,['米粒'],2,"[[6.33, 6.0], [6.5, 6.0]]","['很優秀', '顆顆分明']",['FOOD#QUALITY']
zho,restaurant,R2582:S014,熱茶好喝喝起來印象深刻，一壺份量不小。,1,['熱茶'],2,"[[6.0, 5.0], [6.0, 6.0]]","['印象深刻', '好喝']",['DRINKS#QUALITY']
zho,restaurant,R2590:S008,雖然是免費的蝦殼湯但很濃郁好喝。,1,['蝦殼湯'],2,"[[6.5, 6.0], [6.75, 6.0]]","['好喝', '很濃郁']",['FOOD#QUALITY']
zho,restaurant,R2591:S003,蝦仁有特別調味過大隻又好吃。,1,['蝦仁'],2,"[[5.75, 5.5], [6.25, 5.75]]","['大隻', '好吃']","['FOOD#QUALITY', 'FOOD#STYLE_OPTIONS']"
zho,restaurant,R2591:S008,松阪豚飯一樣有特別醃製過的松阪豚，鮮嫩好吃。,1,['松阪豚'],2,"[[6.0, 5.33], [6.5, 5.67]]","['好吃', '鮮嫩']",['FOOD#QUALITY']
zho,restaurant,R2597:S022,店家的自製辣油微辣具香氣，加在飯上有加分效果。,1,['辣油'],3,"[[5.5, 5.38], [5.88, 5.5]]","['具香氣', '加分', '微辣']",['FOOD#QUALITY']
zho,restaurant,R2597:S027,高湯爽口卻帶有濃厚蝦味，可加青蔥洋蔥更添口感及微嗆辣風味。,1,['高湯'],2,"[[5.88, 5.5], [6.12, 5.88]]","['濃厚蝦味', '爽口']",['FOOD#QUALITY']
zho,restaurant,R2599:S000,蝦仁炒飯(個人)$130因為期待值很高，對炒飯的飯本身有一點點失望，粒粒分明但沒有鍋氣。,1,['炒飯的飯'],3,"[[4.5, 4.5], [6.0, 6.0]]","['一點點失望', '沒有鍋氣', '粒粒分明']",['FOOD#QUALITY']
zho,restaurant,R2608:S004,下水湯湯頭濃郁，但喝到後面會覺得偏油。,1,['下水湯湯頭'],2,"[[4.25, 4.25], [6.0, 5.75]]","['偏油', '濃郁']",['FOOD#QUALITY']
zho,restaurant,R2610:S001,鴨肉有腥味，鴨肉很少大碗只是飯多。,1,['鴨肉'],2,"[[4.0, 5.5], [4.33, 5.17]]","['很少', '有腥味']","['FOOD#QUALITY', 'FOOD#STYLE_OPTIONS']"
zho,restaurant,R2613:S008,下水湯的內臟都煮的太老了，很硬不好咬。,1,['內臟'],2,"[[4.33, 5.0], [4.33, 5.17]]","['太老', '很硬不好咬']",['FOOD#QUALITY']
zho,restaurant,R2614:S005,濃厚的鴨油拌青菜，怎麼可能不好吃。,1,['鴨油拌青菜'],2,"[[6.0, 5.75], [6.5, 6.38]]","['怎麼可能不好吃', '濃厚']",['FOOD#QUALITY']
zho,restaurant,R2616:S019,鴨肉飯大40-我覺得鹹度剛好很下飯。,1,['鹹度'],2,"[[5.75, 5.0], [6.25, 5.75]]","['剛好', '很下飯']",['FOOD#QUALITY']
zho,restaurant,R2617:S011,一般的薑絲鴨湯偏油且普通，老湯可能有帶血所以鮮味有出來還不錯。,1,['薑絲鴨湯'],2,"[[4.17, 5.33], [5.0, 5.0]]","['偏油', '普通']",['FOOD#QUALITY']
zho,restaurant,R2617:S011,一般的薑絲鴨湯偏油且普通，老湯可能有帶血所以鮮味有出來還不錯。,1,['老湯'],2,"[[5.67, 5.33], [5.67, 5.5]]","['還不錯', '鮮味有出來']",['FOOD#QUALITY']
zho,restaurant,R2619:S010,鴨肉飯夠濕不難吃，味道尚可。,1,['鴨肉飯'],2,"[[5.33, 4.83], [5.67, 5.5]]","['不難吃', '夠濕']",['FOOD#QUALITY']
zho,restaurant,R2622:S000,鴨肉多汁不柴又沒什麼骨頭。,1,['鴨肉'],2,"[[5.5, 5.0], [6.25, 5.75]]","['不柴', '多汁']",['FOOD#QUALITY']
zho,restaurant,R2631:S005,至於碗粿有點可惜了，因為是已經製作好放在保麗龍裡所以上來的時候是冷的。,1,['碗粿'],2,"[[4.12, 5.38], [4.25, 5.25]]","['冷的', '有點可惜']",['FOOD#QUALITY']
zho,restaurant,R2647:S006,碗粿部分過於軟爛，Q度不足。,1,['碗粿'],2,"[[3.83, 5.67], [4.17, 5.5]]","['Q度不足', '過於軟爛']",['FOOD#QUALITY']
zho,restaurant,R2649:S018,熱水果茶較甜無澀味，有百香果小紅蕃茄及香瓜的果粒像果汁好喝。,1,['熱水果茶'],3,"[[5.25, 5.75], [5.5, 5.25], [6.5, 5.75]]","['好喝', '無澀味', '較甜']",['DRINKS#QUALITY']
zho,restaurant,R2652:S002,嫩肩牛排(7分熟)真的超級推，第一次吃的時候就愛上它。,1,['嫩肩牛排'],2,"[[6.75, 7.25], [7.25, 6.75]]","['愛上', '真的超級推']",['FOOD#QUALITY']
zho,restaurant,R2657:S007,點的是花雕雞套餐一般般的不難吃。,1,['花雕雞套餐'],2,"[[5.0, 5.0], [5.33, 4.83]]","['一般般', '不難吃']",['FOOD#QUALITY']
zho,restaurant,R2659:S006,麵包感覺是剛烤好的，非常軟嫩好吃。,1,['麵包'],2,"[[6.0, 5.62], [6.88, 6.88]]","['好吃', '非常軟嫩']",['FOOD#QUALITY']
zho,restaurant,R2665:S004,牛肉石鍋也不錯，很大碗料也多。,1,['牛肉石鍋'],2,"[[5.75, 5.5], [6.5, 6.5]]","['不錯', '很大碗']","['FOOD#QUALITY', 'FOOD#STYLE_OPTIONS']"
zho,restaurant,R2669:S009,很喜歡他們家的番茄鍋很濃郁很順口。,1,['番茄鍋'],3,"[[6.5, 6.33], [6.83, 6.5]]","['很喜歡', '很濃郁', '很順口']",['FOOD#QUALITY']
zho,restaurant,R2669:S011,搭配的薑黃飯也很好吃，隨附的麵包很香也很不錯。,1,['麵包'],2,"[[6.67, 6.0], [6.67, 6.17]]","['很不錯', '很香']",['FOOD#QUALITY']
zho,restaurant,R2671:S009,麵包確實風味獨特好吃。,1,['麵包'],2,"[[6.5, 5.5], [6.5, 6.0]]","['好吃', '風味獨特']",['FOOD#QUALITY']
zho,restaurant,R2690:S005,冰紅茶喝起來滿清爽不會苦澀。,1,['冰紅茶'],2,"[[5.67, 5.0], [6.17, 5.83]]","['不會苦澀', '滿清爽']",['DRINKS#QUALITY']
zho,restaurant,R2695:S012,Pizza屬薄片，起司味夠濃又有嚼勁很值得推薦。,1,['pizza'],3,"[[6.17, 5.83], [6.5, 6.17], [6.5, 6.67]]","['值得推薦', '有嚼勁', '起司味夠濃']",['FOOD#QUALITY']
zho,restaurant,R2699:S002,推薦金沙櫻桃鴨義大麵，奶香搭配蛋香非常美味。,1,['金沙櫻桃鴨義大麵'],2,"[[6.5, 5.67], [7.0, 6.67]]","['推薦', '非常美味']",['FOOD#QUALITY']
zho,restaurant,R2702:S008,雞肉本身沒味道吃起來也很柴。,1,['雞肉'],2,"[[4.5, 4.5], [4.75, 4.75]]","['很柴', '沒味道']",['FOOD#QUALITY']
zho,restaurant,R2710:S005,肉燥飯真的好吃必點!,1,['肉燥飯'],2,"[[6.75, 6.5], [7.0, 6.75]]","['必點', '真的好吃']",['FOOD#QUALITY']
zho,restaurant,R2718:S015,花生豆腐也不錯蠻有味道。,1,['花生豆腐'],2,"[[5.83, 5.5], [6.33, 5.83]]","['不錯', '蠻有味道']",['FOOD#QUALITY']
zho,restaurant,R2748:S008,招牌的蝦棗跟粉腸都還不錯真材實料。,1,['蝦棗'],2,"[[6.0, 5.67], [6.5, 6.0]]","['真材實料', '還不錯']",['FOOD#QUALITY']
zho,restaurant,R2748:S008,招牌的蝦棗跟粉腸都還不錯真材實料。,1,['粉腸'],2,"[[6.0, 5.67], [6.5, 6.0]]","['真材實料', '還不錯']",['FOOD#QUALITY']
zho,restaurant,R2749:S026,鹽水活蝦也是十分鮮甜的，不用配醬也是感受到滿滿的甜味。,1,['鹽水活蝦'],2,"[[6.33, 6.0], [6.5, 6.0]]","['十分鮮甜', '滿滿的甜味']",['FOOD#QUALITY']
zho,restaurant,R2749:S035,第一個是蟹肉蝦羹，羹湯很特別地濃而不膩且滑口。,1,['羹湯'],3,"[[5.62, 5.38], [5.88, 5.38], [6.5, 6.38]]","['不膩', '很特別地濃', '滑口']",['FOOD#QUALITY']
zho,restaurant,R2749:S051,米糕相較於同類型的食物油飯米糕等類來說，味道醇厚但並不油膩。,1,['米糕'],2,"[[5.5, 5.0], [6.25, 5.75]]","['不油膩', '味道醇厚']",['FOOD#QUALITY']
zho,restaurant,R2749:S058,布丁雖然味道不會到非常濃，但吃起來的焦糖香氣很足。,1,['布丁'],2,"[[4.5, 5.5], [6.5, 6.0]]","['不會到非常濃', '焦糖香氣很足']",['FOOD#QUALITY']
zho,restaurant,R2750:S002,豬肝卷越嚼越香，淡淡的豬肝香還有一點蒜香很迷人。,1,['豬肝卷'],2,"[[6.5, 6.17], [6.67, 6.17]]","['很迷人', '越嚼越香']",['FOOD#QUALITY']
zho,restaurant,R2750:S007,噚丸口感有點粉粉的，還有一些鮮甜香還可以。,1,['噚丸口感'],2,"[[4.38, 4.88], [5.5, 5.0]]","['有點粉粉的', '還可以']",['FOOD#QUALITY']
zho,restaurant,R2750:S010,烏魚子炒飯清爽，後面是烏魚子的鮮香好吃。,1,['烏魚子'],2,"[[6.0, 5.5], [6.5, 5.5]]","['好吃', '鮮香']",['FOOD#QUALITY']
zho,restaurant,R2750:S013,玉米雞肉質好，香甜帶肥很好吃。,1,['玉米雞肉質'],3,"[[5.75, 5.25], [6.5, 6.0], [7.0, 6.5]]","['好', '很好吃', '香甜帶肥']",['FOOD#QUALITY']
zho,restaurant,R2750:S016,蟹肉羹有點太甜了吧，還行。,1,['蟹肉羹'],2,"[[4.0, 6.0], [5.0, 5.0]]","['有點太甜', '還行']",['FOOD#QUALITY']
zho,restaurant,R2750:S022,桂花冬瓜檸檬先是桂花的香氣再來是冬瓜的香甜最後檸檬尾韻做結尾，很有層次很好喝。,1,['桂花冬瓜檸檬'],2,"[[6.25, 5.75], [6.75, 6.25]]","['很好喝', '很有層次']",['DRINKS#QUALITY']
zho,restaurant,R2750:S033,杏仁粉粿是亮點，好吃。,1,['杏仁粉粿'],2,"[[6.33, 6.17], [6.5, 5.67]]","['好吃', '是亮點']",['FOOD#QUALITY']
zho,restaurant,R2751:S002,菜是精緻好吃的，但比較缺乏驚艷感。,1,['菜'],2,"[[4.5, 5.5], [6.25, 6.75]]","['精緻好吃', '缺乏驚艷感']",['FOOD#QUALITY']
zho,restaurant,R2751:S005,鱔魚非常脆口新鮮。,1,['鱔魚'],2,"[[6.0, 5.62], [6.38, 6.25]]","['新鮮', '非常脆口']",['FOOD#QUALITY']
zho,restaurant,R2751:S008,避風塘蝦炸過頭，失去了蝦的甜味有點可惜。,1,['避風塘蝦'],2,"[[4.33, 4.83], [4.5, 5.33]]","['有點可惜', '炸過頭']",['FOOD#QUALITY']
zho,restaurant,R2753:S002,扁魚白菜比較一般，沒什麼記憶點。,1,['扁魚白菜'],2,"[[4.88, 5.38], [5.0, 5.38]]","['比較一般', '沒什麼記憶點']",['FOOD#QUALITY']
zho,restaurant,R2753:S004,避風塘金沙肋排意外的好吃，同桌友人大家都讚不絕口。,1,['避風塘金沙肋排'],2,"[[6.88, 6.62], [7.0, 7.0]]","['意外的好吃', '讚不絕口']",['FOOD#QUALITY']
zho,restaurant,R2756:S014,整個吃完表現最出色讓我最驚艷的一道菜，居然是虱目魚脆餅。,1,['虱目魚脆餅'],2,"[[6.88, 7.0], [7.0, 7.12]]","['最出色', '最驚艷']",['FOOD#QUALITY']
zho,restaurant,R2760:S008,砂鍋鴨鴨肉軟嫩，湯頭清爽超好喝。,1,['湯頭'],2,"[[6.25, 5.75], [7.0, 6.5]]","['清爽', '超好喝']",['FOOD#QUALITY']
zho,restaurant,R1567:S004,鮮奶茶不會太甜很不錯。,1,['鮮奶茶'],2,"[[5.5, 5.0], [6.0, 5.5]]","['不會太甜', '很不錯']",['DRINKS#QUALITY']
zho,restaurant,R1601:S001,味噌湯味道覺得鹹，沒什麼層次感。,1,['味噌湯味道'],2,"[[3.67, 5.5], [4.17, 5.33]]","['沒什麼層次感', '鹹']",['FOOD#QUALITY']
zho,restaurant,R1624:S017,佛跳牆湯底夠厚實但不混濁配料豐富。,1,['佛跳牆湯底'],2,"[[5.5, 5.0], [6.0, 5.25]]","['不混濁', '厚實']",['FOOD#QUALITY']
zho,restaurant,R1631:S004,漢堡肉咬下去都是筋超難咬。,1,['漢堡肉'],2,"[[3.33, 5.83], [3.67, 5.5]]","['超難咬', '都是筋']",['FOOD#QUALITY']
zho,restaurant,R3068:S004,三星蔥特別好吃，必須推薦。,1,['三星蔥'],2,"[[6.67, 6.67], [6.83, 6.83]]","['必須推薦', '特別好吃']",['FOOD#QUALITY']
zho,restaurant,R3069:S002,今菜都不錯但沒特別驚豔而且份量很少。,1,['菜'],2,"[[5.25, 5.0], [5.75, 5.5]]","['不錯', '沒特別驚豔']",['FOOD#QUALITY']
zho,restaurant,R3084:S001,菜色很豐富很精彩又好吃。,1,['菜色'],3,"[[6.0, 5.83], [6.5, 6.83], [6.67, 6.5]]","['好吃', '很精彩', '很豐富']","['FOOD#QUALITY', 'FOOD#STYLE_OPTIONS']"
zho,restaurant,R3085:S014,基本的白飯卻是好乾好硬。,1,['白飯'],2,"[[4.0, 5.38], [4.38, 5.38]]","['好乾', '好硬']",['FOOD#QUALITY']
zho,restaurant,R3085:S036,肋排就乾硬，難咬下去會卡牙縫。,1,['肋排'],2,"[[4.5, 4.5], [4.67, 4.67]]","['乾硬', '難咬']",['FOOD#QUALITY']
zho,restaurant,R3090:S005,櫻桃鴨握壽司最好吃也最驚艷的。,1,['櫻桃鴨握壽司'],2,"[[7.0, 7.0], [7.12, 7.5]]","['最好吃', '最驚艷']",['FOOD#QUALITY']
zho,restaurant,R3091:S011,芋頭西米露超濃郁很香，綠豆糕也好吃。,1,['芋頭西米露'],2,"[[6.5, 6.0], [6.67, 6.33]]","['很香', '超濃郁']",['FOOD#QUALITY']
zho,restaurant,R3099:S004,餐點油膩難吃價格昂貴。,1,['餐點'],2,"[[4.0, 5.17], [4.5, 5.0]]","['油膩', '難吃']",['FOOD#QUALITY']
zho,restaurant,R3099:S030,鴨餐油到令人傻眼，腸胃不夠強建議千萬別吃。,1,['鴨餐'],2,"[[3.75, 6.0], [3.75, 6.5]]","['令人傻眼', '千萬別吃']",['FOOD#QUALITY']
zho,restaurant,R3100:S004,湯品大概是整桌菜色的敗筆，油膩到喝一口就不想喝。,1,['湯品'],2,"[[4.17, 5.5], [4.67, 4.83]]","['敗筆', '油膩']",['FOOD#QUALITY']
zho,restaurant,R3102:S022,煲鴨湯很香很濃郁，我很喜歡。,1,['煲鴨湯'],3,"[[6.5, 5.5], [6.5, 6.0]]","['很喜歡', '很濃郁', '很香']",['FOOD#QUALITY']
zho,restaurant,R3109:S001,牛肉很多但有些部位比較柴。,1,['牛肉'],2,"[[4.75, 5.0], [6.0, 6.25]]","['很多', '比較柴']","['FOOD#QUALITY', 'FOOD#STYLE_OPTIONS']"
zho,restaurant,R3113:S004,牛肉每塊都超級大塊又有厚度。,1,['牛肉'],2,"[[6.12, 5.88], [6.25, 6.12]]","['有厚度', '超級大塊']",['FOOD#QUALITY']
zho,restaurant,R3131:S008,湯頭很棒非常鮮甜。,1,['湯頭'],2,"[[6.5, 6.0], [6.75, 6.5]]","['很棒', '非常鮮甜']",['FOOD#QUALITY']
zho,restaurant,R3141:S009,廣東粥真的好吃，不同於本島的口感大推。,1,['廣東粥'],2,"[[6.67, 6.67], [7.17, 7.17]]","['大推', '真的好吃']",['FOOD#QUALITY']
zho,restaurant,R3163:S002,生魚片很新鮮好吃是我喜歡的魚類，份量也不少。,1,['生魚片'],2,"[[6.33, 5.67], [6.67, 6.17]]","['好吃', '很新鮮']",['FOOD#QUALITY']
zho,restaurant,R3190:S007,調味的很剛好不會死鹹。,1,['調味'],2,"[[5.0, 5.0], [5.17, 5.17]]","['不會死鹹', '很剛好']",['FOOD#QUALITY']
zho,restaurant,R3190:S010,內用環境很乾淨，只是客人真的很多稍微吵雜了些。,1,['環境'],2,"[[4.25, 5.25], [6.25, 6.0]]","['很乾淨', '稍微吵雜了些']",['AMBIENCE#GENERAL']
zho,restaurant,R3191:S010,厲害的是炸雞等炸物不油。,1,['炸雞'],2,"[[5.62, 6.12], [6.62, 6.25]]","['不油', '厲害']",['FOOD#QUALITY']
zho,restaurant,R3198:S000,雞腿雞翅算好吃很多汁，應該是現炸的。,1,['雞腿'],2,"[[5.5, 5.5], [5.75, 5.5]]","['很多汁', '算好吃']",['FOOD#QUALITY']
zho,restaurant,R3198:S000,雞腿雞翅算好吃很多汁，應該是現炸的。,1,['雞翅'],2,"[[5.5, 5.5], [5.75, 5.5]]","['很多汁', '算好吃']",['FOOD#QUALITY']
zho,restaurant,R3199:S011,整體來說蠻好吃的會推薦也會再訪。,1,[None],3,"[[6.0, 5.5], [6.25, 5.75]]","['再訪', '推薦', '蠻好吃']","['FOOD#QUALITY', 'RESTAURANT#GENERAL']"
zho,restaurant,R3206:S012,肉質介於一般，還不到鮮嫩多汁但也不柴。,1,['肉質'],3,"[[3.5, 6.0], [5.0, 5.0], [5.5, 5.0]]","['一般', '不柴', '還不到鮮嫩多汁']",['FOOD#QUALITY']
zho,restaurant,R3207:S001,只是普通的台式炸雞，主要的賣點是便宜。,1,['台式炸雞'],2,"[[5.0, 5.0], [5.5, 5.17]]","['便宜', '普通']","['FOOD#PRICES', 'FOOD#QUALITY']"
zho,restaurant,R3210:S007,魚蛋沙拉蠻不錯但切片有點太大。,1,['魚蛋沙拉'],2,"[[4.67, 5.33], [5.83, 5.67]]","['有點太大', '蠻不錯']","['FOOD#QUALITY', 'FOOD#STYLE_OPTIONS']"
zho,restaurant,R3210:S012,上面的醬偏甜，吃到後面會有點膩。,1,['醬'],2,"[[4.25, 5.38], [4.5, 5.38]]","['偏甜', '有點膩']",['FOOD#QUALITY']
zho,restaurant,R3213:S009,魚肉還是很好吃，但感覺跟幾年前比還是薄了不少。,1,['魚肉'],2,"[[4.67, 5.67], [6.83, 6.33]]","['很好吃', '薄了不少']","['FOOD#QUALITY', 'FOOD#STYLE_OPTIONS']"
zho,restaurant,R3220:S002,醋飯給很多不過個人覺得太鹹太黏。,1,['醋飯'],3,"[[4.0, 6.0], [6.5, 6.0]]","['太鹹', '太黏', '很多']","['FOOD#QUALITY', 'FOOD#STYLE_OPTIONS']"
zho,restaurant,R3224:S024,鐵火卷是我覺得最雷的，感覺沒什麼料也沒啥鮮味。,1,['鐵火卷'],3,"[[4.5, 4.75], [4.75, 4.75]]","['最雷', '沒什麼料', '沒啥鮮味']","['FOOD#QUALITY', 'FOOD#STYLE_OPTIONS']"
zho,restaurant,R3225:S003,壽司的部分新鮮，新鮮就是好吃。,1,['壽司'],2,"[[6.5, 6.25], [6.75, 6.5]]","['好吃', '新鮮']",['FOOD#QUALITY']
zho,restaurant,R3230:S000,蝦仁蒸餃6個100元很好吃但有點貴。,1,['蝦仁蒸餃'],2,"[[4.67, 4.67], [7.0, 6.33]]","['很好吃', '有點貴']","['FOOD#PRICES', 'FOOD#QUALITY']"
zho,restaurant,R3230:S001,鮮肉蒸餃8個100元一樣好吃偏貴。,1,['鮮肉蒸餃'],2,"[[4.5, 4.75], [6.5, 6.25]]","['偏貴', '好吃']","['FOOD#PRICES', 'FOOD#QUALITY']"
zho,restaurant,R3230:S006,肥腸算多但吃起來一般般。,1,['肥腸'],2,"[[4.88, 5.0], [5.75, 5.12]]","['一般般', '算多']","['FOOD#QUALITY', 'FOOD#STYLE_OPTIONS']"
zho,restaurant,R3230:S009,豬血吃起來普通但售價太高不推薦。,1,['豬血'],2,"[[4.17, 5.17], [5.0, 4.83]]","['不推薦', '普通']",['FOOD#QUALITY']
zho,restaurant,R3232:S000,蝦蒸餃偏貴，吃不到多少蝦肉數量又偏少。,1,['蝦蒸餃'],2,"[[4.25, 5.12], [4.38, 4.88]]","['偏少', '偏貴']","['FOOD#PRICES', 'FOOD#STYLE_OPTIONS']"
zho,restaurant,R3232:S003,但鮮肉蒸餃很好吃數量也較多。,1,['鮮肉蒸餃'],2,"[[6.33, 5.83], [6.83, 6.33]]","['很好吃', '較多']","['FOOD#QUALITY', 'FOOD#STYLE_OPTIONS']"
zho,restaurant,R3232:S007,醬爆雞丁只能說很鹹沒什麼其他味道超不推薦。,1,['醬爆雞丁'],2,"[[3.17, 6.67], [3.83, 6.33]]","['很鹹', '超不推薦']",['FOOD#QUALITY']
zho,restaurant,R3234:S000,牛肉麵麵條普通，不會軟爛但吃起來不勁道。,1,['牛肉麵麵條'],3,"[[4.5, 4.5], [5.0, 5.0], [5.5, 5.5]]","['不勁道', '不會軟爛', '普通']",['FOOD#QUALITY']
zho,restaurant,R3236:S025,空間很大用餐不擁擠。,1,['空間'],2,"[[5.33, 5.0], [5.83, 5.5]]","['不擁擠', '很大']",['AMBIENCE#GENERAL']
zho,restaurant,R3238:S004,酸辣湯好喝，麵體有嚼勁不易爛。,1,['麵體'],2,"[[5.75, 5.25], [6.0, 5.5]]","['不易爛', '有嚼勁']",['FOOD#QUALITY']
zho,restaurant,R3243:S010,小菜豆干有入味但是太乾。,1,['豆干'],2,"[[4.25, 5.25], [6.0, 5.75]]","['太乾', '有入味']",['FOOD#QUALITY']
zho,restaurant,R3246:S004,我個人蠻喜歡這裡的蝦仁蛋炒飯，香味四溢且份量很夠。,1,['蝦仁蛋炒飯'],2,"[[6.0, 5.5], [6.25, 6.0]]","['蠻喜歡', '香味四溢']",['FOOD#QUALITY']
zho,restaurant,R3254:S002,這天吃到的餐點都很好吃每一道都喜歡。,1,['餐點'],2,"[[6.17, 5.83], [6.83, 6.33]]","['喜歡', '很好吃']",['FOOD#QUALITY']
zho,restaurant,R3258:S022,店家還提供兩種肥肉不一的肉，瘦肉很嫩很好吃。,1,['瘦肉'],2,"[[6.5, 6.0], [6.83, 6.33]]","['很好吃', '很嫩']",['FOOD#QUALITY']
zho,restaurant,R3259:S006,紅燒牛筋燉煮得恰到好處軟糯入味不失Q彈。,1,['紅燒牛筋'],2,"[[5.88, 5.5], [6.0, 5.75]]","['不失Q彈', '軟糯入味']",['FOOD#QUALITY']
zho,restaurant,R3262:S003,龍鳳雙拼屬於冷盤很夠味好吃。,1,['龍鳳雙拼'],2,"[[6.0, 5.25], [6.25, 5.75]]","['好吃', '很夠味']",['FOOD#QUALITY']
zho,restaurant,R3262:S006,大推紅燒牛筋，滿滿的膠質理的很恰當不會太軟也不會沒口感。,1,['紅燒牛筋'],3,"[[5.75, 5.25], [6.0, 5.5], [6.75, 7.5]]","['不會太軟', '不會沒口感', '大推']",['FOOD#QUALITY']
zho,restaurant,R3262:S009,牛雜湯味道淡了一些，沒什麼特色。,1,['牛雜湯味道'],2,"[[4.67, 5.17], [4.67, 5.33]]","['沒什麼特色', '淡了一些']",['FOOD#QUALITY']
zho,restaurant,R3264:S011,牛小排外酥內軟又去骨，真的是必點菜色。,1,['牛小排'],2,"[[6.38, 6.0], [6.88, 7.12]]","['外酥內軟', '必點']",['FOOD#QUALITY']
zho,restaurant,R3268:S034,龍蝦有點小隻小小失望，不過是新鮮好吃的。,1,['龍蝦'],3,"[[4.5, 4.5], [5.5, 5.0], [6.0, 5.0]]","['好吃', '新鮮', '有點小隻']",['FOOD#QUALITY']
zho,restaurant,R3270:S005,海膽沒什麼鮮甜卻透出苦味。,1,['海膽'],2,"[[3.5, 5.25], [3.75, 5.0]]","['沒什麼鮮甜', '透出苦味']",['FOOD#QUALITY']
zho,restaurant,R3271:S002,生海膽超甜完全沒腥味大推。,1,['生海膽'],3,"[[6.75, 6.25], [7.0, 7.25]]","['大推', '完全沒腥味', '超甜']",['FOOD#QUALITY']
zho,restaurant,R3273:S009,真的大推海膽炒飯，很好吃跟以往的味道完全不一樣。,1,['海膽炒飯'],2,"[[7.0, 6.33], [7.33, 7.17]]","['很好吃', '真的大推']",['FOOD#QUALITY']
zho,restaurant,R3274:S025,三點蟹肉質普通沒有味道。,1,['三點蟹肉質'],2,"[[4.5, 4.83], [5.0, 5.0]]","['普通', '沒有味道']",['FOOD#QUALITY']
zho,restaurant,R3278:S006,阿華沒有不好吃但也不驚豔。,1,['阿華'],2,"[[4.88, 5.12], [5.38, 5.12]]","['不驚豔', '沒有不好吃']",['RESTAURANT#GENERAL']
zho,restaurant,R3278:S009,海膽炒飯過濕也沒有海膽味。,1,['海膽炒飯'],2,"[[4.0, 5.38], [4.12, 5.62]]","['沒有海膽味', '過濕']",['FOOD#QUALITY']
zho,restaurant,R3278:S010,魚有點老而且柴。,1,['魚'],2,"[[4.5, 4.83], [4.67, 4.67]]","['有點老', '柴']",['FOOD#QUALITY']
zho,restaurant,R3296:S004,這裡的東西很新鮮很好吃，以清蒸方式保留了食材最原始的味道。,1,[None],2,"[[6.67, 6.0], [7.0, 6.5]]","['很好吃', '很新鮮']",['FOOD#QUALITY']
zho,restaurant,R3297:S002,店員的服務態度都很好非常親切。,1,['店員的服務態度'],2,"[[6.25, 5.75], [6.75, 6.25]]","['很好', '非常親切']",['SERVICE#GENERAL']
zho,restaurant,R3299:S003,以7~800元澎湖的基本消費來說食材並不多並不超值。,1,['食材'],2,"[[4.25, 4.5], [4.75, 4.75]]","['不多', '不超值']","['FOOD#STYLE_OPTIONS', 'RESTAURANT#PRICES']"
zho,restaurant,R3302:S011,唯一小小的敗筆是牛肉咬不斷吞不下去。,1,['牛肉'],3,"[[4.12, 5.5], [4.25, 5.0], [4.75, 5.25]]","['吞不下去', '咬不斷', '唯一小小的敗筆']",['FOOD#QUALITY']
zho,restaurant,R3317:S012,唯獨鵝肝一上桌就滿滿腥味，實在吃不下去。,1,['鵝肝'],2,"[[2.88, 5.5], [3.0, 5.88]]","['吃不下去', '滿滿腥味']",['FOOD#QUALITY']
zho,restaurant,R3318:S000,鵝肉好吃份量足夠，小孩也讚不絕口吃到停不下來。,1,['鵝肉'],2,"[[6.5, 5.75], [6.75, 7.0]]","['好吃', '讚不絕口']",['FOOD#QUALITY']
zho,restaurant,R3320:S008,米血不會太軟，搭上特製醬汁好吃，但份量真的太少了。,1,['米血'],2,"[[5.5, 5.5], [6.0, 5.0]]","['不會太軟', '好吃']",['FOOD#QUALITY']
zho,restaurant,R3322:S005,鵝肝不錯，原本以為肝臟類都有腥味但這個並沒有腥味。,1,['鵝肝'],2,"[[5.62, 5.12], [5.75, 5.5]]","['不錯', '沒有腥味']",['FOOD#QUALITY']
zho,restaurant,R1955:S004,炸雞皮很脆以為會很乾但超多汁的，而且肉很嫩很香。,1,['炸雞皮'],2,"[[6.33, 5.83], [6.67, 6.17]]","['很脆', '超多汁']",['FOOD#QUALITY']
zho,restaurant,R1955:S004,炸雞皮很脆以為會很乾但超多汁的，而且肉很嫩很香。,1,['肉'],2,"[[6.33, 6.17], [6.5, 6.0]]","['很嫩', '很香']",['FOOD#QUALITY']
zho,restaurant,R1759:S003,紅棗醉雞肉很乾偏柴。,1,['紅棗醉雞肉'],2,"[[4.25, 5.0], [4.25, 5.38]]","['偏柴', '很乾']",['FOOD#QUALITY']
zho,restaurant,R1769:S015,生魚片很新鮮好吃。,1,['生魚片'],2,"[[6.0, 5.75], [6.25, 5.75]]","['好吃', '很新鮮']",['FOOD#QUALITY']
zho,restaurant,R1781:S001,生魚片很新鮮有一流水準。,1,['生魚片'],2,"[[6.17, 5.67], [6.83, 6.33]]","['很新鮮', '有一流水準']",['FOOD#QUALITY']
zho,restaurant,R1958:S007,炸雞非常酥脆且帶汁，不太吃炸物的我都有點難以抗拒。,1,['炸雞'],2,"[[6.5, 6.5], [6.67, 6.17]]","['有點難以抗拒', '非常酥脆']",['FOOD#QUALITY']
zho,restaurant,R1960:S004,餅皮我覺得蠻好吃的不會太乾。,1,['餅皮'],2,"[[5.5, 4.75], [6.25, 5.75]]","['不會太乾', '蠻好吃']",['FOOD#QUALITY']
zho,restaurant,R1962:S005,肉鮮嫩多汁非常好吃，調味也很恰到好處。,1,['肉'],2,"[[6.5, 6.0], [7.0, 6.5]]","['非常好吃', '鮮嫩多汁']",['FOOD#QUALITY']
zho,restaurant,R1970:S014,鳳梨蝦球這道不油吃起來蠻不錯。,1,['鳳梨蝦球'],2,"[[5.5, 4.83], [6.17, 5.83]]","['不油', '蠻不錯']",['FOOD#QUALITY']
zho,restaurant,R1970:S016,炒牛肉還有金針菇是好吃也不會過鹹。,1,['炒牛肉'],2,"[[5.67, 5.0], [6.5, 5.67]]","['不會過鹹', '好吃']",['FOOD#QUALITY']
zho,restaurant,R1970:S016,炒牛肉還有金針菇是好吃也不會過鹹。,1,['金針菇'],2,"[[5.67, 5.0], [6.5, 5.67]]","['不會過鹹', '好吃']",['FOOD#QUALITY']
zho,restaurant,R1970:S031,豆腐雖然不錯，可是覺得點這道很不划算。,1,['豆腐'],2,"[[4.0, 5.75], [6.5, 6.0]]","['不錯', '很不划算']","['FOOD#PRICES', 'FOOD#QUALITY']"
zho,restaurant,R1979:S018,然後脆皮雞一定要點，真的超級脆而且可以完全不用沾調料。,1,['脆皮雞'],2,"[[6.75, 6.5], [7.0, 6.75]]","['一定要點', '真的超級脆']",['FOOD#QUALITY']
zho,restaurant,R1982:S019,獅子頭很驚人的大顆，一鍋有四顆，鬆軟多汁很到位的口感。,1,['獅子頭'],2,"[[6.12, 5.75], [6.5, 6.38]]","['很驚人的大顆', '鬆軟多汁']","['FOOD#QUALITY', 'FOOD#STYLE_OPTIONS']"
zho,restaurant,R1987:S003,建議脆皮雞一定要點，皮很脆很好吃。,1,['皮'],2,"[[6.5, 6.0], [6.83, 6.5]]","['很好吃', '很脆']",['FOOD#QUALITY']
zho,restaurant,R1993:S008,香蒜麵包沒得選，有點硬但還可以。,1,['香蒜麵包'],2,"[[4.25, 4.5], [5.0, 5.0]]","['有點硬', '還可以']",['FOOD#QUALITY']
zho,restaurant,R1993:S011,主餐部分肉吃起來就普普沒有特別好吃。,1,['肉'],2,"[[5.0, 5.12], [5.12, 5.12]]","['普普', '沒有特別好吃']",['FOOD#QUALITY']
zho,restaurant,R1998:S006,但鱈魚跟花枝蠻好吃的而且又新鮮。,1,['鱈魚'],2,"[[5.75, 5.25], [6.25, 6.0]]","['新鮮', '蠻好吃']",['FOOD#QUALITY']
zho,restaurant,R1998:S006,但鱈魚跟花枝蠻好吃的而且又新鮮。,1,['花枝'],2,"[[5.75, 5.25], [6.25, 6.0]]","['新鮮', '蠻好吃']",['FOOD#QUALITY']
zho,restaurant,R2002:S008,小蛋糕充滿科技味，香精味道吃了非常膩還會反胃。,1,['小蛋糕'],2,"[[2.5, 4.5], [3.0, 4.0]]","['反胃', '非常膩']",['FOOD#QUALITY']
zho,restaurant,R2011:S005,米粉很特別，吃了不會讓人有耶到感還不錯。,1,['米粉'],2,"[[6.17, 5.67], [6.5, 6.0]]","['很特別', '還不錯']",['FOOD#QUALITY']
zho,restaurant,R2013:S008,肉片略柴，餛飩乾板條不錯但沒什麼記憶點。,1,['餛飩乾板條'],2,"[[5.0, 5.5], [6.0, 5.5]]","['不錯', '沒什麼記憶點']",['FOOD#QUALITY']
zho,restaurant,R2014:S009,豬頭肉湯就一般較沒特色。,1,['豬頭肉湯'],2,"[[4.5, 5.25], [5.0, 5.0]]","['一般', '較沒特色']",['FOOD#QUALITY']
zho,restaurant,R2019:S004,板條炒的很好吃只是有點鹹。,1,['板條'],2,"[[4.75, 5.5], [6.75, 6.5]]","['很好吃', '有點鹹']",['FOOD#QUALITY']
zho,restaurant,R2020:S009,滷味也很好吃調味適中不會過鹹。,1,['調味'],2,"[[5.33, 5.0], [5.67, 5.0]]","['不會過鹹', '適中']",['FOOD#QUALITY']
zho,restaurant,R2026:S017,這間餐廳真的不推薦，下次不會去了。,1,['餐廳'],2,"[[3.5, 5.67], [3.5, 6.0]]","['下次不會去', '真的不推薦']",['RESTAURANT#GENERAL']
zho,restaurant,R2045:S000,第一次到訪，肉品溫體台灣牛新鮮，但真的太厚有點像吃肉排。,1,['溫體台灣牛'],2,"[[4.5, 5.25], [5.88, 5.5]]","['新鮮', '真的太厚']","['FOOD#QUALITY', 'FOOD#STYLE_OPTIONS']"
zho,restaurant,R2046:S004,每種肉都超好吃有夠嫩。,1,['肉'],2,"[[6.5, 6.0], [7.0, 6.5]]","['有夠嫩', '超好吃']",['FOOD#QUALITY']
zho,restaurant,R2046:S007,菜盤的量不多，吃完會有點空虛。,1,['菜盤的量'],2,"[[4.25, 5.25], [4.5, 5.0]]","['不多', '有點空虛']",['FOOD#STYLE_OPTIONS']
zho,restaurant,R2048:S013,蚵仔湯內也有好多大顆的蚵仔，喝的超滿足的啦。,1,['蚵仔'],2,"[[6.0, 5.5], [6.25, 5.75]]","['大顆', '好多']",['FOOD#STYLE_OPTIONS']
zho,restaurant,R2051:S004,咖哩炒麵裡面的肉條也很不錯喔，不會乾柴喲。,1,['肉條'],2,"[[5.5, 5.0], [6.25, 5.75]]","['不會乾柴', '很不錯']",['FOOD#QUALITY']
zho,restaurant,R2057:S000,來到基隆廟口夜市必吃，個人認為是全台最強的咖哩炒麵。,1,['咖哩炒麵'],2,"[[7.0, 6.83], [7.83, 7.83]]","['全台最強', '必吃']",['FOOD#QUALITY']
zho,restaurant,R2062:S015,蚵仔味美且又大顆。,1,['蚵仔'],2,"[[5.83, 5.33], [6.5, 5.83]]","['味美', '大顆']","['FOOD#QUALITY', 'FOOD#STYLE_OPTIONS']"
zho,restaurant,R2064:S007,配料不是特別多但都有新鮮。,1,['配料'],2,"[[4.5, 5.0], [5.5, 5.25]]","['不是特別多', '新鮮']","['FOOD#QUALITY', 'FOOD#STYLE_OPTIONS']"
zho,restaurant,R2065:S041,蚵仔湯配料豐富，湯頭略鹹但鮮。,1,['湯頭'],2,"[[4.5, 4.5], [5.5, 5.5]]","['略鹹', '鮮']",['FOOD#QUALITY']
zho,restaurant,R2068:S010,牛肉球還不錯，雖然也是偏鹹一點點但還算好吃。,1,['牛肉球'],3,"[[4.5, 4.17], [5.5, 5.17], [5.67, 5.5]]","['偏鹹一點點', '還不錯', '還算好吃']",['FOOD#QUALITY']
zho,restaurant,R2068:S012,蘿蔔糕中規中矩算是偏好吃的。,1,['蘿蔔糕'],2,"[[5.0, 5.0], [5.5, 5.25]]","['中規中矩', '算是偏好吃']",['FOOD#QUALITY']
zho,restaurant,R2069:S012,奶油焗海鮮白菜很好吃喜歡起司的人不能錯過。,1,['奶油焗海鮮白菜'],2,"[[6.83, 6.33], [7.0, 6.33]]","['不能錯過', '很好吃']",['FOOD#QUALITY']
zho,restaurant,R2069:S017,港式蘿蔔糕來港式飲茶一定會點，中規中矩也是不錯。,1,['港式蘿蔔糕'],2,"[[5.0, 5.0], [5.75, 5.38]]","['不錯', '中規中矩']",['FOOD#QUALITY']
zho,restaurant,R2071:S015,特調奶茶有夠難喝不要點，喝起來就是奶精味很明顯的奶茶。,1,['特調奶茶'],2,"[[3.0, 6.83], [3.5, 6.0]]","['不要點', '有夠難喝']",['DRINKS#QUALITY']
zho,restaurant,R2072:S009,奶酪我覺得還不錯，但朋友不喜歡。,1,['奶酪'],2,"[[3.62, 5.25], [5.75, 5.5]]","['不喜歡', '還不錯']",['FOOD#QUALITY']
zho,restaurant,R2073:S020,雞肉非常多汁爽口且彈牙完全不會乾。,1,['雞肉'],4,"[[6.25, 5.75], [6.25, 6.0], [6.5, 6.0]]","['完全不會乾', '彈牙', '爽口', '非常多汁']",['FOOD#QUALITY']
zho,restaurant,R2077:S013,蝦肉咬落去彈牙很新鮮。,1,['蝦肉'],2,"[[6.0, 5.5], [6.5, 6.38]]","['彈牙', '很新鮮']",['FOOD#QUALITY']
zho,restaurant,R2078:S011,荷葉包雞像極了肉粽好吃，但不用特別點。,1,['荷葉包雞'],2,"[[4.83, 5.0], [5.67, 5.5]]","['不用特別點', '好吃']",['FOOD#QUALITY']
zho,restaurant,R2080:S011,服務生超棒非常貼心，還主動提出願意幫我們照相。,1,['服務生'],2,"[[6.38, 6.12], [6.38, 6.62]]","['超棒', '非常貼心']",['SERVICE#GENERAL']
zho,restaurant,R2085:S000,今天點了牛雜蘿蔔煲微辣超夠味很好吃，份量蠻多的。,1,['牛雜蘿蔔煲'],2,"[[6.83, 6.67], [7.0, 6.5]]","['很好吃', '超夠味']",['FOOD#QUALITY']
